# 6144 facets of the lifted triangulation on the finite torus cover, vertex ids as above
0,1,5,17,85
0,1,5,17,193
0,1,5,49,65
0,1,5,49,245
0,1,5,65,85
0,1,5,193,245
0,1,12,17,92
0,1,12,17,204
0,1,12,49,76
0,1,12,49,252
0,1,12,76,92
0,1,12,204,252
0,1,17,81,85
0,1,17,81,92
0,1,17,193,204
0,1,49,65,76
0,1,49,241,245
0,1,49,241,252
0,1,65,76,81
0,1,65,81,85
0,1,76,81,92
0,1,193,204,241
0,1,193,241,245
0,1,204,241,252
0,3,4,19,84
0,3,4,19,196
0,3,4,51,68
0,3,4,51,244
0,3,4,68,84
0,3,4,196,244
0,3,15,19,95
0,3,15,19,195
0,3,15,51,67
0,3,15,51,255
0,3,15,67,95
0,3,15,195,255
0,3,19,83,84
0,3,19,83,95
0,3,19,195,196
0,3,51,67,68
0,3,51,243,244
0,3,51,243,255
0,3,67,68,83
0,3,67,83,95
0,3,68,83,84
0,3,195,196,243
0,3,195,243,255
0,3,196,243,244
0,4,5,21,85
0,4,5,21,196
0,4,5,53,68
0,4,5,53,245
0,4,5,68,85
0,4,5,196,245
0,4,19,20,84
0,4,19,20,196
0,4,20,21,85
0,4,20,21,196
0,4,20,84,85
0,4,51,52,68
0,4,51,52,244
0,4,52,53,68
0,4,52,53,245
0,4,52,244,245
0,4,68,84,85
0,4,196,244,245
0,5,17,21,85
0,5,17,21,197
0,5,17,193,197
0,5,21,196,197
0,5,49,53,69
0,5,49,53,245
0,5,49,65,69
0,5,53,68,69
0,5,65,69,85
0,5,68,69,85
0,5,193,197,245
0,5,196,197,245
0,12,15,31,95
0,12,15,31,204
0,12,15,63,76
0,12,15,63,255
0,12,15,76,95
0,12,15,204,255
0,12,17,28,92
0,12,17,28,204
0,12,28,31,95
0,12,28,31,204
0,12,28,92,95
0,12,49,60,76
0,12,49,60,252
0,12,60,63,76
0,12,60,63,255
0,12,60,252,255
0,12,76,92,95
0,12,204,252,255
0,15,19,31,95
0,15,19,31,207
0,15,19,195,207
0,15,31,204,207
0,15,51,63,79
0,15,51,63,255
0,15,51,67,79
0,15,63,76,79
0,15,67,79,95
0,15,76,79,95
0,15,195,207,255
0,15,204,207,255
0,16,17,21,85
0,16,17,21,197
0,16,17,28,80
0,16,17,28,204
0,16,17,80,85
0,16,17,192,197
0,16,17,192,204
0,16,19,20,80
0,16,19,20,196
0,16,19,31,95
0,16,19,31,207
0,16,19,80,95
0,16,19,192,196
0,16,19,192,207
0,16,20,21,85
0,16,20,21,196
0,16,20,80,85
0,16,21,196,197
0,16,28,31,95
0,16,28,31,204
0,16,28,80,95
0,16,31,204,207
0,16,192,196,197
0,16,192,204,207
0,17,28,80,92
0,17,80,81,85
0,17,80,81,92
0,17,192,193,197
0,17,192,193,204
0,19,20,80,84
0,19,80,83,84
0,19,80,83,95
0,19,192,195,196
0,19,192,195,207
0,20,80,84,85
0,28,80,92,95
0,48,49,53,69
0,48,49,53,245
0,48,49,60,76
0,48,49,60,240
0,48,49,64,69
0,48,49,64,76
0,48,49,240,245
0,48,51,52,68
0,48,51,52,240
0,48,51,63,79
0,48,51,63,255
0,48,51,64,68
0,48,51,64,79
0,48,51,240,255
0,48,52,53,68
0,48,52,53,245
0,48,52,240,245
0,48,53,68,69
0,48,60,63,76
0,48,60,63,255
0,48,60,240,255
0,48,63,76,79
0,48,64,68,69
0,48,64,76,79
0,49,60,240,252
0,49,64,65,69
0,49,64,65,76
0,49,240,241,245
0,49,240,241,252
0,51,52,240,244
0,51,64,67,68
0,51,64,67,79
0,51,240,243,244
0,51,240,243,255
0,52,240,244,245
0,60,240,252,255
0,64,65,69,85
0,64,65,76,81
0,64,65,81,85
0,64,67,68,83
0,64,67,79,95
0,64,67,83,95
0,64,68,69,85
0,64,68,80,83
0,64,68,80,85
0,64,76,79,95
0,64,76,80,81
0,64,76,80,95
0,64,80,81,85
0,64,80,83,95
0,68,80,83,84
0,68,80,84,85
0,76,80,81,92
0,76,80,92,95
0,192,193,197,245
0,192,193,204,241
0,192,193,241,245
0,192,195,196,243
0,192,195,207,255
0,192,195,243,255
0,192,196,197,245
0,192,196,240,243
0,192,196,240,245
0,192,204,207,255
0,192,204,240,241
0,192,204,240,255
0,192,240,241,245
0,192,240,243,255
0,196,240,243,244
0,196,240,244,245
0,204,240,241,252
0,204,240,252,255
1,2,6,17,86
1,2,6,17,198
1,2,6,49,70
1,2,6,49,246
1,2,6,70,86
1,2,6,198,246
1,2,13,17,93
1,2,13,17,193
1,2,13,49,65
1,2,13,49,253
1,2,13,65,93
1,2,13,193,253
1,2,17,81,86
1,2,17,81,93
1,2,17,193,198
1,2,49,65,70
1,2,49,241,246
1,2,49,241,253
1,2,65,70,81
1,2,65,81,93
1,2,70,81,86
1,2,193,198,241
1,2,193,241,253
1,2,198,241,246
1,5,6,17,85
1,5,6,17,198
1,5,6,49,70
1,5,6,49,245
1,5,6,70,85
1,5,6,198,245
1,5,17,193,198
1,5,49,65,70
1,5,65,70,85
1,5,193,198,245
1,6,17,85,86
1,6,49,245,246
1,6,70,85,86
1,6,198,245,246
1,12,13,17,93
1,12,13,17,204
1,12,13,49,76
1,12,13,49,253
1,12,13,76,93
1,12,13,204,253
1,12,17,92,93
1,12,49,252,253
1,12,76,92,93
1,12,204,252,253
1,13,17,193,204
1,13,49,65,76
1,13,65,76,93
1,13,193,204,253
1,17,81,85,86
1,17,81,92,93
1,49,241,245,246
1,49,241,252,253
1,65,70,81,85
1,65,76,81,93
1,70,81,85,86
1,76,81,92,93
1,193,198,241,245
1,193,204,241,253
1,198,241,245,246
1,204,241,252,253
2,3,7,19,87
2,3,7,19,195
2,3,7,51,67
2,3,7,51,247
2,3,7,67,87
2,3,7,195,247
2,3,14,19,94
2,3,14,19,206
2,3,14,51,78
2,3,14,51,254
2,3,14,78,94
2,3,14,206,254
2,3,19,83,87
2,3,19,83,94
2,3,19,195,206
2,3,51,67,78
2,3,51,243,247
2,3,51,243,254
2,3,67,78,83
2,3,67,83,87
2,3,78,83,94
2,3,195,206,243
2,3,195,243,247
2,3,206,243,254
2,6,7,23,87
2,6,7,23,198
2,6,7,55,70
2,6,7,55,247
2,6,7,70,87
2,6,7,198,247
2,6,17,22,86
2,6,17,22,198
2,6,22,23,87
2,6,22,23,198
2,6,22,86,87
2,6,49,54,70
2,6,49,54,246
2,6,54,55,70
2,6,54,55,247
2,6,54,246,247
2,6,70,86,87
2,6,198,246,247
2,7,19,23,87
2,7,19,23,199
2,7,19,195,199
2,7,23,198,199
2,7,51,55,71
2,7,51,55,247
2,7,51,67,71
2,7,55,70,71
2,7,67,71,87
2,7,70,71,87
2,7,195,199,247
2,7,198,199,247
2,13,14,29,93
2,13,14,29,206
2,13,14,61,78
2,13,14,61,253
2,13,14,78,93
2,13,14,206,253
2,13,17,29,93
2,13,17,29,205
2,13,17,193,205
2,13,29,205,206
2,13,49,61,77
2,13,49,61,253
2,13,49,65,77
2,13,61,77,78
2,13,65,77,93
2,13,77,78,93
2,13,193,205,253
2,13,205,206,253
2,14,19,30,94
2,14,19,30,206
2,14,29,30,93
2,14,29,30,206
2,14,30,93,94
2,14,51,62,78
2,14,51,62,254
2,14,61,62,78
2,14,61,62,253
2,14,62,253,254
2,14,78,93,94
2,14,206,253,254
2,17,18,22,82
2,17,18,22,198
2,17,18,29,93
2,17,18,29,205
2,17,18,82,93
2,17,18,194,198
2,17,18,194,205
2,17,22,82,86
2,17,81,82,86
2,17,81,82,93
2,17,193,194,198
2,17,193,194,205
2,18,19,23,87
2,18,19,23,199
2,18,19,30,82
2,18,19,30,206
2,18,19,82,87
2,18,19,194,199
2,18,19,194,206
2,18,22,23,87
2,18,22,23,198
2,18,22,82,87
2,18,23,198,199
2,18,29,30,93
2,18,29,30,206
2,18,29,205,206
2,18,30,82,93
2,18,194,198,199
2,18,194,205,206
2,19,30,82,94
2,19,82,83,87
2,19,82,83,94
2,19,194,195,199
2,19,194,195,206
2,22,82,86,87
2,30,82,93,94
2,49,50,54,70
2,49,50,54,242
2,49,50,61,77
2,49,50,61,253
2,49,50,66,70
2,49,50,66,77
2,49,50,242,253
2,49,54,242,246
2,49,65,66,70
2,49,65,66,77
2,49,241,242,246
2,49,241,242,253
2,50,51,55,71
2,50,51,55,247
2,50,51,62,78
2,50,51,62,242
2,50,51,66,71
2,50,51,66,78
2,50,51,242,247
2,50,54,55,70
2,50,54,55,247
2,50,54,242,247
2,50,55,70,71
2,50,61,62,78
2,50,61,62,253
2,50,61,77,78
2,50,62,242,253
2,50,66,70,71
2,50,66,77,78
2,51,62,242,254
2,51,66,67,71
2,51,66,67,78
2,51,242,243,247
2,51,242,243,254
2,54,242,246,247
2,62,242,253,254
2,65,66,70,81
2,65,66,77,93
2,65,66,81,93
2,66,67,71,87
2,66,67,78,83
2,66,67,83,87
2,66,70,71,87
2,66,70,81,82
2,66,70,82,87
2,66,77,78,93
2,66,78,82,83
2,66,78,82,93
2,66,81,82,93
2,66,82,83,87
2,70,81,82,86
2,70,82,86,87
2,78,82,83,94
2,78,82,93,94
2,193,194,198,241
2,193,194,205,253
2,193,194,241,253
2,194,195,199,247
2,194,195,206,243
2,194,195,243,247
2,194,198,199,247
2,194,198,241,242
2,194,198,242,247
2,194,205,206,253
2,194,206,242,243
2,194,206,242,253
2,194,241,242,253
2,194,242,243,247
2,198,241,242,246
2,198,242,246,247
2,206,242,243,254
2,206,242,253,254
3,4,7,19,87
3,4,7,19,196
3,4,7,51,68
3,4,7,51,247
3,4,7,68,87
3,4,7,196,247
3,4,19,84,87
3,4,51,244,247
3,4,68,84,87
3,4,196,244,247
3,7,19,195,196
3,7,51,67,68
3,7,67,68,87
3,7,195,196,247
3,14,15,19,95
3,14,15,19,206
3,14,15,51,78
3,14,15,51,255
3,14,15,78,95
3,14,15,206,255
3,14,19,94,95
3,14,51,254,255
3,14,78,94,95
3,14,206,254,255
3,15,19,195,206
3,15,51,67,78
3,15,67,78,95
3,15,195,206,255
3,19,83,84,87
3,19,83,94,95
3,51,243,244,247
3,51,243,254,255
3,67,68,83,87
3,67,78,83,95
3,68,83,84,87
3,78,83,94,95
3,195,196,243,247
3,195,206,243,255
3,196,243,244,247
3,206,243,254,255
4,5,9,25,85
4,5,9,25,196
4,5,9,57,68
4,5,9,57,245
4,5,9,68,85
4,5,9,196,245
4,5,21,25,85
4,5,21,25,196
4,5,53,57,68
4,5,53,57,245
4,7,8,23,87
4,7,8,23,196
4,7,8,55,68
4,7,8,55,247
4,7,8,68,87
4,7,8,196,247
4,7,19,23,87
4,7,19,23,196
4,7,51,55,68
4,7,51,55,247
4,8,9,25,84
4,8,9,25,196
4,8,9,57,68
4,8,9,57,244
4,8,9,68,84
4,8,9,196,244
4,8,20,23,87
4,8,20,23,196
4,8,20,25,84
4,8,20,25,196
4,8,20,84,87
4,8,52,55,68
4,8,52,55,247
4,8,52,57,68
4,8,52,57,244
4,8,52,244,247
4,8,68,84,87
4,8,196,244,247
4,9,25,84,85
4,9,57,244,245
4,9,68,84,85
4,9,196,244,245
4,19,20,23,87
4,19,20,23,196
4,19,20,84,87
4,20,21,25,85
4,20,21,25,196
4,20,25,84,85
4,51,52,55,68
4,51,52,55,247
4,51,52,244,247
4,52,53,57,68
4,52,53,57,245
4,52,57,244,245
5,6,10,21,85
5,6,10,21,198
5,6,10,53,70
5,6,10,53,245
5,6,10,70,85
5,6,10,198,245
5,6,17,21,85
5,6,17,21,198
5,6,49,53,70
5,6,49,53,245
5,9,10,25,85
5,9,10,25,201
5,9,10,57,73
5,9,10,57,245
5,9,10,73,85
5,9,10,201,245
5,9,25,196,201
5,9,57,68,73
5,9,68,73,85
5,9,196,201,245
5,10,21,25,85
5,10,21,25,197
5,10,21,197,198
5,10,25,197,201
5,10,53,57,69
5,10,53,57,245
5,10,53,69,70
5,10,57,69,73
5,10,69,70,85
5,10,69,73,85
5,10,197,198,245
5,10,197,201,245
5,17,21,197,198
5,17,193,197,198
5,21,25,196,197
5,25,196,197,201
5,49,53,69,70
5,49,65,69,70
5,53,57,68,69
5,57,68,69,73
5,65,69,70,85
5,68,69,73,85
5,193,197,198,245
5,196,197,201,245
6,7,11,27,87
6,7,11,27,198
6,7,11,59,70
6,7,11,59,247
6,7,11,70,87
6,7,11,198,247
6,7,23,27,87
6,7,23,27,198
6,7,55,59,70
6,7,55,59,247
6,10,11,27,86
6,10,11,27,198
6,10,11,59,70
6,10,11,59,246
6,10,11,70,86
6,10,11,198,246
6,10,21,22,85
6,10,21,22,198
6,10,22,27,86
6,10,22,27,198
6,10,22,85,86
6,10,53,54,70
6,10,53,54,245
6,10,54,59,70
6,10,54,59,246
6,10,54,245,246
6,10,70,85,86
6,10,198,245,246
6,11,27,86,87
6,11,59,246,247
6,11,70,86,87
6,11,198,246,247
6,17,21,22,85
6,17,21,22,198
6,17,22,85,86
6,22,23,27,87
6,22,23,27,198
6,22,27,86,87
6,49,53,54,70
6,49,53,54,245
6,49,54,245,246
6,54,55,59,70
6,54,55,59,247
6,54,59,246,247
7,8,11,27,87
7,8,11,27,203
7,8,11,59,75
7,8,11,59,247
7,8,11,75,87
7,8,11,203,247
7,8,23,27,87
7,8,23,27,199
7,8,23,196,199
7,8,27,199,203
7,8,55,59,71
7,8,55,59,247
7,8,55,68,71
7,8,59,71,75
7,8,68,71,87
7,8,71,75,87
7,8,196,199,247
7,8,199,203,247
7,11,27,198,203
7,11,59,70,75
7,11,70,75,87
7,11,198,203,247
7,19,23,196,199
7,19,195,196,199
7,23,27,198,199
7,27,198,199,203
7,51,55,68,71
7,51,67,68,71
7,55,59,70,71
7,59,70,71,75
7,67,68,71,87
7,70,71,75,87
7,195,196,199,247
7,198,199,203,247
8,9,13,25,93
8,9,13,25,201
8,9,13,57,73
8,9,13,57,253
8,9,13,73,93
8,9,13,201,253
8,9,25,84,89
8,9,25,89,93
8,9,25,196,201
8,9,57,68,73
8,9,57,244,249
8,9,57,249,253
8,9,68,73,89
8,9,68,84,89
8,9,73,89,93
8,9,196,201,249
8,9,196,244,249
8,9,201,249,253
8,11,12,27,92
8,11,12,27,204
8,11,12,59,76
8,11,12,59,252
8,11,12,76,92
8,11,12,204,252
8,11,27,87,91
8,11,27,91,92
8,11,27,203,204
8,11,59,75,76
8,11,59,247,251
8,11,59,251,252
8,11,75,76,91
8,11,75,87,91
8,11,76,91,92
8,11,203,204,251
8,11,203,247,251
8,11,204,251,252
8,12,13,29,93
8,12,13,29,204
8,12,13,61,76
8,12,13,61,253
8,12,13,76,93
8,12,13,204,253
8,12,27,28,92
8,12,27,28,204
8,12,28,29,93
8,12,28,29,204
8,12,28,92,93
8,12,59,60,76
8,12,59,60,252
8,12,60,61,76
8,12,60,61,253
8,12,60,252,253
8,12,76,92,93
8,12,204,252,253
8,13,25,29,93
8,13,25,29,205
8,13,25,201,205
8,13,29,204,205
8,13,57,61,77
8,13,57,61,253
8,13,57,73,77
8,13,61,76,77
8,13,73,77,93
8,13,76,77,93
8,13,201,205,253
8,13,204,205,253
8,20,23,24,87
8,20,23,24,196
8,20,24,25,88
8,20,24,25,196
8,20,24,87,88
8,20,25,84,88
8,20,84,87,88
8,23,24,27,87
8,23,24,27,199
8,23,24,196,199
8,24,25,29,93
8,24,25,29,205
8,24,25,88,93
8,24,25,196,200
8,24,25,200,205
8,24,27,28,88
8,24,27,28,204
8,24,27,87,88
8,24,27,199,200
8,24,27,200,204
8,24,28,29,93
8,24,28,29,204
8,24,28,88,93
8,24,29,204,205
8,24,196,199,200
8,24,200,204,205
8,25,84,88,89
8,25,88,89,93
8,25,196,200,201
8,25,200,201,205
8,27,28,88,92
8,27,87,88,91
8,27,88,91,92
8,27,199,200,203
8,27,200,203,204
8,28,88,92,93
8,52,55,56,68
8,52,55,56,247
8,52,56,57,68
8,52,56,57,248
8,52,56,247,248
8,52,57,244,248
8,52,244,247,248
8,55,56,59,71
8,55,56,59,247
8,55,56,68,71
8,56,57,61,77
8,56,57,61,253
8,56,57,68,72
8,56,57,72,77
8,56,57,248,253
8,56,59,60,76
8,56,59,60,248
8,56,59,71,72
8,56,59,72,76
8,56,59,247,248
8,56,60,61,76
8,56,60,61,253
8,56,60,248,253
8,56,61,76,77
8,56,68,71,72
8,56,72,76,77
8,57,68,72,73
8,57,72,73,77
8,57,244,248,249
8,57,248,249,253
8,59,60,248,252
8,59,71,72,75
8,59,72,75,76
8,59,247,248,251
8,59,248,251,252
8,60,248,252,253
8,68,71,72,87
8,68,72,73,89
8,68,72,87,88
8,68,72,88,89
8,68,84,87,88
8,68,84,88,89
8,71,72,75,87
8,72,73,77,93
8,72,73,89,93
8,72,75,76,91
8,72,75,87,91
8,72,76,77,93
8,72,76,88,91
8,72,76,88,93
8,72,87,88,91
8,72,88,89,93
8,76,88,91,92
8,76,88,92,93
8,196,199,200,247
8,196,200,201,249
8,196,200,247,248
8,196,200,248,249
8,196,244,247,248
8,196,244,248,249
8,199,200,203,247
8,200,201,205,253
8,200,201,249,253
8,200,203,204,251
8,200,203,247,251
8,200,204,205,253
8,200,204,248,251
8,200,204,248,253
8,200,247,248,251
8,200,248,249,253
8,204,248,251,252
8,204,248,252,253
9,10,14,25,94
9,10,14,25,206
9,10,14,57,78
9,10,14,57,254
9,10,14,78,94
9,10,14,206,254
9,10,25,85,89
9,10,25,89,94
9,10,25,201,206
9,10,57,73,78
9,10,57,245,249
9,10,57,249,254
9,10,73,78,89
9,10,73,85,89
9,10,78,89,94
9,10,201,206,249
9,10,201,245,249
9,10,206,249,254
9,13,14,25,93
9,13,14,25,206
9,13,14,57,78
9,13,14,57,253
9,13,14,78,93
9,13,14,206,253
9,13,25,201,206
9,13,57,73,78
9,13,73,78,93
9,13,201,206,253
9,14,25,93,94
9,14,57,253,254
9,14,78,93,94
9,14,206,253,254
9,25,84,85,89
9,25,89,93,94
9,57,244,245,249
9,57,249,253,254
9,68,73,85,89
9,68,84,85,89
9,73,78,89,93
9,78,89,93,94
9,196,201,245,249
9,196,244,245,249
9,201,206,249,253
9,206,249,253,254
10,11,15,27,95
10,11,15,27,203
10,11,15,59,75
10,11,15,59,255
10,11,15,75,95
10,11,15,203,255
10,11,27,86,91
10,11,27,91,95
10,11,27,198,203
10,11,59,70,75
10,11,59,246,251
10,11,59,251,255
10,11,70,75,91
10,11,70,86,91
10,11,75,91,95
10,11,198,203,251
10,11,198,246,251
10,11,203,251,255
10,14,15,31,95
10,14,15,31,206
10,14,15,63,78
10,14,15,63,255
10,14,15,78,95
10,14,15,206,255
10,14,25,30,94
10,14,25,30,206
10,14,30,31,95
10,14,30,31,206
10,14,30,94,95
10,14,57,62,78
10,14,57,62,254
10,14,62,63,78
10,14,62,63,255
10,14,62,254,255
10,14,78,94,95
10,14,206,254,255
10,15,27,31,95
10,15,27,31,207
10,15,27,203,207
10,15,31,206,207
10,15,59,63,79
10,15,59,63,255
10,15,59,75,79
10,15,63,78,79
10,15,75,79,95
10,15,78,79,95
10,15,203,207,255
10,15,206,207,255
10,21,22,26,85
10,21,22,26,198
10,21,25,26,85
10,21,25,26,197
10,21,26,197,198
10,22,26,27,90
10,22,26,27,198
10,22,26,85,90
10,22,27,86,90
10,22,85,86,90
10,25,26,30,90
10,25,26,30,206
10,25,26,85,90
10,25,26,197,202
10,25,26,202,206
10,25,30,90,94
10,25,85,89,90
10,25,89,90,94
10,25,197,201,202
10,25,201,202,206
10,26,27,31,95
10,26,27,31,207
10,26,27,90,95
10,26,27,198,202
10,26,27,202,207
10,26,30,31,95
10,26,30,31,206
10,26,30,90,95
10,26,31,206,207
10,26,197,198,202
10,26,202,206,207
10,27,86,90,91
10,27,90,91,95
10,27,198,202,203
10,27,202,203,207
10,30,90,94,95
10,53,54,58,70
10,53,54,58,245
10,53,57,58,69
10,53,57,58,245
10,53,58,69,70
10,54,58,59,70
10,54,58,59,250
10,54,58,245,250
10,54,59,246,250
10,54,245,246,250
10,57,58,62,78
10,57,58,62,250
10,57,58,69,74
10,57,58,74,78
10,57,58,245,250
10,57,62,250,254
10,57,69,73,74
10,57,73,74,78
10,57,245,249,250
10,57,249,250,254
10,58,59,63,79
10,58,59,63,255
10,58,59,70,74
10,58,59,74,79
10,58,59,250,255
10,58,62,63,78
10,58,62,63,255
10,58,62,250,255
10,58,63,78,79
10,58,69,70,74
10,58,74,78,79
10,59,70,74,75
10,59,74,75,79
10,59,246,250,251
10,59,250,251,255
10,62,250,254,255
10,69,70,74,85
10,69,73,74,85
10,70,74,75,91
10,70,74,85,90
10,70,74,90,91
10,70,85,86,90
10,70,86,90,91
10,73,74,78,89
10,73,74,85,89
10,74,75,79,95
10,74,75,91,95
10,74,78,79,95
10,74,78,89,90
10,74,78,90,95
10,74,85,89,90
10,74,90,91,95
10,78,89,90,94
10,78,90,94,95
10,197,198,202,245
10,197,201,202,245
10,198,202,203,251
10,198,202,245,250
10,198,202,250,251
10,198,245,246,250
10,198,246,250,251
10,201,202,206,249
10,201,202,245,249
10,202,203,207,255
10,202,203,251,255
10,202,206,207,255
10,202,206,249,250
10,202,206,250,255
10,202,245,249,250
10,202,250,251,255
10,206,249,250,254
10,206,250,254,255
11,12,15,27,95
11,12,15,27,204
11,12,15,59,76
11,12,15,59,255
11,12,15,76,95
11,12,15,204,255
11,12,27,92,95
11,12,59,252,255
11,12,76,92,95
11,12,204,252,255
11,15,27,203,204
11,15,59,75,76
11,15,75,76,95
11,15,203,204,255
11,27,86,87,91
11,27,91,92,95
11,59,246,247,251
11,59,251,252,255
11,70,75,87,91
11,70,86,87,91
11,75,76,91,95
11,76,91,92,95
11,198,203,247,251
11,198,246,247,251
11,203,204,251,255
11,204,251,252,255
12,13,17,29,93
12,13,17,29,204
12,13,49,61,76
12,13,49,61,253
12,15,27,31,95
12,15,27,31,204
12,15,59,63,76
12,15,59,63,255
12,17,28,29,93
12,17,28,29,204
12,17,28,92,93
12,27,28,31,95
12,27,28,31,204
12,27,28,92,95
12,49,60,61,76
12,49,60,61,253
12,49,60,252,253
12,59,60,63,76
12,59,60,63,255
12,59,60,252,255
13,14,25,29,93
13,14,25,29,206
13,14,57,61,78
13,14,57,61,253
13,17,29,204,205
13,17,193,204,205
13,25,29,205,206
13,25,201,205,206
13,49,61,76,77
13,49,65,76,77
13,57,61,77,78
13,57,73,77,78
13,65,76,77,93
13,73,77,78,93
13,193,204,205,253
13,201,205,206,253
14,15,19,31,95
14,15,19,31,206
14,15,51,63,78
14,15,51,63,255
14,19,30,31,95
14,19,30,31,206
14,19,30,94,95
14,25,29,30,93
14,25,29,30,206
14,25,30,93,94
14,51,62,63,78
14,51,62,63,255
14,51,62,254,255
14,57,61,62,78
14,57,61,62,253
14,57,62,253,254
15,19,31,206,207
15,19,195,206,207
15,27,31,204,207
15,27,203,204,207
15,51,63,78,79
15,51,67,78,79
15,59,63,76,79
15,59,75,76,79
15,67,78,79,95
15,75,76,79,95
15,195,206,207,255
15,203,204,207,255
16,17,21,32,101
16,17,21,32,213
16,17,21,85,101
16,17,21,197,213
16,17,28,32,108
16,17,28,32,208
16,17,28,80,108
16,17,28,204,208
16,17,32,96,101
16,17,32,96,108
16,17,32,208,213
16,17,80,85,96
16,17,80,96,108
16,17,85,96,101
16,17,192,197,213
16,17,192,204,208
16,17,192,208,213
16,19,20,32,100
16,19,20,32,208
16,19,20,80,100
16,19,20,196,208
16,19,31,32,111
16,19,31,32,223
16,19,31,95,111
16,19,31,207,223
16,19,32,96,100
16,19,32,96,111
16,19,32,208,223
16,19,80,95,96
16,19,80,96,100
16,19,95,96,111
16,19,192,196,208
16,19,192,207,223
16,19,192,208,223
16,20,21,32,100
16,20,21,32,213
16,20,21,85,100
16,20,21,196,213
16,20,32,208,213
16,20,80,85,100
16,20,196,208,213
16,21,32,100,101
16,21,85,100,101
16,21,196,197,213
16,28,31,32,108
16,28,31,32,223
16,28,31,95,108
16,28,31,204,223
16,28,32,208,223
16,28,80,95,108
16,28,204,208,223
16,31,32,108,111
16,31,95,108,111
16,31,204,207,223
16,32,96,100,101
16,32,96,108,111
16,80,85,96,100
16,80,95,96,108
16,85,96,100,101
16,95,96,108,111
16,192,196,197,213
16,192,196,208,213
16,192,204,207,223
16,192,204,208,223
17,18,22,34,102
17,18,22,34,210
17,18,22,82,102
17,18,22,198,210
17,18,29,34,109
17,18,29,34,221
17,18,29,93,109
17,18,29,205,221
17,18,34,98,102
17,18,34,98,109
17,18,34,210,221
17,18,82,93,98
17,18,82,98,102
17,18,93,98,109
17,18,194,198,210
17,18,194,205,221
17,18,194,210,221
17,21,22,38,102
17,21,22,38,213
17,21,22,85,102
17,21,22,198,213
17,21,32,37,101
17,21,32,37,213
17,21,37,38,102
17,21,37,38,213
17,21,37,101,102
17,21,85,101,102
17,21,197,198,213
17,22,34,38,102
17,22,34,38,214
17,22,34,210,214
17,22,38,213,214
17,22,82,86,102
17,22,85,86,102
17,22,198,210,214
17,22,198,213,214
17,28,29,44,108
17,28,29,44,221
17,28,29,93,108
17,28,29,204,221
17,28,32,44,108
17,28,32,44,220
17,28,32,208,220
17,28,44,220,221
17,28,80,92,108
17,28,92,93,108
17,28,204,208,220
17,28,204,220,221
17,29,34,45,109
17,29,34,45,221
17,29,44,45,108
17,29,44,45,221
17,29,45,108,109
17,29,93,108,109
17,29,204,205,221
17,32,33,37,97
17,32,33,37,213
17,32,33,44,108
17,32,33,44,220
17,32,33,97,108
17,32,33,209,213
17,32,33,209,220
17,32,37,97,101
17,32,96,97,101
17,32,96,97,108
17,32,208,209,213
17,32,208,209,220
17,33,34,38,102
17,33,34,38,214
17,33,34,45,97
17,33,34,45,221
17,33,34,97,102
17,33,34,209,214
17,33,34,209,221
17,33,37,38,102
17,33,37,38,213
17,33,37,97,102
17,33,38,213,214
17,33,44,45,108
17,33,44,45,221
17,33,44,220,221
17,33,45,97,108
17,33,209,213,214
17,33,209,220,221
17,34,45,97,109
17,34,97,98,102
17,34,97,98,109
17,34,209,210,214
17,34,209,210,221
17,37,97,101,102
17,45,97,108,109
17,80,81,85,96
17,80,81,92,108
17,80,81,96,108
17,81,82,86,102
17,81,82,93,98
17,81,82,98,102
17,81,85,86,102
17,81,85,96,97
17,81,85,97,102
17,81,92,93,108
17,81,93,97,98
17,81,93,97,108
17,81,96,97,108
17,81,97,98,102
17,85,96,97,101
17,85,97,101,102
17,93,97,98,109
17,93,97,108,109
17,192,193,197,213
17,192,193,204,209
17,192,193,209,213
17,192,204,208,209
17,192,208,209,213
17,193,194,198,209
17,193,194,205,221
17,193,194,209,221
17,193,197,198,213
17,193,198,209,213
17,193,204,205,221
17,193,204,209,221
17,194,198,209,210
17,194,209,210,221
17,198,209,210,214
17,198,209,213,214
17,204,208,209,220
17,204,209,220,221
18,19,23,34,103
18,19,23,34,215
18,19,23,87,103
18,19,23,199,215
18,19,30,34,110
18,19,30,34,210
18,19,30,82,110
18,19,30,206,210
18,19,34,98,103
18,19,34,98,110
18,19,34,210,215
18,19,82,87,98
18,19,82,98,110
18,19,87,98,103
18,19,194,199,215
18,19,194,206,210
18,19,194,210,215
18,22,23,34,102
18,22,23,34,215
18,22,23,87,102
18,22,23,198,215
18,22,34,210,215
18,22,82,87,102
18,22,198,210,215
18,23,34,102,103
18,23,87,102,103
18,23,198,199,215
18,29,30,34,110
18,29,30,34,221
18,29,30,93,110
18,29,30,206,221
18,29,34,109,110
18,29,93,109,110
18,29,205,206,221
18,30,34,210,221
18,30,82,93,110
18,30,206,210,221
18,34,98,102,103
18,34,98,109,110
18,82,87,98,102
18,82,93,98,110
18,87,98,102,103
18,93,98,109,110
18,194,198,199,215
18,194,198,210,215
18,194,205,206,221
18,194,206,210,221
19,20,23,36,100
19,20,23,36,215
19,20,23,87,100
19,20,23,196,215
19,20,32,36,100
19,20,32,36,212
19,20,32,208,212
19,20,36,212,215
19,20,80,84,100
19,20,84,87,100
19,20,196,208,212
19,20,196,212,215
19,23,34,39,103
19,23,34,39,215
19,23,36,39,100
19,23,36,39,215
19,23,39,100,103
19,23,87,100,103
19,23,196,199,215
19,30,31,46,110
19,30,31,46,223
19,30,31,95,110
19,30,31,206,223
19,30,34,46,110
19,30,34,46,222
19,30,34,210,222
19,30,46,222,223
19,30,82,94,110
19,30,94,95,110
19,30,206,210,222
19,30,206,222,223
19,31,32,47,111
19,31,32,47,223
19,31,46,47,110
19,31,46,47,223
19,31,47,110,111
19,31,95,110,111
19,31,206,207,223
19,32,35,36,100
19,32,35,36,212
19,32,35,47,99
19,32,35,47,223
19,32,35,99,100
19,32,35,211,212
19,32,35,211,223
19,32,47,99,111
19,32,96,99,100
19,32,96,99,111
19,32,208,211,212
19,32,208,211,223
19,34,35,39,99
19,34,35,39,215
19,34,35,46,110
19,34,35,46,222
19,34,35,99,110
19,34,35,211,215
19,34,35,211,222
19,34,39,99,103
19,34,98,99,103
19,34,98,99,110
19,34,210,211,215
19,34,210,211,222
19,35,36,39,100
19,35,36,39,215
19,35,36,212,215
19,35,39,99,100
19,35,46,47,110
19,35,46,47,223
19,35,46,222,223
19,35,47,99,110
19,35,211,212,215
19,35,211,222,223
19,39,99,100,103
19,47,99,110,111
19,80,83,84,100
19,80,83,95,96
19,80,83,96,100
19,82,83,87,98
19,82,83,94,110
19,82,83,98,110
19,83,84,87,100
19,83,87,98,99
19,83,87,99,100
19,83,94,95,110
19,83,95,96,99
19,83,95,99,110
19,83,96,99,100
19,83,98,99,110
19,87,98,99,103
19,87,99,100,103
19,95,96,99,111
19,95,99,110,111
19,192,195,196,211
19,192,195,207,223
19,192,195,211,223
19,192,196,208,211
19,192,208,211,223
19,194,195,199,215
19,194,195,206,211
19,194,195,211,215
19,194,206,210,211
19,194,210,211,215
19,195,196,199,215
19,195,196,211,215
19,195,206,207,223
19,195,206,211,223
19,196,208,211,212
19,196,211,212,215
19,206,210,211,222
19,206,211,222,223
20,21,25,36,100
20,21,25,36,213
20,21,25,85,100
20,21,25,196,213
20,21,32,36,100
20,21,32,36,213
20,23,24,40,100
20,23,24,40,215
20,23,24,87,100
20,23,24,196,215
20,23,36,40,100
20,23,36,40,215
20,24,25,40,100
20,24,25,40,216
20,24,25,88,100
20,24,25,196,216
20,24,40,215,216
20,24,87,88,100
20,24,196,215,216
20,25,36,40,100
20,25,36,40,212
20,25,36,212,213
20,25,40,212,216
20,25,84,85,100
20,25,84,88,100
20,25,196,212,213
20,25,196,212,216
20,32,36,212,213
20,32,208,212,213
20,36,40,212,215
20,40,212,215,216
20,80,84,85,100
20,84,87,88,100
20,196,208,212,213
20,196,212,215,216
21,22,26,42,102
21,22,26,42,213
21,22,26,85,102
21,22,26,198,213
21,22,38,42,102
21,22,38,42,213
21,25,26,42,101
21,25,26,42,213
21,25,26,85,101
21,25,26,197,213
21,25,36,37,100
21,25,36,37,213
21,25,37,42,101
21,25,37,42,213
21,25,37,100,101
21,25,85,100,101
21,25,196,197,213
21,26,42,101,102
21,26,85,101,102
21,26,197,198,213
21,32,36,37,100
21,32,36,37,213
21,32,37,100,101
21,37,38,42,102
21,37,38,42,213
21,37,42,101,102
22,23,27,38,102
22,23,27,38,215
22,23,27,87,102
22,23,27,198,215
22,23,34,38,102
22,23,34,38,215
22,26,27,42,102
22,26,27,42,218
22,26,27,90,102
22,26,27,198,218
22,26,42,213,218
22,26,85,90,102
22,26,198,213,218
22,27,38,42,102
22,27,38,42,214
22,27,38,214,215
22,27,42,214,218
22,27,86,87,102
22,27,86,90,102
22,27,198,214,215
22,27,198,214,218
22,34,38,214,215
22,34,210,214,215
22,38,42,213,214
22,42,213,214,218
22,82,86,87,102
22,85,86,90,102
22,198,210,214,215
22,198,213,214,218
23,24,27,40,103
23,24,27,40,215
23,24,27,87,103
23,24,27,199,215
23,24,40,100,103
23,24,87,100,103
23,24,196,199,215
23,27,38,39,102
23,27,38,39,215
23,27,39,40,103
23,27,39,40,215
23,27,39,102,103
23,27,87,102,103
23,27,198,199,215
23,34,38,39,102
23,34,38,39,215
23,34,39,102,103
23,36,39,40,100
23,36,39,40,215
23,39,40,100,103
24,25,29,40,109
24,25,29,40,221
24,25,29,93,109
24,25,29,205,221
24,25,40,100,104
24,25,40,104,109
24,25,40,216,221
24,25,88,93,104
24,25,88,100,104
24,25,93,104,109
24,25,196,200,216
24,25,200,205,221
24,25,200,216,221
24,27,28,40,108
24,27,28,40,216
24,27,28,88,108
24,27,28,204,216
24,27,40,103,104
24,27,40,104,108
24,27,40,215,216
24,27,87,88,104
24,27,87,103,104
24,27,88,104,108
24,27,199,200,215
24,27,200,204,216
24,27,200,215,216
24,28,29,40,108
24,28,29,40,221
24,28,29,93,108
24,28,29,204,221
24,28,40,216,221
24,28,88,93,108
24,28,204,216,221
24,29,40,108,109
24,29,93,108,109
24,29,204,205,221
24,40,100,103,104
24,40,104,108,109
24,87,88,100,104
24,87,100,103,104
24,88,93,104,108
24,93,104,108,109
24,196,199,200,215
24,196,200,215,216
24,200,204,205,221
24,200,204,216,221
25,26,30,42,110
25,26,30,42,218
25,26,30,90,110
25,26,30,206,218
25,26,42,101,106
25,26,42,106,110
25,26,42,213,218
25,26,85,90,106
25,26,85,101,106
25,26,90,106,110
25,26,197,202,213
25,26,202,206,218
25,26,202,213,218
25,29,30,46,110
25,29,30,46,221
25,29,30,93,110
25,29,30,206,221
25,29,40,45,109
25,29,40,45,221
25,29,45,46,110
25,29,45,46,221
25,29,45,109,110
25,29,93,109,110
25,29,205,206,221
25,30,42,46,110
25,30,42,46,222
25,30,42,218,222
25,30,46,221,222
25,30,90,94,110
25,30,93,94,110
25,30,206,218,222
25,30,206,221,222
25,36,37,41,100
25,36,37,41,213
25,36,40,41,100
25,36,40,41,212
25,36,41,212,213
25,37,41,42,105
25,37,41,42,213
25,37,41,100,105
25,37,42,101,105
25,37,100,101,105
25,40,41,45,105
25,40,41,45,221
25,40,41,100,105
25,40,41,212,217
25,40,41,217,221
25,40,45,105,109
25,40,100,104,105
25,40,104,105,109
25,40,212,216,217
25,40,216,217,221
25,41,42,46,110
25,41,42,46,222
25,41,42,105,110
25,41,42,213,217
25,41,42,217,222
25,41,45,46,110
25,41,45,46,221
25,41,45,105,110
25,41,46,221,222
25,41,212,213,217
25,41,217,221,222
25,42,101,105,106
25,42,105,106,110
25,42,213,217,218
25,42,217,218,222
25,45,105,109,110
25,84,85,89,100
25,84,88,89,100
25,85,89,90,106
25,85,89,100,105
25,85,89,105,106
25,85,100,101,105
25,85,101,105,106
25,88,89,93,104
25,88,89,100,104
25,89,90,94,110
25,89,90,106,110
25,89,93,94,110
25,89,93,104,105
25,89,93,105,110
25,89,100,104,105
25,89,105,106,110
25,93,104,105,109
25,93,105,109,110
25,196,197,201,213
25,196,200,201,217
25,196,200,216,217
25,196,201,213,217
25,196,212,213,217
25,196,212,216,217
25,197,201,202,213
25,200,201,205,221
25,200,201,217,221
25,200,216,217,221
25,201,202,206,217
25,201,202,213,217
25,201,205,206,221
25,201,206,217,221
25,202,206,217,218
25,202,213,217,218
25,206,217,218,222
25,206,217,221,222
26,27,31,42,111
26,27,31,42,223
26,27,31,95,111
26,27,31,207,223
26,27,42,102,106
26,27,42,106,111
26,27,42,218,223
26,27,90,95,106
26,27,90,102,106
26,27,95,106,111
26,27,198,202,218
26,27,202,207,223
26,27,202,218,223
26,30,31,42,110
26,30,31,42,223
26,30,31,95,110
26,30,31,206,223
26,30,42,218,223
26,30,90,95,110
26,30,206,218,223
26,31,42,110,111
26,31,95,110,111
26,31,206,207,223
26,42,101,102,106
26,42,106,110,111
26,85,90,102,106
26,85,101,102,106
26,90,95,106,110
26,95,106,110,111
26,197,198,202,213
26,198,202,213,218
26,202,206,207,223
26,202,206,218,223
27,28,31,44,108
27,28,31,44,223
27,28,31,95,108
27,28,31,204,223
27,28,40,44,108
27,28,40,44,220
27,28,40,216,220
27,28,44,220,223
27,28,88,92,108
27,28,92,95,108
27,28,204,216,220
27,28,204,220,223
27,31,42,47,111
27,31,42,47,223
27,31,44,47,108
27,31,44,47,223
27,31,47,108,111
27,31,95,108,111
27,31,204,207,223
27,38,39,43,102
27,38,39,43,215
27,38,42,43,102
27,38,42,43,214
27,38,43,214,215
27,39,40,43,107
27,39,40,43,215
27,39,40,103,107
27,39,43,102,107
27,39,102,103,107
27,40,43,44,108
27,40,43,44,220
27,40,43,107,108
27,40,43,215,219
27,40,43,219,220
27,40,103,104,107
27,40,104,107,108
27,40,215,216,219
27,40,216,219,220
27,42,43,47,107
27,42,43,47,223
27,42,43,102,107
27,42,43,214,219
27,42,43,219,223
27,42,47,107,111
27,42,102,106,107
27,42,106,107,111
27,42,214,218,219
27,42,218,219,223
27,43,44,47,108
27,43,44,47,223
27,43,44,220,223
27,43,47,107,108
27,43,214,215,219
27,43,219,220,223
27,47,107,108,111
27,86,87,91,102
27,86,90,91,102
27,87,88,91,104
27,87,91,102,107
27,87,91,104,107
27,87,102,103,107
27,87,103,104,107
27,88,91,92,108
27,88,91,104,108
27,90,91,95,106
27,90,91,102,106
27,91,92,95,108
27,91,95,106,107
27,91,95,107,108
27,91,102,106,107
27,91,104,107,108
27,95,106,107,111
27,95,107,108,111
27,198,199,203,215
27,198,202,203,219
27,198,202,218,219
27,198,203,215,219
27,198,214,215,219
27,198,214,218,219
27,199,200,203,215
27,200,203,204,219
27,200,203,215,219
27,200,204,216,219
27,200,215,216,219
27,202,203,207,223
27,202,203,219,223
27,202,218,219,223
27,203,204,207,223
27,203,204,219,223
27,204,216,219,220
27,204,219,220,223
28,29,40,44,108
28,29,40,44,221
28,31,32,44,108
28,31,32,44,223
28,32,44,220,223
28,32,208,220,223
28,40,44,220,221
28,40,216,220,221
28,80,92,95,108
28,88,92,93,108
28,204,208,220,223
28,204,216,220,221
29,30,34,46,110
29,30,34,46,221
29,34,45,46,110
29,34,45,46,221
29,34,45,109,110
29,40,44,45,108
29,40,44,45,221
29,40,45,108,109
30,31,42,46,110
30,31,42,46,223
30,34,46,221,222
30,34,210,221,222
30,42,46,222,223
30,42,218,222,223
30,82,93,94,110
30,90,94,95,110
30,206,210,221,222
30,206,218,222,223
31,32,44,47,108
31,32,44,47,223
31,32,47,108,111
31,42,46,47,110
31,42,46,47,223
31,42,47,110,111
32,33,37,49,117
32,33,37,49,225
32,33,37,97,117
32,33,37,213,225
32,33,44,49,124
32,33,44,49,236
32,33,44,108,124
32,33,44,220,236
32,33,49,113,117
32,33,49,113,124
32,33,49,225,236
32,33,97,108,113
32,33,97,113,117
32,33,108,113,124
32,33,209,213,225
32,33,209,220,236
32,33,209,225,236
32,35,36,51,116
32,35,36,51,228
32,35,36,100,116
32,35,36,212,228
32,35,47,51,127
32,35,47,51,227
32,35,47,99,127
32,35,47,223,227
32,35,51,115,116
32,35,51,115,127
32,35,51,227,228
32,35,99,100,115
32,35,99,115,127
32,35,100,115,116
32,35,211,212,228
32,35,211,223,227
32,35,211,227,228
32,36,37,53,117
32,36,37,53,228
32,36,37,100,117
32,36,37,213,228
32,36,51,52,116
32,36,51,52,228
32,36,52,53,117
32,36,52,53,228
32,36,52,116,117
32,36,100,116,117
32,36,212,213,228
32,37,49,53,117
32,37,49,53,229
32,37,49,225,229
32,37,53,228,229
32,37,97,101,117
32,37,100,101,117
32,37,213,225,229
32,37,213,228,229
32,44,47,63,127
32,44,47,63,236
32,44,47,108,127
32,44,47,223,236
32,44,49,60,124
32,44,49,60,236
32,44,60,63,127
32,44,60,63,236
32,44,60,124,127
32,44,108,124,127
32,44,220,223,236
32,47,51,63,127
32,47,51,63,239
32,47,51,227,239
32,47,63,236,239
32,47,99,111,127
32,47,108,111,127
32,47,223,227,239
32,47,223,236,239
32,48,49,53,117
32,48,49,53,229
32,48,49,60,112
32,48,49,60,236
32,48,49,112,117
32,48,49,224,229
32,48,49,224,236
32,48,51,52,112
32,48,51,52,228
32,48,51,63,127
32,48,51,63,239
32,48,51,112,127
32,48,51,224,228
32,48,51,224,239
32,48,52,53,117
32,48,52,53,228
32,48,52,112,117
32,48,53,228,229
32,48,60,63,127
32,48,60,63,236
32,48,60,112,127
32,48,63,236,239
32,48,224,228,229
32,48,224,236,239
32,49,60,112,124
32,49,112,113,117
32,49,112,113,124
32,49,224,225,229
32,49,224,225,236
32,51,52,112,116
32,51,112,115,116
32,51,112,115,127
32,51,224,227,228
32,51,224,227,239
32,52,112,116,117
32,60,112,124,127
32,96,97,101,117
32,96,97,108,113
32,96,97,113,117
32,96,99,100,115
32,96,99,111,127
32,96,99,115,127
32,96,100,101,117
32,96,100,112,115
32,96,100,112,117
32,96,108,111,127
32,96,108,112,113
32,96,108,112,127
32,96,112,113,117
32,96,112,115,127
32,100,112,115,116
32,100,112,116,117
32,108,112,113,124
32,108,112,124,127
32,208,209,213,224
32,208,209,220,236
32,208,209,224,236
32,208,211,212,228
32,208,211,223,224
32,208,211,224,228
32,208,212,213,228
32,208,213,224,228
32,208,220,223,236
32,208,223,224,236
32,209,213,224,225
32,209,224,225,236
32,211,223,224,227
32,211,224,227,228
32,213,224,225,229
32,213,224,228,229
32,223,224,227,239
32,223,224,236,239
33,34,38,49,118
33,34,38,49,230
33,34,38,102,118
33,34,38,214,230
33,34,45,49,125
33,34,45,49,225
33,34,45,97,125
33,34,45,221,225
33,34,49,113,118
33,34,49,113,125
33,34,49,225,230
33,34,97,102,113
33,34,97,113,125
33,34,102,113,118
33,34,209,214,230
33,34,209,221,225
33,34,209,225,230
33,37,38,49,117
33,37,38,49,230
33,37,38,102,117
33,37,38,213,230
33,37,49,225,230
33,37,97,102,117
33,37,213,225,230
33,38,49,117,118
33,38,102,117,118
33,38,213,214,230
33,44,45,49,125
33,44,45,49,236
33,44,45,108,125
33,44,45,221,236
33,44,49,124,125
33,44,108,124,125
33,44,220,221,236
33,45,49,225,236
33,45,97,108,125
33,45,221,225,236
33,49,113,117,118
33,49,113,124,125
33,97,102,113,117
33,97,108,113,125
33,102,113,117,118
33,108,113,124,125
33,209,213,214,230
33,209,213,225,230
33,209,220,221,236
33,209,221,225,236
34,35,39,51,119
34,35,39,51,227
34,35,39,99,119
34,35,39,215,227
34,35,46,51,126
34,35,46,51,238
34,35,46,110,126
34,35,46,222,238
34,35,51,115,119
34,35,51,115,126
34,35,51,227,238
34,35,99,110,115
34,35,99,115,119
34,35,110,115,126
34,35,211,215,227
34,35,211,222,238
34,35,211,227,238
34,38,39,55,119
34,38,39,55,230
34,38,39,102,119
34,38,39,215,230
34,38,49,54,118
34,38,49,54,230
34,38,54,55,119
34,38,54,55,230
34,38,54,118,119
34,38,102,118,119
34,38,214,215,230
34,39,51,55,119
34,39,51,55,231
34,39,51,227,231
34,39,55,230,231
34,39,99,103,119
34,39,102,103,119
34,39,215,227,231
34,39,215,230,231
34,45,46,61,125
34,45,46,61,238
34,45,46,110,125
34,45,46,221,238
34,45,49,61,125
34,45,49,61,237
34,45,49,225,237
34,45,61,237,238
34,45,97,109,125
34,45,109,110,125
34,45,221,225,237
34,45,221,237,238
34,46,51,62,126
34,46,51,62,238
34,46,61,62,125
34,46,61,62,238
34,46,62,125,126
34,46,110,125,126
34,46,221,222,238
34,49,50,54,114
34,49,50,54,230
34,49,50,61,125
34,49,50,61,237
34,49,50,114,125
34,49,50,226,230
34,49,50,226,237
34,49,54,114,118
34,49,113,114,118
34,49,113,114,125
34,49,225,226,230
34,49,225,226,237
34,50,51,55,119
34,50,51,55,231
34,50,51,62,114
34,50,51,62,238
34,50,51,114,119
34,50,51,226,231
34,50,51,226,238
34,50,54,55,119
34,50,54,55,230
34,50,54,114,119
34,50,55,230,231
34,50,61,62,125
34,50,61,62,238
34,50,61,237,238
34,50,62,114,125
34,50,226,230,231
34,50,226,237,238
34,51,62,114,126
34,51,114,115,119
34,51,114,115,126
34,51,226,227,231
34,51,226,227,238
34,54,114,118,119
34,62,114,125,126
34,97,98,102,113
34,97,98,109,125
34,97,98,113,125
34,98,99,103,119
34,98,99,110,115
34,98,99,115,119
34,98,102,103,119
34,98,102,113,114
34,98,102,114,119
34,98,109,110,125
34,98,110,114,115
34,98,110,114,125
34,98,113,114,125
34,98,114,115,119
34,102,113,114,118
34,102,114,118,119
34,110,114,115,126
34,110,114,125,126
34,209,210,214,230
34,209,210,221,226
34,209,210,226,230
34,209,221,225,226
34,209,225,226,230
34,210,211,215,226
34,210,211,222,238
34,210,211,226,238
34,210,214,215,230
34,210,215,226,230
34,210,221,222,238
34,210,221,226,238
34,211,215,226,227
34,211,226,227,238
34,215,226,227,231
34,215,226,230,231
34,221,225,226,237
34,221,226,237,238
35,36,39,51,119
35,36,39,51,228
35,36,39,100,119
35,36,39,215,228
35,36,51,116,119
35,36,100,116,119
35,36,212,215,228
35,39,51,227,228
35,39,99,100,119
35,39,215,227,228
35,46,47,51,127
35,46,47,51,238
35,46,47,110,127
35,46,47,223,238
35,46,51,126,127
35,46,110,126,127
35,46,222,223,238
35,47,51,227,238
35,47,99,110,127
35,47,223,227,238
35,51,115,116,119
35,51,115,126,127
35,99,100,115,119
35,99,110,115,127
35,100,115,116,119
35,110,115,126,127
35,211,212,215,228
35,211,215,227,228
35,211,222,223,238
35,211,223,227,238
36,37,41,57,117
36,37,41,57,228
36,37,41,100,117
36,37,41,213,228
36,37,53,57,117
36,37,53,57,228
36,39,40,55,119
36,39,40,55,228
36,39,40,100,119
36,39,40,215,228
36,39,51,55,119
36,39,51,55,228
36,40,41,57,116
36,40,41,57,228
36,40,41,100,116
36,40,41,212,228
36,40,52,55,119
36,40,52,55,228
36,40,52,57,116
36,40,52,57,228
36,40,52,116,119
36,40,100,116,119
36,40,212,215,228
36,41,57,116,117
36,41,100,116,117
36,41,212,213,228
36,51,52,55,119
36,51,52,55,228
36,51,52,116,119
36,52,53,57,117
36,52,53,57,228
36,52,57,116,117
37,38,42,53,117
37,38,42,53,230
37,38,42,102,117
37,38,42,213,230
37,38,49,53,117
37,38,49,53,230
37,41,42,57,117
37,41,42,57,233
37,41,42,105,117
37,41,42,213,233
37,41,57,228,233
37,41,100,105,117
37,41,213,228,233
37,42,53,57,117
37,42,53,57,229
37,42,53,229,230
37,42,57,229,233
37,42,101,102,117
37,42,101,105,117
37,42,213,229,230
37,42,213,229,233
37,49,53,229,230
37,49,225,229,230
37,53,57,228,229
37,57,228,229,233
37,97,101,102,117
37,100,101,105,117
37,213,225,229,230
37,213,228,229,233
38,39,43,59,119
38,39,43,59,230
38,39,43,102,119
38,39,43,215,230
38,39,55,59,119
38,39,55,59,230
38,42,43,59,118
38,42,43,59,230
38,42,43,102,118
38,42,43,214,230
38,42,53,54,117
38,42,53,54,230
38,42,54,59,118
38,42,54,59,230
38,42,54,117,118
38,42,102,117,118
38,42,213,214,230
38,43,59,118,119
38,43,102,118,119
38,43,214,215,230
38,49,53,54,117
38,49,53,54,230
38,49,54,117,118
38,54,55,59,119
38,54,55,59,230
38,54,59,118,119
39,40,43,59,119
39,40,43,59,235
39,40,43,107,119
39,40,43,215,235
39,40,55,59,119
39,40,55,59,231
39,40,55,228,231
39,40,59,231,235
39,40,100,103,119
39,40,103,107,119
39,40,215,228,231
39,40,215,231,235
39,43,59,230,235
39,43,102,107,119
39,43,215,230,235
39,51,55,228,231
39,51,227,228,231
39,55,59,230,231
39,59,230,231,235
39,99,100,103,119
39,102,103,107,119
39,215,227,228,231
39,215,230,231,235
40,41,45,57,125
40,41,45,57,233
40,41,45,105,125
40,41,45,221,233
40,41,57,116,121
40,41,57,121,125
40,41,57,228,233
40,41,100,105,121
40,41,100,116,121
40,41,105,121,125
40,41,212,217,228
40,41,217,221,233
40,41,217,228,233
40,43,44,59,124
40,43,44,59,236
40,43,44,108,124
40,43,44,220,236
40,43,59,119,123
40,43,59,123,124
40,43,59,235,236
40,43,107,108,123
40,43,107,119,123
40,43,108,123,124
40,43,215,219,235
40,43,219,220,236
40,43,219,235,236
40,44,45,61,125
40,44,45,61,236
40,44,45,108,125
40,44,45,221,236
40,44,59,60,124
40,44,59,60,236
40,44,60,61,125
40,44,60,61,236
40,44,60,124,125
40,44,108,124,125
40,44,220,221,236
40,45,57,61,125
40,45,57,61,237
40,45,57,233,237
40,45,61,236,237
40,45,105,109,125
40,45,108,109,125
40,45,221,233,237
40,45,221,236,237
40,52,55,56,119
40,52,55,56,228
40,52,56,57,120
40,52,56,57,228
40,52,56,119,120
40,52,57,116,120
40,52,116,119,120
40,55,56,59,119
40,55,56,59,231
40,55,56,228,231
40,56,57,61,125
40,56,57,61,237
40,56,57,120,125
40,56,57,228,232
40,56,57,232,237
40,56,59,60,120
40,56,59,60,236
40,56,59,119,120
40,56,59,231,232
40,56,59,232,236
40,56,60,61,125
40,56,60,61,236
40,56,60,120,125
40,56,61,236,237
40,56,228,231,232
40,56,232,236,237
40,57,116,120,121
40,57,120,121,125
40,57,228,232,233
40,57,232,233,237
40,59,60,120,124
40,59,119,120,123
40,59,120,123,124
40,59,231,232,235
40,59,232,235,236
40,60,120,124,125
40,100,103,104,119
40,100,104,105,121
40,100,104,119,120
40,100,104,120,121
40,100,116,119,120
40,100,116,120,121
40,103,104,107,119
40,104,105,109,125
40,104,105,121,125
40,104,107,108,123
40,104,107,119,123
40,104,108,109,125
40,104,108,120,123
40,104,108,120,125
40,104,119,120,123
40,104,120,121,125
40,108,120,123,124
40,108,120,124,125
40,212,215,216,228
40,212,216,217,228
40,215,216,219,232
40,215,216,228,232
40,215,219,232,235
40,215,228,231,232
40,215,231,232,235
40,216,217,221,232
40,216,217,228,232
40,216,219,220,236
40,216,219,232,236
40,216,220,221,236
40,216,221,232,236
40,217,221,232,233
40,217,228,232,233
40,219,232,235,236
40,221,232,233,237
40,221,232,236,237
41,42,46,57,126
41,42,46,57,238
41,42,46,110,126
41,42,46,222,238
41,42,57,117,121
41,42,57,121,126
41,42,57,233,238
41,42,105,110,121
41,42,105,117,121
41,42,110,121,126
41,42,213,217,233
41,42,217,222,238
41,42,217,233,238
41,45,46,57,125
41,45,46,57,238
41,45,46,110,125
41,45,46,221,238
41,45,57,233,238
41,45,105,110,125
41,45,221,233,238
41,46,57,125,126
41,46,110,125,126
41,46,221,222,238
41,57,116,117,121
41,57,121,125,126
41,100,105,117,121
41,100,116,117,121
41,105,110,121,125
41,110,121,125,126
41,212,213,217,228
41,213,217,228,233
41,217,221,222,238
41,217,221,233,238
42,43,47,59,127
42,43,47,59,235
42,43,47,107,127
42,43,47,223,235
42,43,59,118,123
42,43,59,123,127
42,43,59,230,235
42,43,102,107,123
42,43,102,118,123
42,43,107,123,127
42,43,214,219,230
42,43,219,223,235
42,43,219,230,235
42,46,47,63,127
42,46,47,63,238
42,46,47,110,127
42,46,47,223,238
42,46,57,62,126
42,46,57,62,238
42,46,62,63,127
42,46,62,63,238
42,46,62,126,127
42,46,110,126,127
42,46,222,223,238
42,47,59,63,127
42,47,59,63,239
42,47,59,235,239
42,47,63,238,239
42,47,107,111,127
42,47,110,111,127
42,47,223,235,239
42,47,223,238,239
42,53,54,58,117
42,53,54,58,230
42,53,57,58,117
42,53,57,58,229
42,53,58,229,230
42,54,58,59,122
42,54,58,59,230
42,54,58,117,122
42,54,59,118,122
42,54,117,118,122
42,57,58,62,122
42,57,58,62,238
42,57,58,117,122
42,57,58,229,234
42,57,58,234,238
42,57,62,122,126
42,57,117,121,122
42,57,121,122,126
42,57,229,233,234
42,57,233,234,238
42,58,59,63,127
42,58,59,63,239
42,58,59,122,127
42,58,59,230,234
42,58,59,234,239
42,58,62,63,127
42,58,62,63,238
42,58,62,122,127
42,58,63,238,239
42,58,229,230,234
42,58,234,238,239
42,59,118,122,123
42,59,122,123,127
42,59,230,234,235
42,59,234,235,239
42,62,122,126,127
42,101,102,106,117
42,101,105,106,117
42,102,106,107,123
42,102,106,117,122
42,102,106,122,123
42,102,117,118,122
42,102,118,122,123
42,105,106,110,121
42,105,106,117,121
42,106,107,111,127
42,106,107,123,127
42,106,110,111,127
42,106,110,121,122
42,106,110,122,127
42,106,117,121,122
42,106,122,123,127
42,110,121,122,126
42,110,122,126,127
42,213,214,218,230
42,213,217,218,234
42,213,217,233,234
42,213,218,230,234
42,213,229,230,234
42,213,229,233,234
42,214,218,219,230
42,217,218,222,238
42,217,218,234,238
42,217,233,234,238
42,218,219,223,234
42,218,219,230,234
42,218,222,223,238
42,218,223,234,238
42,219,223,234,235
42,219,230,234,235
42,223,234,235,239
42,223,234,238,239
43,44,47,59,127
43,44,47,59,236
43,44,47,108,127
43,44,47,223,236
43,44,59,124,127
43,44,108,124,127
43,44,220,223,236
43,47,59,235,236
43,47,107,108,127
43,47,223,235,236
43,59,118,119,123
43,59,123,124,127
43,102,107,119,123
43,102,118,119,123
43,107,108,123,127
43,108,123,124,127
43,214,215,219,230
43,215,219,230,235
43,219,220,223,236
43,219,223,235,236
44,45,49,61,125
44,45,49,61,236
44,47,59,63,127
44,47,59,63,236
44,49,60,61,125
44,49,60,61,236
44,49,60,124,125
44,59,60,63,127
44,59,60,63,236
44,59,60,124,127
45,46,57,61,125
45,46,57,61,238
45,49,61,236,237
45,49,225,236,237
45,57,61,237,238
45,57,233,237,238
45,97,108,109,125
45,105,109,110,125
45,221,225,236,237
45,221,233,237,238
46,47,51,63,127
46,47,51,63,238
46,51,62,63,127
46,51,62,63,238
46,51,62,126,127
46,57,61,62,125
46,57,61,62,238
46,57,62,125,126
47,51,63,238,239
47,51,227,238,239
47,59,63,236,239
47,59,235,236,239
47,99,110,111,127
47,107,108,111,127
47,223,227,238,239
47,223,235,236,239
48,49,53,69,117
48,49,53,229,245
48,49,60,76,112
48,49,60,236,240
48,49,64,69,117
48,49,64,76,112
48,49,64,112,117
48,49,224,229,245
48,49,224,236,240
48,49,224,240,245
48,51,52,68,112
48,51,52,228,240
48,51,63,79,127
48,51,63,239,255
48,51,64,68,112
48,51,64,79,127
48,51,64,112,127
48,51,224,228,240
48,51,224,239,255
48,51,224,240,255
48,52,53,68,117
48,52,53,228,245
48,52,68,112,117
48,52,228,240,245
48,53,68,69,117
48,53,228,229,245
48,60,63,76,127
48,60,63,236,255
48,60,76,112,127
48,60,236,240,255
48,63,76,79,127
48,63,236,239,255
48,64,68,69,117
48,64,68,112,117
48,64,76,79,127
48,64,76,112,127
48,224,228,229,245
48,224,228,240,245
48,224,236,239,255
48,224,236,240,255
49,50,54,70,114
49,50,54,230,242
49,50,61,77,125
49,50,61,237,253
49,50,66,70,114
49,50,66,77,125
49,50,66,114,125
49,50,226,230,242
49,50,226,237,253
49,50,226,242,253
49,53,54,70,117
49,53,54,230,245
49,53,69,70,117
49,53,229,230,245
49,54,70,114,118
49,54,70,117,118
49,54,230,242,246
49,54,230,245,246
49,60,61,76,125
49,60,61,236,253
49,60,76,112,124
49,60,76,124,125
49,60,236,240,252
49,60,236,252,253
49,61,76,77,125
49,61,236,237,253
49,64,65,69,117
49,64,65,76,113
49,64,65,113,117
49,64,76,112,113
49,64,112,113,117
49,65,66,70,113
49,65,66,77,125
49,65,66,113,125
49,65,69,70,117
49,65,70,113,117
49,65,76,77,125
49,65,76,113,125
49,66,70,113,114
49,66,113,114,125
49,70,113,114,118
49,70,113,117,118
49,76,112,113,124
49,76,113,124,125
49,224,225,229,245
49,224,225,236,241
49,224,225,241,245
49,224,236,240,241
49,224,240,241,245
49,225,226,230,241
49,225,226,237,253
49,225,226,241,253
49,225,229,230,245
49,225,230,241,245
49,225,236,237,253
49,225,236,241,253
49,226,230,241,242
49,226,241,242,253
49,230,241,242,246
49,230,241,245,246
49,236,240,241,252
49,236,241,252,253
50,51,55,71,119
50,51,55,231,247
50,51,62,78,114
50,51,62,238,242
50,51,66,71,119
50,51,66,78,114
50,51,66,114,119
50,51,226,231,247
50,51,226,238,242
50,51,226,242,247
50,54,55,70,119
50,54,55,230,247
50,54,70,114,119
50,54,230,242,247
50,55,70,71,119
50,55,230,231,247
50,61,62,78,125
50,61,62,238,253
50,61,77,78,125
50,61,237,238,253
50,62,78,114,125
50,62,238,242,253
50,66,70,71,119
50,66,70,114,119
50,66,77,78,125
50,66,78,114,125
50,226,230,231,247
50,226,230,242,247
50,226,237,238,253
50,226,238,242,253
51,52,55,68,119
51,52,55,228,247
51,52,68,112,116
51,52,68,116,119
51,52,228,240,244
51,52,228,244,247
51,55,68,71,119
51,55,228,231,247
51,62,63,78,127
51,62,63,238,255
51,62,78,114,126
51,62,78,126,127
51,62,238,242,254
51,62,238,254,255
51,63,78,79,127
51,63,238,239,255
51,64,67,68,115
51,64,67,79,127
51,64,67,115,127
51,64,68,112,115
51,64,112,115,127
51,66,67,71,119
51,66,67,78,115
51,66,67,115,119
51,66,78,114,115
51,66,114,115,119
51,67,68,71,119
51,67,68,115,119
51,67,78,79,127
51,67,78,115,127
51,68,112,115,116
51,68,115,116,119
51,78,114,115,126
51,78,115,126,127
51,224,227,228,243
51,224,227,239,255
51,224,227,243,255
51,224,228,240,243
51,224,240,243,255
51,226,227,231,247
51,226,227,238,243
51,226,227,243,247
51,226,238,242,243
51,226,242,243,247
51,227,228,231,247
51,227,228,243,247
51,227,238,239,255
51,227,238,243,255
51,228,240,243,244
51,228,243,244,247
51,238,242,243,254
51,238,243,254,255
52,53,57,68,117
52,53,57,228,245
52,55,56,68,119
52,55,56,228,247
52,56,57,68,120
52,56,57,228,248
52,56,68,119,120
52,56,228,247,248
52,57,68,116,117
52,57,68,116,120
52,57,228,244,245
52,57,228,244,248
52,68,112,116,117
52,68,116,119,120
52,228,240,244,245
52,228,244,247,248
53,54,58,70,117
53,54,58,230,245
53,57,58,69,117
53,57,58,229,245
53,57,68,69,117
53,57,228,229,245
53,58,69,70,117
53,58,229,230,245
54,55,59,70,119
54,55,59,230,247
54,58,59,70,122
54,58,59,230,250
54,58,70,117,122
54,58,230,245,250
54,59,70,118,119
54,59,70,118,122
54,59,230,246,247
54,59,230,246,250
54,70,114,118,119
54,70,117,118,122
54,230,242,246,247
54,230,245,246,250
55,56,59,71,119
55,56,59,231,247
55,56,68,71,119
55,56,228,231,247
55,59,70,71,119
55,59,230,231,247
56,57,61,77,125
56,57,61,237,253
56,57,68,72,120
56,57,72,77,125
56,57,72,120,125
56,57,228,232,248
56,57,232,237,253
56,57,232,248,253
56,59,60,76,120
56,59,60,236,248
56,59,71,72,119
56,59,72,76,120
56,59,72,119,120
56,59,231,232,247
56,59,232,236,248
56,59,232,247,248
56,60,61,76,125
56,60,61,236,253
56,60,76,120,125
56,60,236,248,253
56,61,76,77,125
56,61,236,237,253
56,68,71,72,119
56,68,72,119,120
56,72,76,77,125
56,72,76,120,125
56,228,231,232,247
56,228,232,247,248
56,232,236,237,253
56,232,236,248,253
57,58,62,78,122
57,58,62,238,250
57,58,69,74,117
57,58,74,78,122
57,58,74,117,122
57,58,229,234,245
57,58,234,238,250
57,58,234,245,250
57,61,62,78,125
57,61,62,238,253
57,61,77,78,125
57,61,237,238,253
57,62,78,122,126
57,62,78,125,126
57,62,238,250,254
57,62,238,253,254
57,68,69,73,117
57,68,72,73,121
57,68,72,120,121
57,68,73,117,121
57,68,116,117,121
57,68,116,120,121
57,69,73,74,117
57,72,73,77,125
57,72,73,121,125
57,72,120,121,125
57,73,74,78,121
57,73,74,117,121
57,73,77,78,125
57,73,78,121,125
57,74,78,121,122
57,74,117,121,122
57,78,121,122,126
57,78,121,125,126
57,228,229,233,245
57,228,232,233,249
57,228,232,248,249
57,228,233,245,249
57,228,244,245,249
57,228,244,248,249
57,229,233,234,245
57,232,233,237,253
57,232,233,249,253
57,232,248,249,253
57,233,234,238,249
57,233,234,245,249
57,233,237,238,253
57,233,238,249,253
57,234,238,249,250
57,234,245,249,250
57,238,249,250,254
57,238,249,253,254
58,59,63,79,127
58,59,63,239,255
58,59,70,74,122
58,59,74,79,127
58,59,74,122,127
58,59,230,234,250
58,59,234,239,255
58,59,234,250,255
58,62,63,78,127
58,62,63,238,255
58,62,78,122,127
58,62,238,250,255
58,63,78,79,127
58,63,238,239,255
58,69,70,74,117
58,70,74,117,122
58,74,78,79,127
58,74,78,122,127
58,229,230,234,245
58,230,234,245,250
58,234,238,239,255
58,234,238,250,255
59,60,63,76,127
59,60,63,236,255
59,60,76,120,124
59,60,76,124,127
59,60,236,248,252
59,60,236,252,255
59,63,76,79,127
59,63,236,239,255
59,70,71,75,119
59,70,74,75,123
59,70,74,122,123
59,70,75,119,123
59,70,118,119,123
59,70,118,122,123
59,71,72,75,119
59,72,75,76,123
59,72,75,119,123
59,72,76,120,123
59,72,119,120,123
59,74,75,79,127
59,74,75,123,127
59,74,122,123,127
59,75,76,79,127
59,75,76,123,127
59,76,120,123,124
59,76,123,124,127
59,230,231,235,247
59,230,234,235,251
59,230,234,250,251
59,230,235,247,251
59,230,246,247,251
59,230,246,250,251
59,231,232,235,247
59,232,235,236,251
59,232,235,247,251
59,232,236,248,251
59,232,247,248,251
59,234,235,239,255
59,234,235,251,255
59,234,250,251,255
59,235,236,239,255
59,235,236,251,255
59,236,248,251,252
59,236,251,252,255
60,76,112,124,127
60,76,120,124,125
60,236,240,252,255
60,236,248,252,253
62,78,114,125,126
62,78,122,126,127
62,238,242,253,254
62,238,250,254,255
64,65,69,85,145
64,65,69,117,128
64,65,69,128,145
64,65,76,81,145
64,65,76,113,128
64,65,76,128,145
64,65,81,85,145
64,65,113,117,128
64,67,68,83,147
64,67,68,115,128
64,67,68,128,147
64,67,79,95,147
64,67,79,127,128
64,67,79,128,147
64,67,83,95,147
64,67,115,127,128
64,68,69,85,144
64,68,69,117,128
64,68,69,128,144
64,68,80,83,147
64,68,80,85,144
64,68,80,144,147
64,68,112,115,128
64,68,112,117,128
64,68,128,144,147
64,69,85,144,145
64,69,128,144,145
64,76,79,95,144
64,76,79,127,128
64,76,79,128,144
64,76,80,81,145
64,76,80,95,144
64,76,80,144,145
64,76,112,113,128
64,76,112,127,128
64,76,128,144,145
64,79,95,144,147
64,79,128,144,147
64,80,81,85,145
64,80,83,95,147
64,80,85,144,145
64,80,95,144,147
64,112,113,117,128
64,112,115,127,128
65,66,70,81,145
65,66,70,113,130
65,66,70,130,145
65,66,77,93,145
65,66,77,125,130
65,66,77,130,145
65,66,81,93,145
65,66,113,125,130
65,69,70,85,145
65,69,70,117,133
65,69,70,133,145
65,69,117,128,133
65,69,128,133,145
65,70,81,85,145
65,70,113,117,129
65,70,113,129,130
65,70,117,129,133
65,70,129,130,145
65,70,129,133,145
65,76,77,93,145
65,76,77,125,141
65,76,77,141,145
65,76,81,93,145
65,76,113,125,129
65,76,113,128,129
65,76,125,129,141
65,76,128,129,145
65,76,129,141,145
65,77,125,130,141
65,77,130,141,145
65,113,117,128,129
65,113,125,129,130
65,117,128,129,133
65,125,129,130,141
65,128,129,133,145
65,129,130,141,145
66,67,71,87,147
66,67,71,119,130
66,67,71,130,147
66,67,78,83,147
66,67,78,115,130
66,67,78,130,147
66,67,83,87,147
66,67,115,119,130
66,70,71,87,146
66,70,71,119,130
66,70,71,130,146
66,70,81,82,145
66,70,82,87,146
66,70,82,145,146
66,70,113,114,130
66,70,114,119,130
66,70,130,145,146
66,71,87,146,147
66,71,130,146,147
66,77,78,93,146
66,77,78,125,130
66,77,78,130,146
66,77,93,145,146
66,77,130,145,146
66,78,82,83,147
66,78,82,93,146
66,78,82,146,147
66,78,114,115,130
66,78,114,125,130
66,78,130,146,147
66,81,82,93,145
66,82,83,87,147
66,82,87,146,147
66,82,93,145,146
66,113,114,125,130
66,114,115,119,130
67,68,71,87,147
67,68,71,119,135
67,68,71,135,147
67,68,83,87,147
67,68,115,119,131
67,68,115,128,131
67,68,119,131,135
67,68,128,131,147
67,68,131,135,147
67,71,119,130,135
67,71,130,135,147
67,78,79,95,147
67,78,79,127,143
67,78,79,143,147
67,78,83,95,147
67,78,115,127,131
67,78,115,130,131
67,78,127,131,143
67,78,130,131,147
67,78,131,143,147
67,79,127,128,143
67,79,128,143,147
67,115,119,130,131
67,115,127,128,131
67,119,130,131,135
67,127,128,131,143
67,128,131,143,147
67,130,131,135,147
68,69,73,85,153
68,69,73,117,133
68,69,73,133,153
68,69,85,144,149
68,69,85,149,153
68,69,117,128,133
68,69,128,133,149
68,69,128,144,149
68,69,133,149,153
68,71,72,87,152
68,71,72,119,136
68,71,72,136,152
68,71,87,147,151
68,71,87,151,152
68,71,119,135,136
68,71,135,136,151
68,71,135,147,151
68,71,136,151,152
68,72,73,89,153
68,72,73,121,136
68,72,73,136,153
68,72,87,88,152
68,72,88,89,153
68,72,88,152,153
68,72,119,120,136
68,72,120,121,136
68,72,136,152,153
68,73,85,89,153
68,73,117,121,137
68,73,117,133,137
68,73,121,136,137
68,73,133,137,153
68,73,136,137,153
68,80,83,84,147
68,80,84,85,148
68,80,84,147,148
68,80,85,144,148
68,80,144,147,148
68,83,84,87,147
68,84,85,89,153
68,84,85,148,153
68,84,87,88,148
68,84,87,147,148
68,84,88,89,153
68,84,88,148,153
68,85,144,148,149
68,85,148,149,153
68,87,88,148,152
68,87,147,148,151
68,87,148,151,152
68,88,148,152,153
68,112,115,116,128
68,112,116,117,128
68,115,116,119,131
68,115,116,128,131
68,116,117,121,137
68,116,117,128,132
68,116,117,132,137
68,116,119,120,136
68,116,119,131,132
68,116,119,132,136
68,116,120,121,136
68,116,121,136,137
68,116,128,131,132
68,116,132,136,137
68,117,128,132,133
68,117,132,133,137
68,119,131,132,135
68,119,132,135,136
68,128,131,132,147
68,128,132,133,149
68,128,132,147,148
68,128,132,148,149
68,128,144,147,148
68,128,144,148,149
68,131,132,135,147
68,132,133,137,153
68,132,133,149,153
68,132,135,136,151
68,132,135,147,151
68,132,136,137,153
68,132,136,148,151
68,132,136,148,153
68,132,147,148,151
68,132,148,149,153
68,136,148,151,152
68,136,148,152,153
69,70,74,85,154
69,70,74,117,138
69,70,74,138,154
69,70,85,145,149
69,70,85,149,154
69,70,117,133,138
69,70,133,138,149
69,70,133,145,149
69,70,138,149,154
69,73,74,85,153
69,73,74,117,138
69,73,74,138,153
69,73,117,133,138
69,73,133,138,153
69,74,85,153,154
69,74,138,153,154
69,85,144,145,149
69,85,149,153,154
69,128,133,145,149
69,128,144,145,149
69,133,138,149,153
69,138,149,153,154
70,71,75,87,155
70,71,75,119,135
70,71,75,135,155
70,71,87,146,151
70,71,87,151,155
70,71,119,130,135
70,71,130,135,151
70,71,130,146,151
70,71,135,151,155
70,74,75,91,155
70,74,75,123,138
70,74,75,138,155
70,74,85,90,154
70,74,90,91,155
70,74,90,154,155
70,74,117,122,138
70,74,122,123,138
70,74,138,154,155
70,75,87,91,155
70,75,119,123,139
70,75,119,135,139
70,75,123,138,139
70,75,135,139,155
70,75,138,139,155
70,81,82,86,145
70,81,85,86,145
70,82,86,87,150
70,82,86,145,150
70,82,87,146,150
70,82,145,146,150
70,85,86,90,150
70,85,86,145,150
70,85,90,150,154
70,85,145,149,150
70,85,149,150,154
70,86,87,91,155
70,86,87,150,155
70,86,90,91,155
70,86,90,150,155
70,87,146,150,151
70,87,150,151,155
70,90,150,154,155
70,113,114,118,130
70,113,117,118,129
70,113,118,129,130
70,114,118,119,130
70,117,118,122,138
70,117,118,129,134
70,117,118,134,138
70,117,129,133,134
70,117,133,134,138
70,118,119,123,139
70,118,119,130,134
70,118,119,134,139
70,118,122,123,138
70,118,123,138,139
70,118,129,130,134
70,118,134,138,139
70,119,130,134,135
70,119,134,135,139
70,129,130,134,145
70,129,133,134,145
70,130,134,135,151
70,130,134,145,150
70,130,134,150,151
70,130,145,146,150
70,130,146,150,151
70,133,134,138,149
70,133,134,145,149
70,134,135,139,155
70,134,135,151,155
70,134,138,139,155
70,134,138,149,150
70,134,138,150,155
70,134,145,149,150
70,134,150,151,155
70,138,149,150,154
70,138,150,154,155
71,72,75,87,155
71,72,75,119,136
71,72,75,136,155
71,72,87,152,155
71,72,136,152,155
71,75,119,135,136
71,75,135,136,155
71,87,146,147,151
71,87,151,152,155
71,130,135,147,151
71,130,146,147,151
71,135,136,151,155
71,136,151,152,155
72,73,77,93,153
72,73,77,125,136
72,73,77,136,153
72,73,89,93,153
72,73,121,125,136
72,75,76,91,155
72,75,76,123,136
72,75,76,136,155
72,75,87,91,155
72,75,119,123,136
72,76,77,93,152
72,76,77,125,136
72,76,77,136,152
72,76,88,91,155
72,76,88,93,152
72,76,88,152,155
72,76,120,123,136
72,76,120,125,136
72,76,136,152,155
72,77,93,152,153
72,77,136,152,153
72,87,88,91,155
72,87,88,152,155
72,88,89,93,153
72,88,93,152,153
72,119,120,123,136
72,120,121,125,136
73,74,78,89,153
73,74,78,121,138
73,74,78,138,153
73,74,85,89,153
73,74,117,121,138
73,77,78,93,153
73,77,78,125,141
73,77,78,141,153
73,77,125,136,141
73,77,136,141,153
73,78,89,93,153
73,78,121,125,137
73,78,121,137,138
73,78,125,137,141
73,78,137,138,153
73,78,137,141,153
73,117,121,137,138
73,117,133,137,138
73,121,125,136,137
73,125,136,137,141
73,133,137,138,153
73,136,137,141,153
74,75,79,95,155
74,75,79,127,138
74,75,79,138,155
74,75,91,95,155
74,75,123,127,138
74,78,79,95,154
74,78,79,127,138
74,78,79,138,154
74,78,89,90,153
74,78,90,95,154
74,78,90,153,154
74,78,121,122,138
74,78,122,127,138
74,78,138,153,154
74,79,95,154,155
74,79,138,154,155
74,85,89,90,153
74,85,90,153,154
74,90,91,95,155
74,90,95,154,155
74,117,121,122,138
74,122,123,127,138
75,76,79,95,155
75,76,79,127,143
75,76,79,143,155
75,76,91,95,155
75,76,123,127,139
75,76,123,136,139
75,76,127,139,143
75,76,136,139,155
75,76,139,143,155
75,79,127,138,143
75,79,138,143,155
75,119,123,136,139
75,119,135,136,139
75,123,127,138,139
75,127,138,139,143
75,135,136,139,155
75,138,139,143,155
76,77,93,145,157
76,77,93,152,157
76,77,125,136,141
76,77,136,141,157
76,77,136,152,157
76,77,141,145,157
76,79,95,144,159
76,79,95,155,159
76,79,127,128,143
76,79,128,143,159
76,79,128,144,159
76,79,143,155,159
76,80,81,92,145
76,80,92,95,156
76,80,92,145,156
76,80,95,144,156
76,80,144,145,156
76,81,92,93,145
76,88,91,92,155
76,88,92,93,156
76,88,92,155,156
76,88,93,152,156
76,88,152,155,156
76,91,92,95,155
76,92,93,145,156
76,92,95,155,156
76,93,145,156,157
76,93,152,156,157
76,95,144,156,159
76,95,155,156,159
76,112,113,124,128
76,112,124,127,128
76,113,124,125,129
76,113,124,128,129
76,120,123,124,136
76,120,124,125,136
76,123,124,127,139
76,123,124,136,139
76,124,125,129,140
76,124,125,136,140
76,124,127,128,140
76,124,127,139,140
76,124,128,129,140
76,124,136,139,140
76,125,129,140,141
76,125,136,140,141
76,127,128,140,143
76,127,139,140,143
76,128,129,140,145
76,128,140,143,159
76,128,140,145,156
76,128,140,156,159
76,128,144,145,156
76,128,144,156,159
76,129,140,141,145
76,136,139,140,155
76,136,140,141,157
76,136,140,155,156
76,136,140,156,157
76,136,152,155,156
76,136,152,156,157
76,139,140,143,155
76,140,141,145,157
76,140,143,155,159
76,140,145,156,157
76,140,155,156,159
77,78,93,146,157
77,78,93,153,157
77,78,125,130,141
77,78,130,141,157
77,78,130,146,157
77,78,141,153,157
77,93,145,146,157
77,93,152,153,157
77,130,141,145,157
77,130,145,146,157
77,136,141,153,157
77,136,152,153,157
78,79,95,147,159
78,79,95,154,159
78,79,127,138,143
78,79,138,143,159
78,79,138,154,159
78,79,143,147,159
78,82,83,94,147
78,82,93,94,158
78,82,93,146,158
78,82,94,147,158
78,82,146,147,158
78,83,94,95,147
78,89,90,94,153
78,89,93,94,153
78,90,94,95,158
78,90,94,153,158
78,90,95,154,158
78,90,153,154,158
78,93,94,153,158
78,93,146,157,158
78,93,153,157,158
78,94,95,147,158
78,95,147,158,159
78,95,154,158,159
78,114,115,126,130
78,114,125,126,130
78,115,126,127,131
78,115,126,130,131
78,121,122,126,138
78,121,125,126,137
78,121,126,137,138
78,122,126,127,138
78,125,126,130,142
78,125,126,137,142
78,125,130,141,142
78,125,137,141,142
78,126,127,131,142
78,126,127,138,142
78,126,130,131,142
78,126,137,138,142
78,127,131,142,143
78,127,138,142,143
78,130,131,142,147
78,130,141,142,157
78,130,142,147,158
78,130,142,157,158
78,130,146,147,158
78,130,146,157,158
78,131,142,143,147
78,137,138,142,153
78,137,141,142,153
78,138,142,143,159
78,138,142,153,158
78,138,142,158,159
78,138,153,154,158
78,138,154,158,159
78,141,142,153,157
78,142,143,147,159
78,142,147,158,159
78,142,153,157,158
79,95,144,147,159
79,95,154,155,159
79,128,143,147,159
79,128,144,147,159
79,138,143,155,159
79,138,154,155,159
80,81,85,96,160
80,81,85,145,160
80,81,92,108,160
80,81,92,145,160
80,81,96,108,160
80,83,84,100,160
80,83,84,147,160
80,83,95,96,160
80,83,95,147,160
80,83,96,100,160
80,84,85,100,160
80,84,85,148,160
80,84,147,148,160
80,85,96,100,160
80,85,144,145,160
80,85,144,148,160
80,92,95,108,160
80,92,95,156,160
80,92,145,156,160
80,95,96,108,160
80,95,144,147,160
80,95,144,156,160
80,144,145,156,160
80,144,147,148,160
81,82,86,102,162
81,82,86,145,162
81,82,93,98,162
81,82,93,145,162
81,82,98,102,162
81,85,86,102,161
81,85,86,145,161
81,85,96,97,160
81,85,97,102,161
81,85,97,160,161
81,85,145,160,161
81,86,102,161,162
81,86,145,161,162
81,92,93,108,161
81,92,93,145,161
81,92,108,160,161
81,92,145,160,161
81,93,97,98,162
81,93,97,108,161
81,93,97,161,162
81,93,145,161,162
81,96,97,108,160
81,97,98,102,162
81,97,102,161,162
81,97,108,160,161
82,83,87,98,162
82,83,87,147,162
82,83,94,110,162
82,83,94,147,162
82,83,98,110,162
82,86,87,102,162
82,86,87,150,162
82,86,145,150,162
82,87,98,102,162
82,87,146,147,162
82,87,146,150,162
82,93,94,110,162
82,93,94,158,162
82,93,98,110,162
82,93,145,146,162
82,93,146,158,162
82,94,147,158,162
82,145,146,150,162
82,146,147,158,162
83,84,87,100,163
83,84,87,147,163
83,84,100,160,163
83,84,147,160,163
83,87,98,99,162
83,87,99,100,163
83,87,99,162,163
83,87,147,162,163
83,94,95,110,163
83,94,95,147,163
83,94,110,162,163
83,94,147,162,163
83,95,96,99,160
83,95,99,110,163
83,95,99,160,163
83,95,147,160,163
83,96,99,100,160
83,98,99,110,162
83,99,100,160,163
83,99,110,162,163
84,85,89,100,169
84,85,89,153,169
84,85,100,160,164
84,85,100,164,169
84,85,148,153,164
84,85,148,160,164
84,85,153,164,169
84,87,88,100,168
84,87,88,148,168
84,87,100,163,164
84,87,100,164,168
84,87,147,148,164
84,87,147,163,164
84,87,148,164,168
84,88,89,100,168
84,88,89,153,168
84,88,148,153,168
84,89,100,168,169
84,89,153,168,169
84,100,160,163,164
84,100,164,168,169
84,147,148,160,164
84,147,160,163,164
84,148,153,164,168
84,153,164,168,169
85,86,90,102,170
85,86,90,150,170
85,86,102,161,166
85,86,102,166,170
85,86,145,150,166
85,86,145,161,166
85,86,150,166,170
85,89,90,106,170
85,89,90,153,170
85,89,100,105,169
85,89,105,106,170
85,89,105,169,170
85,89,153,169,170
85,90,102,106,170
85,90,150,154,170
85,90,153,154,170
85,96,97,101,160
85,96,100,101,160
85,97,101,102,165
85,97,101,160,165
85,97,102,161,165
85,97,160,161,165
85,100,101,105,165
85,100,101,160,165
85,100,105,165,169
85,100,160,164,165
85,100,164,165,169
85,101,102,106,170
85,101,102,165,170
85,101,105,106,170
85,101,105,165,170
85,102,161,165,166
85,102,165,166,170
85,105,165,169,170
85,144,145,149,160
85,144,148,149,160
85,145,149,150,166
85,145,149,160,165
85,145,149,165,166
85,145,160,161,165
85,145,161,165,166
85,148,149,153,164
85,148,149,160,164
85,149,150,154,170
85,149,150,166,170
85,149,153,154,170
85,149,153,164,165
85,149,153,165,170
85,149,160,164,165
85,149,165,166,170
85,153,164,165,169
85,153,165,169,170
86,87,91,102,171
86,87,91,155,171
86,87,102,162,166
86,87,102,166,171
86,87,150,155,166
86,87,150,162,166
86,87,155,166,171
86,90,91,102,170
86,90,91,155,170
86,90,150,155,170
86,91,102,170,171
86,91,155,170,171
86,102,161,162,166
86,102,166,170,171
86,145,150,162,166
86,145,161,162,166
86,150,155,166,170
86,155,166,170,171
87,88,91,104,168
87,88,91,155,168
87,88,100,104,168
87,88,148,152,168
87,88,152,155,168
87,91,102,107,171
87,91,104,107,168
87,91,107,168,171
87,91,155,168,171
87,98,99,103,162
87,98,102,103,162
87,99,100,103,167
87,99,100,163,167
87,99,103,162,167
87,99,162,163,167
87,100,103,104,168
87,100,103,167,168
87,100,163,164,167
87,100,164,167,168
87,102,103,107,167
87,102,103,162,167
87,102,107,167,171
87,102,162,166,167
87,102,166,167,171
87,103,104,107,168
87,103,107,167,168
87,107,167,168,171
87,146,147,151,162
87,146,150,151,162
87,147,148,151,164
87,147,151,162,167
87,147,151,164,167
87,147,162,163,167
87,147,163,164,167
87,148,151,152,168
87,148,151,164,168
87,150,151,155,166
87,150,151,162,166
87,151,152,155,168
87,151,155,166,167
87,151,155,167,168
87,151,162,166,167
87,151,164,167,168
87,155,166,167,171
87,155,167,168,171
88,89,93,104,168
88,89,93,153,168
88,89,100,104,168
88,91,92,108,168
88,91,92,155,168
88,91,104,108,168
88,92,93,108,168
88,92,93,156,168
88,92,155,156,168
88,93,104,108,168
88,93,152,153,168
88,93,152,156,168
88,148,152,153,168
88,152,155,156,168
89,90,94,110,170
89,90,94,153,170
89,90,106,110,170
89,93,94,110,169
89,93,94,153,169
89,93,104,105,168
89,93,105,110,169
89,93,105,168,169
89,93,153,168,169
89,94,110,169,170
89,94,153,169,170
89,100,104,105,168
89,100,105,168,169
89,105,106,110,170
89,105,110,169,170
90,91,95,106,170
90,91,95,155,170
90,91,102,106,170
90,94,95,110,170
90,94,95,158,170
90,94,153,158,170
90,95,106,110,170
90,95,154,155,170
90,95,154,158,170
90,150,154,155,170
90,153,154,158,170
91,92,95,108,171
91,92,95,155,171
91,92,108,168,171
91,92,155,168,171
91,95,106,107,170
91,95,107,108,171
91,95,107,170,171
91,95,155,170,171
91,102,106,107,170
91,102,107,170,171
91,104,107,108,168
91,107,108,168,171
92,93,108,161,172
92,93,108,168,172
92,93,145,156,172
92,93,145,161,172
92,93,156,168,172
92,95,108,160,172
92,95,108,171,172
92,95,155,156,172
92,95,155,171,172
92,95,156,160,172
92,108,160,161,172
92,108,168,171,172
92,145,156,160,172
92,145,160,161,172
92,155,156,168,172
92,155,168,171,172
93,94,110,162,174
93,94,110,169,174
93,94,153,158,174
93,94,153,169,174
93,94,158,162,174
93,97,98,109,162
93,97,108,109,173
93,97,108,161,173
93,97,109,162,173
93,97,161,162,173
93,98,109,110,162
93,104,105,109,168
93,104,108,109,168
93,105,109,110,173
93,105,109,168,173
93,105,110,169,173
93,105,168,169,173
93,108,109,168,173
93,108,161,172,173
93,108,168,172,173
93,109,110,162,173
93,110,162,173,174
93,110,169,173,174
93,145,146,157,162
93,145,156,157,172
93,145,157,162,173
93,145,157,172,173
93,145,161,162,173
93,145,161,172,173
93,146,157,158,162
93,152,153,157,168
93,152,156,157,168
93,153,157,158,174
93,153,157,168,173
93,153,157,173,174
93,153,168,169,173
93,153,169,173,174
93,156,157,168,172
93,157,158,162,174
93,157,162,173,174
93,157,168,172,173
94,95,110,163,174
94,95,110,170,174
94,95,147,158,174
94,95,147,163,174
94,95,158,170,174
94,110,162,163,174
94,110,169,170,174
94,147,158,162,174
94,147,162,163,174
94,153,158,170,174
94,153,169,170,174
95,96,99,111,160
95,96,108,111,160
95,99,110,111,175
95,99,110,163,175
95,99,111,160,175
95,99,160,163,175
95,106,107,111,170
95,106,110,111,170
95,107,108,111,175
95,107,108,171,175
95,107,111,170,175
95,107,170,171,175
95,108,111,160,175
95,108,160,172,175
95,108,171,172,175
95,110,111,170,175
95,110,163,174,175
95,110,170,174,175
95,144,147,159,160
95,144,156,159,160
95,147,158,159,174
95,147,159,160,175
95,147,159,174,175
95,147,160,163,175
95,147,163,174,175
95,154,155,159,170
95,154,158,159,170
95,155,156,159,172
95,155,159,170,175
95,155,159,172,175
95,155,170,171,175
95,155,171,172,175
95,156,159,160,172
95,158,159,170,174
95,159,160,172,175
95,159,170,174,175
96,97,101,117,177
96,97,101,160,177
96,97,108,113,177
96,97,108,160,177
96,97,113,117,177
96,99,100,115,179
96,99,100,160,179
96,99,111,127,179
96,99,111,160,179
96,99,115,127,179
96,100,101,117,176
96,100,101,160,176
96,100,112,115,179
96,100,112,117,176
96,100,112,176,179
96,100,160,176,179
96,101,117,176,177
96,101,160,176,177
96,108,111,127,176
96,108,111,160,176
96,108,112,113,177
96,108,112,127,176
96,108,112,176,177
96,108,160,176,177
96,111,127,176,179
96,111,160,176,179
96,112,113,117,177
96,112,115,127,179
96,112,117,176,177
96,112,127,176,179
97,98,102,113,177
97,98,102,162,177
97,98,109,125,177
97,98,109,162,177
97,98,113,125,177
97,101,102,117,177
97,101,102,165,177
97,101,160,165,177
97,102,113,117,177
97,102,161,162,177
97,102,161,165,177
97,108,109,125,177
97,108,109,173,177
97,108,113,125,177
97,108,160,161,177
97,108,161,173,177
97,109,162,173,177
97,160,161,165,177
97,161,162,173,177
98,99,103,119,179
98,99,103,162,179
98,99,110,115,179
98,99,110,162,179
98,99,115,119,179
98,102,103,119,178
98,102,103,162,178
98,102,113,114,177
98,102,114,119,178
98,102,114,177,178
98,102,162,177,178
98,103,119,178,179
98,103,162,178,179
98,109,110,125,178
98,109,110,162,178
98,109,125,177,178
98,109,162,177,178
98,110,114,115,179
98,110,114,125,178
98,110,114,178,179
98,110,162,178,179
98,113,114,125,177
98,114,115,119,179
98,114,119,178,179
98,114,125,177,178
99,100,103,119,179
99,100,103,167,179
99,100,115,119,179
99,100,160,163,179
99,100,163,167,179
99,103,162,167,179
99,110,111,127,179
99,110,111,175,179
99,110,115,127,179
99,110,162,163,179
99,110,163,175,179
99,111,160,175,179
99,160,163,175,179
99,162,163,167,179
100,101,105,117,185
100,101,105,165,185
100,101,117,176,181
100,101,117,181,185
100,101,160,165,181
100,101,160,176,181
100,101,165,181,185
100,103,104,119,184
100,103,104,168,184
100,103,119,179,183
100,103,119,183,184
100,103,167,168,183
100,103,167,179,183
100,103,168,183,184
100,104,105,121,185
100,104,105,168,185
100,104,119,120,184
100,104,120,121,185
100,104,120,184,185
100,104,168,184,185
100,105,117,121,185
100,105,165,169,185
100,105,168,169,185
100,112,115,116,179
100,112,116,117,180
100,112,116,179,180
100,112,117,176,180
100,112,176,179,180
100,115,116,119,179
100,116,117,121,185
100,116,117,180,185
100,116,119,120,180
100,116,119,179,180
100,116,120,121,185
100,116,120,180,185
100,117,176,180,181
100,117,180,181,185
100,119,120,180,184
100,119,179,180,183
100,119,180,183,184
100,120,180,184,185
100,160,163,164,179
100,160,164,165,181
100,160,164,179,180
100,160,164,180,181
100,160,176,179,180
100,160,176,180,181
100,163,164,167,179
100,164,165,169,185
100,164,165,181,185
100,164,167,168,183
100,164,167,179,183
100,164,168,169,185
100,164,168,180,183
100,164,168,180,185
100,164,179,180,183
100,164,180,181,185
100,168,180,183,184
100,168,180,184,185
101,102,106,117,186
101,102,106,170,186
101,102,117,177,181
101,102,117,181,186
101,102,165,170,181
101,102,165,177,181
101,102,170,181,186
101,105,106,117,185
101,105,106,170,185
101,105,165,170,185
101,106,117,185,186
101,106,170,185,186
101,117,176,177,181
101,117,181,185,186
101,160,165,177,181
101,160,176,177,181
101,165,170,181,185
101,170,181,185,186
102,103,107,119,187
102,103,107,167,187
102,103,119,178,183
102,103,119,183,187
102,103,162,167,183
102,103,162,178,183
102,103,167,183,187
102,106,107,123,187
102,106,107,170,187
102,106,117,122,186
102,106,122,123,187
102,106,122,186,187
102,106,170,186,187
102,107,119,123,187
102,107,167,171,187
102,107,170,171,187
102,113,114,118,177
102,113,117,118,177
102,114,118,119,182
102,114,118,177,182
102,114,119,178,182
102,114,177,178,182
102,117,118,122,182
102,117,118,177,182
102,117,122,182,186
102,117,177,181,182
102,117,181,182,186
102,118,119,123,187
102,118,119,182,187
102,118,122,123,187
102,118,122,182,187
102,119,178,182,183
102,119,182,183,187
102,122,182,186,187
102,161,162,166,177
102,161,165,166,177
102,162,166,167,183
102,162,166,177,182
102,162,166,182,183
102,162,177,178,182
102,162,178,182,183
102,165,166,170,181
102,165,166,177,181
102,166,167,171,187
102,166,167,183,187
102,166,170,171,187
102,166,170,181,182
102,166,170,182,187
102,166,177,181,182
102,166,182,183,187
102,170,181,182,186
102,170,182,186,187
103,104,107,119,187
103,104,107,168,187
103,104,119,184,187
103,104,168,184,187
103,107,167,168,187
103,119,178,179,183
103,119,183,184,187
103,162,167,179,183
103,162,178,179,183
103,167,168,183,187
103,168,183,184,187
104,105,109,125,185
104,105,109,168,185
104,105,121,125,185
104,107,108,123,187
104,107,108,168,187
104,107,119,123,187
104,108,109,125,184
104,108,109,168,184
104,108,120,123,187
104,108,120,125,184
104,108,120,184,187
104,108,168,184,187
104,109,125,184,185
104,109,168,184,185
104,119,120,123,187
104,119,120,184,187
104,120,121,125,185
104,120,125,184,185
105,106,110,121,185
105,106,110,170,185
105,106,117,121,185
105,109,110,125,185
105,109,110,173,185
105,109,168,173,185
105,110,121,125,185
105,110,169,170,185
105,110,169,173,185
105,165,169,170,185
105,168,169,173,185
106,107,111,127,187
106,107,111,170,187
106,107,123,127,187
106,110,111,127,186
106,110,111,170,186
106,110,121,122,185
106,110,122,127,186
106,110,122,185,186
106,110,170,185,186
106,111,127,186,187
106,111,170,186,187
106,117,121,122,185
106,117,122,185,186
106,122,123,127,187
106,122,127,186,187
107,108,111,127,187
107,108,111,175,187
107,108,123,127,187
107,108,168,171,187
107,108,171,175,187
107,111,170,175,187
107,167,168,171,187
107,170,171,175,187
108,109,125,177,189
108,109,125,184,189
108,109,168,173,189
108,109,168,184,189
108,109,173,177,189
108,111,127,176,191
108,111,127,187,191
108,111,160,175,191
108,111,160,176,191
108,111,175,187,191
108,112,113,124,177
108,112,124,127,188
108,112,124,177,188
108,112,127,176,188
108,112,176,177,188
108,113,124,125,177
108,120,123,124,187
108,120,124,125,188
108,120,124,187,188
108,120,125,184,188
108,120,184,187,188
108,123,124,127,187
108,124,125,177,188
108,124,127,187,188
108,125,177,188,189
108,125,184,188,189
108,127,176,188,191
108,127,187,188,191
108,160,161,172,177
108,160,172,175,191
108,160,172,177,188
108,160,172,188,191
108,160,176,177,188
108,160,176,188,191
108,161,172,173,177
108,168,171,172,187
108,168,172,173,189
108,168,172,187,188
108,168,172,188,189
108,168,184,187,188
108,168,184,188,189
108,171,172,175,187
108,172,173,177,189
108,172,175,187,191
108,172,177,188,189
108,172,187,188,191
109,110,125,178,189
109,110,125,185,189
109,110,162,173,189
109,110,162,178,189
109,110,173,185,189
109,125,177,178,189
109,125,184,185,189
109,162,173,177,189
109,162,177,178,189
109,168,173,185,189
109,168,184,185,189
110,111,127,179,191
110,111,127,186,191
110,111,170,175,191
110,111,170,186,191
110,111,175,179,191
110,114,115,126,179
110,114,125,126,190
110,114,125,178,190
110,114,126,179,190
110,114,178,179,190
110,115,126,127,179
110,121,122,126,185
110,121,125,126,185
110,122,126,127,190
110,122,126,185,190
110,122,127,186,190
110,122,185,186,190
110,125,126,185,190
110,125,178,189,190
110,125,185,189,190
110,126,127,179,190
110,127,179,190,191
110,127,186,190,191
110,162,163,174,179
110,162,173,174,189
110,162,174,179,190
110,162,174,189,190
110,162,178,179,190
110,162,178,189,190
110,163,174,175,179
110,169,170,174,185
110,169,173,174,185
110,170,174,175,191
110,170,174,185,190
110,170,174,190,191
110,170,185,186,190
110,170,186,190,191
110,173,174,185,189
110,174,175,179,191
110,174,179,190,191
110,174,185,189,190
111,127,176,179,191
111,127,186,187,191
111,160,175,179,191
111,160,176,179,191
111,170,175,187,191
111,170,186,187,191
112,113,117,128,177
112,113,124,128,177
112,115,116,128,179
112,115,127,128,179
112,116,117,128,180
112,116,128,179,180
112,117,128,176,177
112,117,128,176,180
112,124,127,128,188
112,124,128,177,188
112,127,128,176,179
112,127,128,176,188
112,128,176,177,188
112,128,176,179,180
113,114,118,130,177
113,114,125,130,177
113,117,118,129,177
113,117,128,129,177
113,118,129,130,177
113,124,125,129,177
113,124,128,129,177
113,125,129,130,177
114,115,119,130,179
114,115,126,130,179
114,118,119,130,182
114,118,130,177,182
114,119,130,178,179
114,119,130,178,182
114,125,126,130,190
114,125,130,177,178
114,125,130,178,190
114,126,130,179,190
114,130,177,178,182
114,130,178,179,190
115,116,119,131,179
115,116,128,131,179
115,119,130,131,179
115,126,127,131,179
115,126,130,131,179
115,127,128,131,179
116,117,121,137,185
116,117,128,132,180
116,117,132,137,185
116,117,132,180,185
116,119,120,136,180
116,119,131,132,179
116,119,132,136,180
116,119,132,179,180
116,120,121,136,185
116,120,136,180,185
116,121,136,137,185
116,128,131,132,179
116,128,132,179,180
116,132,136,137,185
116,132,136,180,185
117,118,122,138,182
117,118,129,134,177
117,118,134,138,182
117,118,134,177,182
117,121,122,138,185
117,121,137,138,185
117,122,138,182,186
117,122,138,185,186
117,128,129,133,177
117,128,132,133,181
117,128,132,180,181
117,128,133,177,181
117,128,176,177,181
117,128,176,180,181
117,129,133,134,177
117,132,133,137,185
117,132,133,181,185
117,132,180,181,185
117,133,134,138,181
117,133,134,177,181
117,133,137,138,185
117,133,138,181,185
117,134,138,181,182
117,134,177,181,182
117,138,181,182,186
117,138,181,185,186
118,119,123,139,187
118,119,130,134,182
118,119,134,139,187
118,119,134,182,187
118,122,123,138,187
118,122,138,182,187
118,123,138,139,187
118,129,130,134,177
118,130,134,177,182
118,134,138,139,187
118,134,138,182,187
119,120,123,136,187
119,120,136,180,184
119,120,136,184,187
119,123,136,139,187
119,130,131,135,179
119,130,134,135,183
119,130,134,182,183
119,130,135,179,183
119,130,178,179,183
119,130,178,182,183
119,131,132,135,179
119,132,135,136,183
119,132,135,179,183
119,132,136,180,183
119,132,179,180,183
119,134,135,139,187
119,134,135,183,187
119,134,182,183,187
119,135,136,139,187
119,135,136,183,187
119,136,180,183,184
119,136,183,184,187
120,121,125,136,185
120,123,124,136,187
120,124,125,136,188
120,124,136,187,188
120,125,136,184,185
120,125,136,184,188
120,136,180,184,185
120,136,184,187,188
121,122,126,138,185
121,125,126,137,185
121,125,136,137,185
121,126,137,138,185
122,123,127,138,187
122,126,127,138,190
122,126,138,185,190
122,127,138,186,187
122,127,138,186,190
122,138,182,186,187
122,138,185,186,190
123,124,127,139,187
123,124,136,139,187
123,127,138,139,187
124,125,129,140,177
124,125,136,140,188
124,125,140,177,188
124,127,128,140,188
124,127,139,140,187
124,127,140,187,188
124,128,129,140,177
124,128,140,177,188
124,136,139,140,187
124,136,140,187,188
125,126,130,142,190
125,126,137,142,185
125,126,142,185,190
125,129,130,141,177
125,129,140,141,177
125,130,141,142,189
125,130,141,177,189
125,130,142,189,190
125,130,177,178,189
125,130,178,189,190
125,136,137,141,185
125,136,140,141,189
125,136,140,188,189
125,136,141,185,189
125,136,184,185,189
125,136,184,188,189
125,137,141,142,185
125,140,141,177,189
125,140,177,188,189
125,141,142,185,189
125,142,185,189,190
126,127,131,142,179
126,127,138,142,190
126,127,142,179,190
126,130,131,142,179
126,130,142,179,190
126,137,138,142,185
126,138,142,185,190
127,128,131,143,179
127,128,140,143,191
127,128,140,188,191
127,128,143,179,191
127,128,176,179,191
127,128,176,188,191
127,131,142,143,179
127,138,139,143,187
127,138,142,143,191
127,138,142,190,191
127,138,143,187,191
127,138,186,187,191
127,138,186,190,191
127,139,140,143,187
127,140,143,187,191
127,140,187,188,191
127,142,143,179,191
127,142,179,190,191
128,129,133,145,213
128,129,133,177,193
128,129,133,193,213
128,129,140,145,220
128,129,140,177,204
128,129,140,204,220
128,129,145,209,213
128,129,145,209,220
128,129,177,193,204
128,129,193,204,209
128,129,193,209,213
128,129,204,209,220
128,131,132,147,212
128,131,132,179,196
128,131,132,196,212
128,131,143,147,223
128,131,143,179,195
128,131,143,195,223
128,131,147,211,212
128,131,147,211,223
128,131,179,195,196
128,131,195,196,211
128,131,195,211,223
128,131,196,211,212
128,132,133,149,213
128,132,133,181,196
128,132,133,196,213
128,132,147,148,212
128,132,148,149,213
128,132,148,212,213
128,132,179,180,196
128,132,180,181,196
128,132,196,212,213
128,133,145,149,213
128,133,177,181,197
128,133,177,193,197
128,133,181,196,197
128,133,193,197,213
128,133,196,197,213
128,140,143,159,223
128,140,143,191,204
128,140,143,204,223
128,140,145,156,220
128,140,156,159,223
128,140,156,220,223
128,140,177,188,204
128,140,188,191,204
128,140,204,220,223
128,143,147,159,223
128,143,179,191,207
128,143,179,195,207
128,143,191,204,207
128,143,195,207,223
128,143,204,207,223
128,144,145,149,213
128,144,145,156,208
128,144,145,208,213
128,144,147,148,208
128,144,147,159,223
128,144,147,208,223
128,144,148,149,213
128,144,148,208,213
128,144,156,159,223
128,144,156,208,223
128,145,156,208,220
128,145,208,209,213
128,145,208,209,220
128,147,148,208,212
128,147,208,211,212
128,147,208,211,223
128,148,208,212,213
128,156,208,220,223
128,176,177,181,197
128,176,177,188,204
128,176,177,192,197
128,176,177,192,204
128,176,179,180,196
128,176,179,191,207
128,176,179,192,196
128,176,179,192,207
128,176,180,181,196
128,176,181,196,197
128,176,188,191,204
128,176,191,204,207
128,176,192,196,197
128,176,192,204,207
128,177,192,193,197
128,177,192,193,204
128,179,192,195,196
128,179,192,195,207
128,192,193,197,213
128,192,193,204,209
128,192,193,209,213
128,192,195,196,211
128,192,195,207,223
128,192,195,211,223
128,192,196,197,213
128,192,196,208,211
128,192,196,208,213
128,192,204,207,223
128,192,204,208,209
128,192,204,208,223
128,192,208,209,213
128,192,208,211,223
128,196,208,211,212
128,196,208,212,213
128,204,208,209,220
128,204,208,220,223
129,130,134,145,214
129,130,134,177,198
129,130,134,198,214
129,130,141,145,221
129,130,141,177,193
129,130,141,193,221
129,130,145,209,214
129,130,145,209,221
129,130,177,193,198
129,130,193,198,209
129,130,193,209,221
129,130,198,209,214
129,133,134,145,213
129,133,134,177,198
129,133,134,198,213
129,133,177,193,198
129,133,193,198,213
129,134,145,213,214
129,134,198,213,214
129,140,141,145,221
129,140,141,177,204
129,140,141,204,221
129,140,145,220,221
129,140,204,220,221
129,141,177,193,204
129,141,193,204,221
129,145,209,213,214
129,145,209,220,221
129,193,198,209,213
129,193,204,209,221
129,198,209,213,214
129,204,209,220,221
130,131,135,147,215
130,131,135,179,195
130,131,135,195,215
130,131,142,147,222
130,131,142,179,206
130,131,142,206,222
130,131,147,211,215
130,131,147,211,222
130,131,179,195,206
130,131,195,206,211
130,131,195,211,215
130,131,206,211,222
130,134,135,151,215
130,134,135,183,198
130,134,135,198,215
130,134,145,150,214
130,134,150,151,215
130,134,150,214,215
130,134,177,182,198
130,134,182,183,198
130,134,198,214,215
130,135,147,151,215
130,135,179,183,199
130,135,179,195,199
130,135,183,198,199
130,135,195,199,215
130,135,198,199,215
130,141,142,157,221
130,141,142,189,206
130,141,142,206,221
130,141,145,157,221
130,141,177,189,205
130,141,177,193,205
130,141,189,205,206
130,141,193,205,221
130,141,205,206,221
130,142,147,158,222
130,142,157,158,221
130,142,158,221,222
130,142,179,190,206
130,142,189,190,206
130,142,206,221,222
130,145,146,150,210
130,145,146,157,221
130,145,146,210,221
130,145,150,210,214
130,145,209,210,214
130,145,209,210,221
130,146,147,151,215
130,146,147,158,210
130,146,147,210,215
130,146,150,151,215
130,146,150,210,215
130,146,157,158,221
130,146,158,210,221
130,147,158,210,222
130,147,210,211,215
130,147,210,211,222
130,150,210,214,215
130,158,210,221,222
130,177,178,182,198
130,177,178,189,205
130,177,178,194,198
130,177,178,194,205
130,177,193,194,198
130,177,193,194,205
130,178,179,183,199
130,178,179,190,206
130,178,179,194,199
130,178,179,194,206
130,178,182,183,198
130,178,183,198,199
130,178,189,190,206
130,178,189,205,206
130,178,194,198,199
130,178,194,205,206
130,179,194,195,199
130,179,194,195,206
130,193,194,198,209
130,193,194,205,221
130,193,194,209,221
130,194,195,199,215
130,194,195,206,211
130,194,195,211,215
130,194,198,199,215
130,194,198,209,210
130,194,198,210,215
130,194,205,206,221
130,194,206,210,211
130,194,206,210,221
130,194,209,210,221
130,194,210,211,215
130,198,209,210,214
130,198,210,214,215
130,206,210,211,222
130,206,210,221,222
131,132,135,147,215
131,132,135,179,196
131,132,135,196,215
131,132,147,212,215
131,132,196,212,215
131,135,179,195,196
131,135,195,196,215
131,142,143,147,223
131,142,143,179,206
131,142,143,206,223
131,142,147,222,223
131,142,206,222,223
131,143,179,195,206
131,143,195,206,223
131,147,211,212,215
131,147,211,222,223
131,195,196,211,215
131,195,206,211,223
131,196,211,212,215
131,206,211,222,223
132,133,137,153,213
132,133,137,185,196
132,133,137,196,213
132,133,149,153,213
132,133,181,185,196
132,135,136,151,215
132,135,136,183,196
132,135,136,196,215
132,135,147,151,215
132,135,179,183,196
132,136,137,153,212
132,136,137,185,196
132,136,137,196,212
132,136,148,151,215
132,136,148,153,212
132,136,148,212,215
132,136,180,183,196
132,136,180,185,196
132,136,196,212,215
132,137,153,212,213
132,137,196,212,213
132,147,148,151,215
132,147,148,212,215
132,148,149,153,213
132,148,153,212,213
132,179,180,183,196
132,180,181,185,196
133,134,138,149,213
133,134,138,181,198
133,134,138,198,213
133,134,145,149,213
133,134,177,181,198
133,137,138,153,213
133,137,138,185,201
133,137,138,201,213
133,137,185,196,201
133,137,196,201,213
133,138,149,153,213
133,138,181,185,197
133,138,181,197,198
133,138,185,197,201
133,138,197,198,213
133,138,197,201,213
133,177,181,197,198
133,177,193,197,198
133,181,185,196,197
133,185,196,197,201
133,193,197,198,213
133,196,197,201,213
134,135,139,155,215
134,135,139,187,198
134,135,139,198,215
134,135,151,155,215
134,135,183,187,198
134,138,139,155,214
134,138,139,187,198
134,138,139,198,214
134,138,149,150,213
134,138,150,155,214
134,138,150,213,214
134,138,181,182,198
134,138,182,187,198
134,138,198,213,214
134,139,155,214,215
134,139,198,214,215
134,145,149,150,213
134,145,150,213,214
134,150,151,155,215
134,150,155,214,215
134,177,181,182,198
134,182,183,187,198
135,136,139,155,215
135,136,139,187,203
135,136,139,203,215
135,136,151,155,215
135,136,183,187,199
135,136,183,196,199
135,136,187,199,203
135,136,196,199,215
135,136,199,203,215
135,139,187,198,203
135,139,198,203,215
135,179,183,196,199
135,179,195,196,199
135,183,187,198,199
135,187,198,199,203
135,195,196,199,215
135,198,199,203,215
136,137,141,153,221
136,137,141,185,201
136,137,141,201,221
136,137,153,212,217
136,137,153,217,221
136,137,185,196,201
136,137,196,201,217
136,137,196,212,217
136,137,201,217,221
136,139,140,155,220
136,139,140,187,204
136,139,140,204,220
136,139,155,215,219
136,139,155,219,220
136,139,187,203,204
136,139,203,204,219
136,139,203,215,219
136,139,204,219,220
136,140,141,157,221
136,140,141,189,204
136,140,141,204,221
136,140,155,156,220
136,140,156,157,221
136,140,156,220,221
136,140,187,188,204
136,140,188,189,204
136,140,204,220,221
136,141,153,157,221
136,141,185,189,205
136,141,185,201,205
136,141,189,204,205
136,141,201,205,221
136,141,204,205,221
136,148,151,152,215
136,148,152,153,216
136,148,152,215,216
136,148,153,212,216
136,148,212,215,216
136,151,152,155,215
136,152,153,157,221
136,152,153,216,221
136,152,155,156,216
136,152,155,215,216
136,152,156,157,221
136,152,156,216,221
136,153,212,216,217
136,153,216,217,221
136,155,156,216,220
136,155,215,216,219
136,155,216,219,220
136,156,216,220,221
136,180,183,184,196
136,180,184,185,196
136,183,184,187,199
136,183,184,196,199
136,184,185,189,205
136,184,185,196,200
136,184,185,200,205
136,184,187,188,204
136,184,187,199,200
136,184,187,200,204
136,184,188,189,204
136,184,189,204,205
136,184,196,199,200
136,184,200,204,205
136,185,196,200,201
136,185,200,201,205
136,187,199,200,203
136,187,200,203,204
136,196,199,200,215
136,196,200,201,217
136,196,200,215,216
136,196,200,216,217
136,196,212,215,216
136,196,212,216,217
136,199,200,203,215
136,200,201,205,221
136,200,201,217,221
136,200,203,204,219
136,200,203,215,219
136,200,204,205,221
136,200,204,216,219
136,200,204,216,221
136,200,215,216,219
136,200,216,217,221
136,204,216,219,220
136,204,216,220,221
137,138,142,153,222
137,138,142,185,206
137,138,142,206,222
137,138,153,213,217
137,138,153,217,222
137,138,185,201,206
137,138,201,206,217
137,138,201,213,217
137,138,206,217,222
137,141,142,153,221
137,141,142,185,206
137,141,142,206,221
137,141,185,201,206
137,141,201,206,221
137,142,153,221,222
137,142,206,221,222
137,153,212,213,217
137,153,217,221,222
137,196,201,213,217
137,196,212,213,217
137,201,206,217,221
137,206,217,221,222
138,139,143,155,223
138,139,143,187,203
138,139,143,203,223
138,139,155,214,219
138,139,155,219,223
138,139,187,198,203
138,139,198,203,219
138,139,198,214,219
138,139,203,219,223
138,142,143,159,223
138,142,143,191,206
138,142,143,206,223
138,142,153,158,222
138,142,158,159,223
138,142,158,222,223
138,142,185,190,206
138,142,190,191,206
138,142,206,222,223
138,143,155,159,223
138,143,187,191,207
138,143,187,203,207
138,143,191,206,207
138,143,203,207,223
138,143,206,207,223
138,149,150,154,213
138,149,153,154,213
138,150,154,155,218
138,150,154,213,218
138,150,155,214,218
138,150,213,214,218
138,153,154,158,218
138,153,154,213,218
138,153,158,218,222
138,153,213,217,218
138,153,217,218,222
138,154,155,159,223
138,154,155,218,223
138,154,158,159,223
138,154,158,218,223
138,155,214,218,219
138,155,218,219,223
138,158,218,222,223
138,181,182,186,198
138,181,185,186,197
138,181,186,197,198
138,182,186,187,198
138,185,186,190,206
138,185,186,197,202
138,185,186,202,206
138,185,197,201,202
138,185,201,202,206
138,186,187,191,207
138,186,187,198,202
138,186,187,202,207
138,186,190,191,206
138,186,191,206,207
138,186,197,198,202
138,186,202,206,207
138,187,198,202,203
138,187,202,203,207
138,197,198,202,213
138,197,201,202,213
138,198,202,203,219
138,198,202,213,218
138,198,202,218,219
138,198,213,214,218
138,198,214,218,219
138,201,202,206,217
138,201,202,213,217
138,202,203,207,223
138,202,203,219,223
138,202,206,207,223
138,202,206,217,218
138,202,206,218,223
138,202,213,217,218
138,202,218,219,223
138,206,217,218,222
138,206,218,222,223
139,140,143,155,223
139,140,143,187,204
139,140,143,204,223
139,140,155,220,223
139,140,204,220,223
139,143,187,203,204
139,143,203,204,223
139,155,214,215,219
139,155,219,220,223
139,198,203,215,219
139,198,214,215,219
139,203,204,219,223
139,204,219,220,223
140,141,145,157,221
140,141,177,189,204
140,143,155,159,223
140,143,187,191,204
140,145,156,157,221
140,145,156,220,221
140,155,156,159,223
140,155,156,220,223
140,177,188,189,204
140,187,188,191,204
141,142,153,157,221
141,142,185,189,206
141,177,189,204,205
141,177,193,204,205
141,185,189,205,206
141,185,201,205,206
141,193,204,205,221
141,201,205,206,221
142,143,147,159,223
142,143,179,191,206
142,147,158,159,223
142,147,158,222,223
142,153,157,158,221
142,153,158,221,222
142,179,190,191,206
142,185,189,190,206
143,179,191,206,207
143,179,195,206,207
143,187,191,204,207
143,187,203,204,207
143,195,206,207,223
143,203,204,207,223
144,145,149,160,229
144,145,149,213,229
144,145,156,160,236
144,145,156,208,236
144,145,160,224,229
144,145,160,224,236
144,145,208,213,224
144,145,208,224,236
144,145,213,224,229
144,147,148,160,228
144,147,148,208,228
144,147,159,160,239
144,147,159,223,239
144,147,160,224,228
144,147,160,224,239
144,147,208,223,224
144,147,208,224,228
144,147,223,224,239
144,148,149,160,228
144,148,149,213,228
144,148,208,213,228
144,149,160,228,229
144,149,213,228,229
144,156,159,160,236
144,156,159,223,236
144,156,208,223,236
144,159,160,236,239
144,159,223,236,239
144,160,224,228,229
144,160,224,236,239
144,208,213,224,228
144,208,223,224,236
144,213,224,228,229
144,223,224,236,239
145,146,150,162,230
145,146,150,210,230
145,146,157,162,237
145,146,157,221,237
145,146,162,226,230
145,146,162,226,237
145,146,210,221,226
145,146,210,226,230
145,146,221,226,237
145,149,150,166,230
145,149,150,213,230
145,149,160,165,229
145,149,165,166,230
145,149,165,229,230
145,149,213,229,230
145,150,162,166,230
145,150,210,214,230
145,150,213,214,230
145,156,157,172,236
145,156,157,221,236
145,156,160,172,236
145,156,208,220,236
145,156,220,221,236
145,157,162,173,237
145,157,172,173,236
145,157,173,236,237
145,157,221,236,237
145,160,161,165,225
145,160,161,172,236
145,160,161,225,236
145,160,165,225,229
145,160,224,225,229
145,160,224,225,236
145,161,162,166,230
145,161,162,173,225
145,161,162,225,230
145,161,165,166,230
145,161,165,225,230
145,161,172,173,236
145,161,173,225,236
145,162,173,225,237
145,162,225,226,230
145,162,225,226,237
145,165,225,229,230
145,173,225,236,237
145,208,209,213,224
145,208,209,220,236
145,208,209,224,236
145,209,210,214,230
145,209,210,221,226
145,209,210,226,230
145,209,213,214,230
145,209,213,224,225
145,209,213,225,230
145,209,220,221,236
145,209,221,225,226
145,209,221,225,236
145,209,224,225,236
145,209,225,226,230
145,213,224,225,229
145,213,225,229,230
145,221,225,226,237
145,221,225,236,237
146,147,151,162,231
146,147,151,215,231
146,147,158,162,238
146,147,158,210,238
146,147,162,226,231
146,147,162,226,238
146,147,210,215,226
146,147,210,226,238
146,147,215,226,231
146,150,151,162,230
146,150,151,215,230
146,150,210,215,230
146,151,162,230,231
146,151,215,230,231
146,157,158,162,238
146,157,158,221,238
146,157,162,237,238
146,157,221,237,238
146,158,210,221,238
146,162,226,230,231
146,162,226,237,238
146,210,215,226,230
146,210,221,226,238
146,215,226,230,231
146,221,226,237,238
147,148,151,164,228
147,148,151,215,228
147,148,160,164,228
147,148,208,212,228
147,148,212,215,228
147,151,162,167,231
147,151,164,167,228
147,151,167,228,231
147,151,215,228,231
147,158,159,174,238
147,158,159,223,238
147,158,162,174,238
147,158,210,222,238
147,158,222,223,238
147,159,160,175,239
147,159,174,175,238
147,159,175,238,239
147,159,223,238,239
147,160,163,164,228
147,160,163,175,227
147,160,163,227,228
147,160,175,227,239
147,160,224,227,228
147,160,224,227,239
147,162,163,167,227
147,162,163,174,238
147,162,163,227,238
147,162,167,227,231
147,162,226,227,231
147,162,226,227,238
147,163,164,167,228
147,163,167,227,228
147,163,174,175,238
147,163,175,227,238
147,167,227,228,231
147,175,227,238,239
147,208,211,212,228
147,208,211,223,224
147,208,211,224,228
147,210,211,215,226
147,210,211,222,238
147,210,211,226,238
147,211,212,215,228
147,211,215,226,227
147,211,215,227,228
147,211,222,223,238
147,211,223,224,227
147,211,223,227,238
147,211,224,227,228
147,211,226,227,238
147,215,226,227,231
147,215,227,228,231
147,223,224,227,239
147,223,227,238,239
148,149,153,164,228
148,149,153,213,228
148,149,160,164,228
148,151,152,168,228
148,151,152,215,228
148,151,164,168,228
148,152,153,168,228
148,152,153,216,228
148,152,215,216,228
148,153,164,168,228
148,153,212,213,228
148,153,212,216,228
148,208,212,213,228
148,212,215,216,228
149,150,154,170,230
149,150,154,213,230
149,150,166,170,230
149,153,154,170,229
149,153,154,213,229
149,153,164,165,228
149,153,165,170,229
149,153,165,228,229
149,153,213,228,229
149,154,170,229,230
149,154,213,229,230
149,160,164,165,228
149,160,165,228,229
149,165,166,170,230
149,165,170,229,230
150,151,155,166,230
150,151,155,215,230
150,151,162,166,230
150,154,155,170,230
150,154,155,218,230
150,154,213,218,230
150,155,166,170,230
150,155,214,215,230
150,155,214,218,230
150,210,214,215,230
150,213,214,218,230
151,152,155,168,231
151,152,155,215,231
151,152,168,228,231
151,152,215,228,231
151,155,166,167,230
151,155,167,168,231
151,155,167,230,231
151,155,215,230,231
151,162,166,167,230
151,162,167,230,231
151,164,167,168,228
151,167,168,228,231
152,153,157,168,237
152,153,157,221,237
152,153,168,228,232
152,153,168,232,237
152,153,216,221,232
152,153,216,228,232
152,153,221,232,237
152,155,156,168,236
152,155,156,216,236
152,155,168,231,232
152,155,168,232,236
152,155,215,216,232
152,155,215,231,232
152,155,216,232,236
152,156,157,168,236
152,156,157,221,236
152,156,216,221,236
152,157,168,236,237
152,157,221,236,237
152,168,228,231,232
152,168,232,236,237
152,215,216,228,232
152,215,228,231,232
152,216,221,232,236
152,221,232,236,237
153,154,158,170,238
153,154,158,218,238
153,154,170,229,234
153,154,170,234,238
153,154,213,218,234
153,154,213,229,234
153,154,218,234,238
153,157,158,174,238
153,157,158,221,238
153,157,168,173,237
153,157,173,174,238
153,157,173,237,238
153,157,221,237,238
153,158,170,174,238
153,158,218,222,238
153,158,221,222,238
153,164,165,169,228
153,164,168,169,228
153,165,169,170,233
153,165,169,228,233
153,165,170,229,233
153,165,228,229,233
153,168,169,173,233
153,168,169,228,233
153,168,173,233,237
153,168,228,232,233
153,168,232,233,237
153,169,170,174,238
153,169,170,233,238
153,169,173,174,238
153,169,173,233,238
153,170,229,233,234
153,170,233,234,238
153,173,233,237,238
153,212,213,217,228
153,212,216,217,228
153,213,217,218,234
153,213,217,228,233
153,213,217,233,234
153,213,228,229,233
153,213,229,233,234
153,216,217,221,232
153,216,217,228,232
153,217,218,222,238
153,217,218,234,238
153,217,221,222,238
153,217,221,232,233
153,217,221,233,238
153,217,228,232,233
153,217,233,234,238
153,221,232,233,237
153,221,233,237,238
154,155,159,170,239
154,155,159,223,239
154,155,170,230,234
154,155,170,234,239
154,155,218,223,234
154,155,218,230,234
154,155,223,234,239
154,158,159,170,238
154,158,159,223,238
154,158,218,223,238
154,159,170,238,239
154,159,223,238,239
154,170,229,230,234
154,170,234,238,239
154,213,218,230,234
154,213,229,230,234
154,218,223,234,238
154,223,234,238,239
155,156,159,172,236
155,156,159,223,236
155,156,168,172,236
155,156,216,220,236
155,156,220,223,236
155,159,170,175,239
155,159,172,175,236
155,159,175,236,239
155,159,223,236,239
155,166,167,171,230
155,166,170,171,230
155,167,168,171,235
155,167,168,231,235
155,167,171,230,235
155,167,230,231,235
155,168,171,172,236
155,168,171,235,236
155,168,231,232,235
155,168,232,235,236
155,170,171,175,235
155,170,171,230,235
155,170,175,235,239
155,170,230,234,235
155,170,234,235,239
155,171,172,175,236
155,171,175,235,236
155,175,235,236,239
155,214,215,219,230
155,214,218,219,230
155,215,216,219,232
155,215,219,230,235
155,215,219,232,235
155,215,230,231,235
155,215,231,232,235
155,216,219,220,236
155,216,219,232,236
155,218,219,223,234
155,218,219,230,234
155,219,220,223,236
155,219,223,234,235
155,219,223,235,236
155,219,230,234,235
155,219,232,235,236
155,223,234,235,239
155,223,235,236,239
156,157,168,172,236
156,159,160,172,236
156,208,220,223,236
156,216,220,221,236
157,158,162,174,238
157,162,173,174,238
157,162,173,237,238
157,168,172,173,236
157,168,173,236,237
158,159,170,174,238
158,210,221,222,238
158,218,222,223,238
159,160,172,175,236
159,160,175,236,239
159,170,174,175,238
159,170,175,238,239
160,161,165,177,245
160,161,165,225,245
160,161,172,177,252
160,161,172,236,252
160,161,177,241,245
160,161,177,241,252
160,161,225,236,241
160,161,225,241,245
160,161,236,241,252
160,163,164,179,244
160,163,164,228,244
160,163,175,179,255
160,163,175,227,255
160,163,179,243,244
160,163,179,243,255
160,163,227,228,243
160,163,227,243,255
160,163,228,243,244
160,164,165,181,245
160,164,165,228,245
160,164,179,180,244
160,164,180,181,245
160,164,180,244,245
160,164,228,244,245
160,165,177,181,245
160,165,225,229,245
160,165,228,229,245
160,172,175,191,255
160,172,175,236,255
160,172,177,188,252
160,172,188,191,255
160,172,188,252,255
160,172,236,252,255
160,175,179,191,255
160,175,227,239,255
160,175,236,239,255
160,176,177,181,245
160,176,177,188,240
160,176,177,240,245
160,176,179,180,240
160,176,179,191,255
160,176,179,240,255
160,176,180,181,245
160,176,180,240,245
160,176,188,191,255
160,176,188,240,255
160,177,188,240,252
160,177,240,241,245
160,177,240,241,252
160,179,180,240,244
160,179,240,243,244
160,179,240,243,255
160,180,240,244,245
160,188,240,252,255
160,224,225,229,245
160,224,225,236,241
160,224,225,241,245
160,224,227,228,243
160,224,227,239,255
160,224,227,243,255
160,224,228,229,245
160,224,228,240,243
160,224,228,240,245
160,224,236,239,255
160,224,236,240,241
160,224,236,240,255
160,224,240,241,245
160,224,240,243,255
160,228,240,243,244
160,228,240,244,245
160,236,240,241,252
160,236,240,252,255
161,162,166,177,246
161,162,166,230,246
161,162,173,177,253
161,162,173,225,253
161,162,177,241,246
161,162,177,241,253
161,162,225,230,241
161,162,225,241,253
161,162,230,241,246
161,165,166,177,245
161,165,166,230,245
161,165,225,230,245
161,166,177,245,246
161,166,230,245,246
161,172,173,177,253
161,172,173,236,253
161,172,177,252,253
161,172,236,252,253
161,173,225,236,253
161,177,241,245,246
161,177,241,252,253
161,225,230,241,245
161,225,236,241,253
161,230,241,245,246
161,236,241,252,253
162,163,167,179,247
162,163,167,227,247
162,163,174,179,254
162,163,174,238,254
162,163,179,243,247
162,163,179,243,254
162,163,227,238,243
162,163,227,243,247
162,163,238,243,254
162,166,167,183,247
162,166,167,230,247
162,166,177,182,246
162,166,182,183,247
162,166,182,246,247
162,166,230,246,247
162,167,179,183,247
162,167,227,231,247
162,167,230,231,247
162,173,174,189,253
162,173,174,238,253
162,173,177,189,253
162,173,225,237,253
162,173,237,238,253
162,174,179,190,254
162,174,189,190,253
162,174,190,253,254
162,174,238,253,254
162,177,178,182,242
162,177,178,189,253
162,177,178,242,253
162,177,182,242,246
162,177,241,242,246
162,177,241,242,253
162,178,179,183,247
162,178,179,190,242
162,178,179,242,247
162,178,182,183,247
162,178,182,242,247
162,178,189,190,253
162,178,190,242,253
162,179,190,242,254
162,179,242,243,247
162,179,242,243,254
162,182,242,246,247
162,190,242,253,254
162,225,226,230,241
162,225,226,237,253
162,225,226,241,253
162,226,227,231,247
162,226,227,238,243
162,226,227,243,247
162,226,230,231,247
162,226,230,241,242
162,226,230,242,247
162,226,237,238,253
162,226,238,242,243
162,226,238,242,253
162,226,241,242,253
162,226,242,243,247
162,230,241,242,246
162,230,242,246,247
162,238,242,243,254
162,238,242,253,254
163,164,167,179,247
163,164,167,228,247
163,164,179,244,247
163,164,228,244,247
163,167,227,228,247
163,174,175,179,255
163,174,175,238,255
163,174,179,254,255
163,174,238,254,255
163,175,227,238,255
163,179,243,244,247
163,179,243,254,255
163,227,228,243,247
163,227,238,243,255
163,228,243,244,247
163,238,243,254,255
164,165,169,185,245
164,165,169,228,245
164,165,181,185,245
164,167,168,183,247
164,167,168,228,247
164,167,179,183,247
164,168,169,185,244
164,168,169,228,244
164,168,180,183,247
164,168,180,185,244
164,168,180,244,247
164,168,228,244,247
164,169,185,244,245
164,169,228,244,245
164,179,180,183,247
164,179,180,244,247
164,180,181,185,245
164,180,185,244,245
165,166,170,181,245
165,166,170,230,245
165,166,177,181,245
165,169,170,185,245
165,169,170,233,245
165,169,228,233,245
165,170,181,185,245
165,170,229,230,245
165,170,229,233,245
165,225,229,230,245
165,228,229,233,245
166,167,171,187,247
166,167,171,230,247
166,167,183,187,247
166,170,171,187,246
166,170,171,230,246
166,170,181,182,245
166,170,182,187,246
166,170,182,245,246
166,170,230,245,246
166,171,187,246,247
166,171,230,246,247
166,177,181,182,245
166,177,182,245,246
166,182,183,187,247
166,182,187,246,247
167,168,171,187,247
167,168,171,235,247
167,168,183,187,247
167,168,228,231,247
167,168,231,235,247
167,171,230,235,247
167,227,228,231,247
167,230,231,235,247
168,169,173,185,253
168,169,173,233,253
168,169,185,244,249
168,169,185,249,253
168,169,228,233,249
168,169,228,244,249
168,169,233,249,253
168,171,172,187,252
168,171,172,236,252
168,171,187,247,251
168,171,187,251,252
168,171,235,236,251
168,171,235,247,251
168,171,236,251,252
168,172,173,189,253
168,172,173,236,253
168,172,187,188,252
168,172,188,189,253
168,172,188,252,253
168,172,236,252,253
168,173,185,189,253
168,173,233,237,253
168,173,236,237,253
168,180,183,184,247
168,180,184,185,248
168,180,184,247,248
168,180,185,244,248
168,180,244,247,248
168,183,184,187,247
168,184,185,189,253
168,184,185,248,253
168,184,187,188,248
168,184,187,247,248
168,184,188,189,253
168,184,188,248,253
168,185,244,248,249
168,185,248,249,253
168,187,188,248,252
168,187,247,248,251
168,187,248,251,252
168,188,248,252,253
168,228,231,232,247
168,228,232,233,249
168,228,232,247,248
168,228,232,248,249
168,228,244,247,248
168,228,244,248,249
168,231,232,235,247
168,232,233,237,253
168,232,233,249,253
168,232,235,236,251
168,232,235,247,251
168,232,236,237,253
168,232,236,248,251
168,232,236,248,253
168,232,247,248,251
168,232,248,249,253
168,236,248,251,252
168,236,248,252,253
169,170,174,185,254
169,170,174,238,254
169,170,185,245,249
169,170,185,249,254
169,170,233,238,249
169,170,233,245,249
169,170,238,249,254
169,173,174,185,253
169,173,174,238,253
169,173,233,238,253
169,174,185,253,254
169,174,238,253,254
169,185,244,245,249
169,185,249,253,254
169,228,233,245,249
169,228,244,245,249
169,233,238,249,253
169,238,249,253,254
170,171,175,187,255
170,171,175,235,255
170,171,187,246,251
170,171,187,251,255
170,171,230,235,251
170,171,230,246,251
170,171,235,251,255
170,174,175,191,255
170,174,175,238,255
170,174,185,190,254
170,174,190,191,255
170,174,190,254,255
170,174,238,254,255
170,175,187,191,255
170,175,235,239,255
170,175,238,239,255
170,181,182,186,245
170,181,185,186,245
170,182,186,187,250
170,182,186,245,250
170,182,187,246,250
170,182,245,246,250
170,185,186,190,250
170,185,186,245,250
170,185,190,250,254
170,185,245,249,250
170,185,249,250,254
170,186,187,191,255
170,186,187,250,255
170,186,190,191,255
170,186,190,250,255
170,187,246,250,251
170,187,250,251,255
170,190,250,254,255
170,229,230,234,245
170,229,233,234,245
170,230,234,235,251
170,230,234,245,250
170,230,234,250,251
170,230,245,246,250
170,230,246,250,251
170,233,234,238,249
170,233,234,245,249
170,234,235,239,255
170,234,235,251,255
170,234,238,239,255
170,234,238,249,250
170,234,238,250,255
170,234,245,249,250
170,234,250,251,255
170,238,249,250,254
170,238,250,254,255
171,172,175,187,255
171,172,175,236,255
171,172,187,252,255
171,172,236,252,255
171,175,235,236,255
171,187,246,247,251
171,187,251,252,255
171,230,235,247,251
171,230,246,247,251
171,235,236,251,255
171,236,251,252,255
172,173,177,189,253
172,175,187,191,255
172,177,188,189,253
172,177,188,252,253
172,187,188,191,255
172,187,188,252,255
173,174,185,189,253
173,225,236,237,253
173,233,237,238,253
174,175,179,191,255
174,179,190,191,255
174,179,190,254,255
174,185,189,190,253
174,185,190,253,254
175,227,238,239,255
175,235,236,239,255
176,177,181,197,245
176,177,188,204,240
176,177,192,197,245
176,177,192,204,240
176,177,192,240,245
176,179,180,196,240
176,179,191,207,255
176,179,192,196,240
176,179,192,207,255
176,179,192,240,255
176,180,181,196,245
176,180,196,240,245
176,181,196,197,245
176,188,191,204,255
176,188,204,240,255
176,191,204,207,255
176,192,196,197,245
176,192,196,240,245
176,192,204,207,255
176,192,204,240,255
177,178,182,198,242
177,178,189,205,253
177,178,194,198,242
177,178,194,205,253
177,178,194,242,253
177,181,182,198,245
177,181,197,198,245
177,182,198,242,246
177,182,198,245,246
177,188,189,204,253
177,188,204,240,252
177,188,204,252,253
177,189,204,205,253
177,192,193,197,245
177,192,193,204,241
177,192,193,241,245
177,192,204,240,241
177,192,240,241,245
177,193,194,198,241
177,193,194,205,253
177,193,194,241,253
177,193,197,198,245
177,193,198,241,245
177,193,204,205,253
177,193,204,241,253
177,194,198,241,242
177,194,241,242,253
177,198,241,242,246
177,198,241,245,246
177,204,240,241,252
177,204,241,252,253
178,179,183,199,247
178,179,190,206,242
178,179,194,199,247
178,179,194,206,242
178,179,194,242,247
178,182,183,198,247
178,182,198,242,247
178,183,198,199,247
178,189,190,206,253
178,189,205,206,253
178,190,206,242,253
178,194,198,199,247
178,194,198,242,247
178,194,205,206,253
178,194,206,242,253
179,180,183,196,247
179,180,196,240,244
179,180,196,244,247
179,183,196,199,247
179,190,191,206,255
179,190,206,242,254
179,190,206,254,255
179,191,206,207,255
179,192,195,196,243
179,192,195,207,255
179,192,195,243,255
179,192,196,240,243
179,192,240,243,255
179,194,195,199,247
179,194,195,206,243
179,194,195,243,247
179,194,206,242,243
179,194,242,243,247
179,195,196,199,247
179,195,196,243,247
179,195,206,207,255
179,195,206,243,255
179,196,240,243,244
179,196,243,244,247
179,206,242,243,254
179,206,243,254,255
180,181,185,196,245
180,183,184,196,247
180,184,185,196,248
180,184,196,247,248
180,185,196,244,245
180,185,196,244,248
180,196,240,244,245
180,196,244,247,248
181,182,186,198,245
181,185,186,197,245
181,185,196,197,245
181,186,197,198,245
182,183,187,198,247
182,186,187,198,250
182,186,198,245,250
182,187,198,246,247
182,187,198,246,250
182,198,242,246,247
182,198,245,246,250
183,184,187,199,247
183,184,196,199,247
183,187,198,199,247
184,185,189,205,253
184,185,196,200,248
184,185,200,205,253
184,185,200,248,253
184,187,188,204,248
184,187,199,200,247
184,187,200,204,248
184,187,200,247,248
184,188,189,204,253
184,188,204,248,253
184,189,204,205,253
184,196,199,200,247
184,196,200,247,248
184,200,204,205,253
184,200,204,248,253
185,186,190,206,250
185,186,197,202,245
185,186,202,206,250
185,186,202,245,250
185,189,190,206,253
185,189,205,206,253
185,190,206,250,254
185,190,206,253,254
185,196,197,201,245
185,196,200,201,249
185,196,200,248,249
185,196,201,245,249
185,196,244,245,249
185,196,244,248,249
185,197,201,202,245
185,200,201,205,253
185,200,201,249,253
185,200,248,249,253
185,201,202,206,249
185,201,202,245,249
185,201,205,206,253
185,201,206,249,253
185,202,206,249,250
185,202,245,249,250
185,206,249,250,254
185,206,249,253,254
186,187,191,207,255
186,187,198,202,250
186,187,202,207,255
186,187,202,250,255
186,190,191,206,255
186,190,206,250,255
186,191,206,207,255
186,197,198,202,245
186,198,202,245,250
186,202,206,207,255
186,202,206,250,255
187,188,191,204,255
187,188,204,248,252
187,188,204,252,255
187,191,204,207,255
187,198,199,203,247
187,198,202,203,251
187,198,202,250,251
187,198,203,247,251
187,198,246,247,251
187,198,246,250,251
187,199,200,203,247
187,200,203,204,251
187,200,203,247,251
187,200,204,248,251
187,200,247,248,251
187,202,203,207,255
187,202,203,251,255
187,202,250,251,255
187,203,204,207,255
187,203,204,251,255
187,204,248,251,252
187,204,251,252,255
188,204,240,252,255
188,204,248,252,253
190,206,242,253,254
190,206,250,254,255
