# 13824 facets of the lifted triangulation on the finite torus cover, vertex ids as above
0,2,5,50,125
0,2,5,50,146
0,2,5,125,434
0,2,5,146,341
0,2,5,194,341
0,2,5,194,554
0,2,5,314,434
0,2,5,314,533
0,2,5,533,554
0,2,6,50,126
0,2,6,50,150
0,2,6,126,438
0,2,6,150,342
0,2,6,194,342
0,2,6,194,558
0,2,6,314,438
0,2,6,314,534
0,2,6,534,558
0,2,50,122,125
0,2,50,122,126
0,2,50,146,150
0,2,122,125,434
0,2,122,126,438
0,2,122,434,438
0,2,146,150,338
0,2,146,338,341
0,2,150,338,342
0,2,194,338,341
0,2,194,338,342
0,2,194,554,558
0,2,314,434,438
0,2,314,530,533
0,2,314,530,534
0,2,530,533,554
0,2,530,534,558
0,2,530,554,558
0,5,18,53,125
0,5,18,53,162
0,5,18,125,450
0,5,18,162,341
0,5,18,197,341
0,5,18,197,570
0,5,18,317,450
0,5,18,317,533
0,5,18,533,570
0,5,50,53,125
0,5,50,53,149
0,5,50,146,149
0,5,53,149,162
0,5,125,434,437
0,5,125,437,450
0,5,146,149,341
0,5,149,162,341
0,5,194,197,341
0,5,194,197,557
0,5,194,554,557
0,5,197,557,570
0,5,314,317,437
0,5,314,317,533
0,5,314,434,437
0,5,317,437,450
0,5,533,554,557
0,5,533,557,570
0,6,14,62,134
0,6,14,62,150
0,6,14,134,438
0,6,14,150,350
0,6,14,206,350
0,6,14,206,558
0,6,14,326,438
0,6,14,326,542
0,6,14,542,558
0,6,50,54,126
0,6,50,54,150
0,6,54,62,134
0,6,54,62,150
0,6,54,126,134
0,6,126,134,438
0,6,150,342,350
0,6,194,198,342
0,6,194,198,558
0,6,198,206,350
0,6,198,206,558
0,6,198,342,350
0,6,314,318,438
0,6,314,318,534
0,6,318,326,438
0,6,318,326,542
0,6,318,534,542
0,6,534,542,558
0,8,14,56,134
0,8,14,56,152
0,8,14,134,440
0,8,14,152,350
0,8,14,200,350
0,8,14,200,560
0,8,14,320,440
0,8,14,320,542
0,8,14,542,560
0,8,23,56,143
0,8,23,56,167
0,8,23,143,455
0,8,23,167,359
0,8,23,200,359
0,8,23,200,575
0,8,23,320,455
0,8,23,320,551
0,8,23,551,575
0,8,56,128,134
0,8,56,128,143
0,8,56,152,167
0,8,128,134,440
0,8,128,143,455
0,8,128,440,455
0,8,152,167,344
0,8,152,344,350
0,8,167,344,359
0,8,200,344,350
0,8,200,344,359
0,8,200,560,575
0,8,320,440,455
0,8,320,536,542
0,8,320,536,551
0,8,536,542,560
0,8,536,551,575
0,8,536,560,575
0,13,18,61,138
0,13,18,61,162
0,13,18,138,450
0,13,18,162,354
0,13,18,205,354
0,13,18,205,570
0,13,18,325,450
0,13,18,325,546
0,13,18,546,570
0,13,22,61,142
0,13,22,61,157
0,13,22,142,445
0,13,22,157,358
0,13,22,205,358
0,13,22,205,565
0,13,22,325,445
0,13,22,325,550
0,13,22,550,565
0,13,61,133,138
0,13,61,133,142
0,13,61,157,162
0,13,133,138,450
0,13,133,142,445
0,13,133,445,450
0,13,157,162,349
0,13,157,349,358
0,13,162,349,354
0,13,205,349,354
0,13,205,349,358
0,13,205,565,570
0,13,325,445,450
0,13,325,541,546
0,13,325,541,550
0,13,541,546,570
0,13,541,550,565
0,13,541,565,570
0,14,56,62,134
0,14,56,62,158
0,14,56,152,158
0,14,62,150,158
0,14,134,438,446
0,14,134,440,446
0,14,150,158,350
0,14,152,158,350
0,14,200,206,350
0,14,200,206,566
0,14,200,560,566
0,14,206,558,566
0,14,320,326,446
0,14,320,326,542
0,14,320,440,446
0,14,326,438,446
0,14,542,558,566
0,14,542,560,566
0,18,53,66,125
0,18,53,66,162
0,18,61,66,138
0,18,61,66,162
0,18,66,125,138
0,18,125,138,450
0,18,162,341,354
0,18,197,210,341
0,18,197,210,570
0,18,205,210,354
0,18,205,210,570
0,18,210,341,354
0,18,317,330,450
0,18,317,330,533
0,18,325,330,450
0,18,325,330,546
0,18,330,533,546
0,18,533,546,570
0,22,23,70,142
0,22,23,70,167
0,22,23,142,455
0,22,23,167,358
0,22,23,214,358
0,22,23,214,575
0,22,23,334,455
0,22,23,334,550
0,22,23,550,575
0,22,61,70,142
0,22,61,70,166
0,22,61,157,166
0,22,70,166,167
0,22,142,445,454
0,22,142,454,455
0,22,157,166,358
0,22,166,167,358
0,22,205,214,358
0,22,205,214,574
0,22,205,565,574
0,22,214,574,575
0,22,325,334,454
0,22,325,334,550
0,22,325,445,454
0,22,334,454,455
0,22,550,565,574
0,22,550,574,575
0,23,56,71,143
0,23,56,71,167
0,23,70,71,142
0,23,70,71,167
0,23,71,142,143
0,23,142,143,455
0,23,167,358,359
0,23,200,215,359
0,23,200,215,575
0,23,214,215,358
0,23,214,215,575
0,23,215,358,359
0,23,320,335,455
0,23,320,335,551
0,23,334,335,455
0,23,334,335,550
0,23,335,550,551
0,23,550,551,575
0,48,50,53,125
0,48,50,53,149
0,48,50,54,120
0,48,50,54,150
0,48,50,120,125
0,48,50,144,149
0,48,50,144,150
0,48,53,66,125
0,48,53,66,162
0,48,53,149,162
0,48,54,62,134
0,48,54,62,150
0,48,54,120,134
0,48,56,62,134
0,48,56,62,158
0,48,56,71,120
0,48,56,71,167
0,48,56,120,134
0,48,56,144,158
0,48,56,144,167
0,48,61,66,120
0,48,61,66,162
0,48,61,70,142
0,48,61,70,166
0,48,61,120,142
0,48,61,144,162
0,48,61,144,166
0,48,62,150,158
0,48,66,120,125
0,48,70,71,142
0,48,70,71,167
0,48,70,166,167
0,48,71,120,142
0,48,144,149,162
0,48,144,150,158
0,48,144,166,167
0,50,54,120,126
0,50,120,122,125
0,50,120,122,126
0,50,144,146,149
0,50,144,146,150
0,54,120,126,134
0,56,71,120,143
0,56,120,128,134
0,56,120,128,143
0,56,144,152,158
0,56,144,152,167
0,61,66,120,138
0,61,120,133,138
0,61,120,133,142
0,61,144,157,162
0,61,144,157,166
0,66,120,125,138
0,71,120,142,143
0,120,122,125,432
0,120,122,126,438
0,120,122,432,438
0,120,125,138,450
0,120,125,432,450
0,120,126,134,438
0,120,128,134,432
0,120,128,143,455
0,120,128,432,455
0,120,133,138,450
0,120,133,142,432
0,120,133,432,450
0,120,134,432,438
0,120,142,143,455
0,120,142,432,455
0,122,125,432,434
0,122,432,434,438
0,125,432,434,437
0,125,432,437,450
0,128,134,432,440
0,128,432,440,455
0,133,142,432,445
0,133,432,445,450
0,134,432,438,446
0,134,432,440,446
0,142,432,445,454
0,142,432,454,455
0,144,146,149,341
0,144,146,150,338
0,144,146,338,341
0,144,149,162,341
0,144,150,158,350
0,144,150,336,338
0,144,150,336,350
0,144,152,158,350
0,144,152,167,344
0,144,152,344,350
0,144,157,162,349
0,144,157,166,358
0,144,157,349,358
0,144,162,336,341
0,144,162,336,349
0,144,166,167,358
0,144,167,336,344
0,144,167,336,358
0,144,336,338,341
0,144,336,344,350
0,144,336,349,358
0,150,336,338,342
0,150,336,342,350
0,162,336,341,354
0,162,336,349,354
0,167,336,344,359
0,167,336,358,359
0,192,194,197,341
0,192,194,197,557
0,192,194,198,336
0,192,194,198,558
0,192,194,336,341
0,192,194,552,557
0,192,194,552,558
0,192,197,210,341
0,192,197,210,570
0,192,197,557,570
0,192,198,206,350
0,192,198,206,558
0,192,198,336,350
0,192,200,206,350
0,192,200,206,566
0,192,200,215,336
0,192,200,215,575
0,192,200,336,350
0,192,200,552,566
0,192,200,552,575
0,192,205,210,336
0,192,205,210,570
0,192,205,214,358
0,192,205,214,574
0,192,205,336,358
0,192,205,552,570
0,192,205,552,574
0,192,206,558,566
0,192,210,336,341
0,192,214,215,358
0,192,214,215,575
0,192,214,574,575
0,192,215,336,358
0,192,552,557,570
0,192,552,558,566
0,192,552,574,575
0,194,198,336,342
0,194,336,338,341
0,194,336,338,342
0,194,552,554,557
0,194,552,554,558
0,198,336,342,350
0,200,215,336,359
0,200,336,344,350
0,200,336,344,359
0,200,552,560,566
0,200,552,560,575
0,205,210,336,354
0,205,336,349,354
0,205,336,349,358
0,205,552,565,570
0,205,552,565,574
0,210,336,341,354
0,215,336,358,359
0,312,314,317,437
0,312,314,317,533
0,312,314,318,438
0,312,314,318,528
0,312,314,432,437
0,312,314,432,438
0,312,314,528,533
0,312,317,330,450
0,312,317,330,533
0,312,317,437,450
0,312,318,326,438
0,312,318,326,542
0,312,318,528,542
0,312,320,326,446
0,312,320,326,542
0,312,320,335,455
0,312,320,335,528
0,312,320,432,446
0,312,320,432,455
0,312,320,528,542
0,312,325,330,450
0,312,325,330,528
0,312,325,334,454
0,312,325,334,550
0,312,325,432,450
0,312,325,432,454
0,312,325,528,550
0,312,326,438,446
0,312,330,528,533
0,312,334,335,455
0,312,334,335,550
0,312,334,454,455
0,312,335,528,550
0,312,432,437,450
0,312,432,438,446
0,312,432,454,455
0,314,318,528,534
0,314,432,434,437
0,314,432,434,438
0,314,528,530,533
0,314,528,530,534
0,318,528,534,542
0,320,335,528,551
0,320,432,440,446
0,320,432,440,455
0,320,528,536,542
0,320,528,536,551
0,325,330,528,546
0,325,432,445,450
0,325,432,445,454
0,325,528,541,546
0,325,528,541,550
0,330,528,533,546
0,335,528,550,551
0,528,530,533,552
0,528,530,534,558
0,528,530,552,558
0,528,533,546,570
0,528,533,552,570
0,528,534,542,558
0,528,536,542,552
0,528,536,551,575
0,528,536,552,575
0,528,541,546,570
0,528,541,550,552
0,528,541,552,570
0,528,542,552,558
0,528,550,551,575
0,528,550,552,575
0,530,533,552,554
0,530,552,554,558
0,533,552,554,557
0,533,552,557,570
0,536,542,552,560
0,536,552,560,575
0,541,550,552,565
0,541,552,565,570
0,542,552,558,566
0,542,552,560,566
0,550,552,565,574
0,550,552,574,575
1,4,5,49,125
1,4,5,49,145
1,4,5,125,433
1,4,5,145,341
1,4,5,193,341
1,4,5,193,553
1,4,5,313,433
1,4,5,313,533
1,4,5,533,553
1,4,18,49,138
1,4,18,49,162
1,4,18,138,450
1,4,18,162,354
1,4,18,193,354
1,4,18,193,570
1,4,18,313,450
1,4,18,313,546
1,4,18,546,570
1,4,49,121,125
1,4,49,121,138
1,4,49,145,162
1,4,121,125,433
1,4,121,138,450
1,4,121,433,450
1,4,145,162,337
1,4,145,337,341
1,4,162,337,354
1,4,193,337,341
1,4,193,337,354
1,4,193,553,570
1,4,313,433,450
1,4,313,529,533
1,4,313,529,546
1,4,529,533,553
1,4,529,546,570
1,4,529,553,570
1,5,18,49,125
1,5,18,49,162
1,5,18,125,450
1,5,18,162,341
1,5,18,193,341
1,5,18,193,570
1,5,18,313,450
1,5,18,313,533
1,5,18,533,570
1,5,49,145,162
1,5,125,433,450
1,5,145,162,341
1,5,193,553,570
1,5,313,433,450
1,5,533,553,570
1,18,49,125,138
1,18,125,138,450
1,18,162,341,354
1,18,193,341,354
1,18,313,533,546
1,18,533,546,570
1,49,121,125,138
1,121,125,138,450
1,121,125,433,450
1,145,162,337,341
1,162,337,341,354
1,193,337,341,354
1,313,529,533,546
1,529,533,546,570
1,529,533,553,570
2,5,6,50,125
2,5,6,50,150
2,5,6,125,438
2,5,6,150,341
2,5,6,194,341
2,5,6,194,558
2,5,6,314,438
2,5,6,314,533
2,5,6,533,558
2,5,50,146,150
2,5,125,434,438
2,5,146,150,341
2,5,194,554,558
2,5,314,434,438
2,5,533,554,558
2,6,50,125,126
2,6,125,126,438
2,6,150,341,342
2,6,194,341,342
2,6,314,533,534
2,6,533,534,558
2,50,122,125,126
2,122,125,126,438
2,122,125,434,438
2,146,150,338,341
2,150,338,341,342
2,194,338,341,342
2,314,530,533,534
2,530,533,534,558
2,530,533,554,558
3,6,7,51,126
3,6,7,51,150
3,6,7,126,438
3,6,7,150,342
3,6,7,195,342
3,6,7,195,558
3,6,7,315,438
3,6,7,315,534
3,6,7,534,558
3,6,14,51,134
3,6,14,51,150
3,6,14,134,438
3,6,14,150,350
3,6,14,195,350
3,6,14,195,558
3,6,14,315,438
3,6,14,315,542
3,6,14,542,558
3,6,51,126,134
3,6,126,134,438
3,6,150,342,350
3,6,195,342,350
3,6,315,534,542
3,6,534,542,558
3,7,14,51,134
3,7,14,51,147
3,7,14,134,435
3,7,14,147,350
3,7,14,195,350
3,7,14,195,555
3,7,14,315,435
3,7,14,315,542
3,7,14,542,555
3,7,51,123,126
3,7,51,123,134
3,7,51,147,150
3,7,123,126,438
3,7,123,134,435
3,7,123,435,438
3,7,147,150,339
3,7,147,339,350
3,7,150,339,342
3,7,195,339,342
3,7,195,339,350
3,7,195,555,558
3,7,315,435,438
3,7,315,531,534
3,7,315,531,542
3,7,531,534,558
3,7,531,542,555
3,7,531,555,558
3,14,51,147,150
3,14,134,435,438
3,14,147,150,350
3,14,195,555,558
3,14,315,435,438
3,14,542,555,558
3,51,123,126,134
3,123,126,134,438
3,123,134,435,438
3,147,150,339,350
3,150,339,342,350
3,195,339,342,350
3,315,531,534,542
3,531,534,542,558
3,531,542,555,558
4,5,15,53,125
4,5,15,53,159
4,5,15,125,447
4,5,15,159,341
4,5,15,197,341
4,5,15,197,567
4,5,15,317,447
4,5,15,317,533
4,5,15,533,567
4,5,49,53,125
4,5,49,53,149
4,5,49,145,149
4,5,53,149,159
4,5,125,433,437
4,5,125,437,447
4,5,145,149,341
4,5,149,159,341
4,5,193,197,341
4,5,193,197,557
4,5,193,553,557
4,5,197,557,567
4,5,313,317,437
4,5,313,317,533
4,5,313,433,437
4,5,317,437,447
4,5,533,553,557
4,5,533,557,567
4,9,14,57,134
4,9,14,57,153
4,9,14,134,441
4,9,14,153,350
4,9,14,201,350
4,9,14,201,561
4,9,14,321,441
4,9,14,321,542
4,9,14,542,561
4,9,15,57,135
4,9,15,57,159
4,9,15,135,447
4,9,15,159,351
4,9,15,201,351
4,9,15,201,567
4,9,15,321,447
4,9,15,321,543
4,9,15,543,567
4,9,57,129,134
4,9,57,129,135
4,9,57,153,159
4,9,129,134,441
4,9,129,135,447
4,9,129,441,447
4,9,153,159,345
4,9,153,345,350
4,9,159,345,351
4,9,201,345,350
4,9,201,345,351
4,9,201,561,567
4,9,321,441,447
4,9,321,537,542
4,9,321,537,543
4,9,537,542,561
4,9,537,543,567
4,9,537,561,567
4,14,23,62,134
4,14,23,62,167
4,14,23,134,455
4,14,23,167,350
4,14,23,206,350
4,14,23,206,575
4,14,23,326,455
4,14,23,326,542
4,14,23,542,575
4,14,57,62,134
4,14,57,62,158
4,14,57,153,158
4,14,62,158,167
4,14,134,441,446
4,14,134,446,455
4,14,153,158,350
4,14,158,167,350
4,14,201,206,350
4,14,201,206,566
4,14,201,561,566
4,14,206,566,575
4,14,321,326,446
4,14,321,326,542
4,14,321,441,446
4,14,326,446,455
4,14,542,561,566
4,14,542,566,575
4,15,53,63,125
4,15,53,63,159
4,15,57,63,135
4,15,57,63,159
4,15,63,125,135
4,15,125,135,447
4,15,159,341,351
4,15,197,207,341
4,15,197,207,567
4,15,201,207,351
4,15,201,207,567
4,15,207,341,351
4,15,317,327,447
4,15,317,327,533
4,15,321,327,447
4,15,321,327,543
4,15,327,533,543
4,15,533,543,567
4,17,18,65,137
4,17,18,65,162
4,17,18,137,450
4,17,18,162,353
4,17,18,209,353
4,17,18,209,570
4,17,18,329,450
4,17,18,329,545
4,17,18,545,570
4,17,21,69,137
4,17,21,69,165
4,17,21,137,453
4,17,21,165,353
4,17,21,213,353
4,17,21,213,573
4,17,21,333,453
4,17,21,333,545
4,17,21,545,573
4,17,65,69,137
4,17,65,69,161
4,17,65,161,162
4,17,69,161,165
4,17,137,449,450
4,17,137,449,453
4,17,161,162,353
4,17,161,165,353
4,17,209,213,353
4,17,209,213,569
4,17,209,569,570
4,17,213,569,573
4,17,329,333,449
4,17,329,333,545
4,17,329,449,450
4,17,333,449,453
4,17,545,569,570
4,17,545,569,573
4,18,49,66,138
4,18,49,66,162
4,18,65,66,137
4,18,65,66,162
4,18,66,137,138
4,18,137,138,450
4,18,162,353,354
4,18,193,210,354
4,18,193,210,570
4,18,209,210,353
4,18,209,210,570
4,18,210,353,354
4,18,313,330,450
4,18,313,330,546
4,18,329,330,450
4,18,329,330,545
4,18,330,545,546
4,18,545,546,570
4,21,23,69,143
4,21,23,69,167
4,21,23,143,455
4,21,23,167,359
4,21,23,213,359
4,21,23,213,575
4,21,23,333,455
4,21,23,333,551
4,21,23,551,575
4,21,69,137,141
4,21,69,141,143
4,21,69,165,167
4,21,137,141,453
4,21,141,143,455
4,21,141,453,455
4,21,165,167,357
4,21,165,353,357
4,21,167,357,359
4,21,213,353,357
4,21,213,357,359
4,21,213,573,575
4,21,333,453,455
4,21,333,545,549
4,21,333,549,551
4,21,545,549,573
4,21,549,551,575
4,21,549,573,575
4,23,62,71,134
4,23,62,71,167
4,23,69,71,143
4,23,69,71,167
4,23,71,134,143
4,23,134,143,455
4,23,167,350,359
4,23,206,215,350
4,23,206,215,575
4,23,213,215,359
4,23,213,215,575
4,23,215,350,359
4,23,326,335,455
4,23,326,335,542
4,23,333,335,455
4,23,333,335,551
4,23,335,542,551
4,23,542,551,575
4,49,52,53,125
4,49,52,53,149
4,49,52,66,124
4,49,52,66,162
4,49,52,124,125
4,49,52,148,149
4,49,52,148,162
4,49,66,124,138
4,49,121,124,125
4,49,121,124,138
4,49,145,148,149
4,49,145,148,162
4,52,53,63,125
4,52,53,63,159
4,52,53,149,159
4,52,57,62,134
4,52,57,62,158
4,52,57,63,124
4,52,57,63,159
4,52,57,124,134
4,52,57,148,158
4,52,57,148,159
4,52,62,71,134
4,52,62,71,167
4,52,62,158,167
4,52,63,124,125
4,52,65,66,137
4,52,65,66,162
4,52,65,69,137
4,52,65,69,161
4,52,65,161,162
4,52,66,124,137
4,52,69,71,124
4,52,69,71,167
4,52,69,124,137
4,52,69,148,161
4,52,69,148,167
4,52,71,124,134
4,52,148,149,159
4,52,148,158,167
4,52,148,161,162
4,57,63,124,135
4,57,124,129,134
4,57,124,129,135
4,57,148,153,158
4,57,148,153,159
4,63,124,125,135
4,66,124,137,138
4,69,71,124,143
4,69,124,137,141
4,69,124,141,143
4,69,148,161,165
4,69,148,165,167
4,71,124,134,143
4,121,124,125,436
4,121,124,138,450
4,121,124,436,450
4,121,125,433,436
4,121,433,436,450
4,124,125,135,447
4,124,125,436,447
4,124,129,134,436
4,124,129,135,447
4,124,129,436,447
4,124,134,143,455
4,124,134,436,455
4,124,137,138,450
4,124,137,141,436
4,124,137,436,450
4,124,141,143,455
4,124,141,436,455
4,125,433,436,437
4,125,436,437,447
4,129,134,436,441
4,129,436,441,447
4,134,436,441,446
4,134,436,446,455
4,137,141,436,453
4,137,436,449,450
4,137,436,449,453
4,141,436,453,455
4,145,148,149,341
4,145,148,162,337
4,145,148,337,341
4,148,149,159,341
4,148,153,158,350
4,148,153,159,345
4,148,153,345,350
4,148,158,167,350
4,148,159,340,341
4,148,159,340,345
4,148,161,162,353
4,148,161,165,353
4,148,162,337,340
4,148,162,340,353
4,148,165,167,357
4,148,165,353,357
4,148,167,340,350
4,148,167,340,357
4,148,337,340,341
4,148,340,345,350
4,148,340,353,357
4,159,340,341,351
4,159,340,345,351
4,162,337,340,354
4,162,340,353,354
4,167,340,350,359
4,167,340,357,359
4,193,196,197,341
4,193,196,197,557
4,193,196,210,340
4,193,196,210,570
4,193,196,340,341
4,193,196,556,557
4,193,196,556,570
4,193,210,340,354
4,193,337,340,341
4,193,337,340,354
4,193,553,556,557
4,193,553,556,570
4,196,197,207,341
4,196,197,207,567
4,196,197,557,567
4,196,201,206,350
4,196,201,206,566
4,196,201,207,340
4,196,201,207,567
4,196,201,340,350
4,196,201,556,566
4,196,201,556,567
4,196,206,215,350
4,196,206,215,575
4,196,206,566,575
4,196,207,340,341
4,196,209,210,353
4,196,209,210,570
4,196,209,213,353
4,196,209,213,569
4,196,209,569,570
4,196,210,340,353
4,196,213,215,340
4,196,213,215,575
4,196,213,340,353
4,196,213,556,569
4,196,213,556,575
4,196,215,340,350
4,196,556,557,567
4,196,556,566,575
4,196,556,569,570
4,201,207,340,351
4,201,340,345,350
4,201,340,345,351
4,201,556,561,566
4,201,556,561,567
4,207,340,341,351
4,210,340,353,354
4,213,215,340,359
4,213,340,353,357
4,213,340,357,359
4,213,556,569,573
4,213,556,573,575
4,215,340,350,359
4,313,316,317,437
4,313,316,317,533
4,313,316,330,450
4,313,316,330,532
4,313,316,436,437
4,313,316,436,450
4,313,316,532,533
4,313,330,532,546
4,313,433,436,437
4,313,433,436,450
4,313,529,532,533
4,313,529,532,546
4,316,317,327,447
4,316,317,327,533
4,316,317,437,447
4,316,321,326,446
4,316,321,326,542
4,316,321,327,447
4,316,321,327,532
4,316,321,436,446
4,316,321,436,447
4,316,321,532,542
4,316,326,335,455
4,316,326,335,542
4,316,326,446,455
4,316,327,532,533
4,316,329,330,450
4,316,329,330,545
4,316,329,333,449
4,316,329,333,545
4,316,329,449,450
4,316,330,532,545
4,316,333,335,455
4,316,333,335,532
4,316,333,436,449
4,316,333,436,455
4,316,333,532,545
4,316,335,532,542
4,316,436,437,447
4,316,436,446,455
4,316,436,449,450
4,321,327,532,543
4,321,436,441,446
4,321,436,441,447
4,321,532,537,542
4,321,532,537,543
4,327,532,533,543
4,330,532,545,546
4,333,335,532,551
4,333,436,449,453
4,333,436,453,455
4,333,532,545,549
4,333,532,549,551
4,335,532,542,551
4,529,532,533,556
4,529,532,546,570
4,529,532,556,570
4,529,533,553,556
4,529,553,556,570
4,532,533,543,567
4,532,533,556,567
4,532,537,542,556
4,532,537,543,567
4,532,537,556,567
4,532,542,551,575
4,532,542,556,575
4,532,545,546,570
4,532,545,549,556
4,532,545,556,570
4,532,549,551,575
4,532,549,556,575
4,533,553,556,557
4,533,556,557,567
4,537,542,556,561
4,537,556,561,567
4,542,556,561,566
4,542,556,566,575
4,545,549,556,573
4,545,556,569,570
4,545,556,569,573
4,549,556,573,575
5,6,16,53,125
5,6,16,53,150
5,6,16,125,438
5,6,16,150,341
5,6,16,197,341
5,6,16,197,558
5,6,16,317,438
5,6,16,317,533
5,6,16,533,558
5,6,50,53,125
5,6,50,53,150
5,6,194,197,341
5,6,194,197,558
5,6,314,317,438
5,6,314,317,533
5,10,15,58,125
5,10,15,58,159
5,10,15,125,447
5,10,15,159,341
5,10,15,202,341
5,10,15,202,567
5,10,15,322,447
5,10,15,322,533
5,10,15,533,567
5,10,16,58,125
5,10,16,58,154
5,10,16,125,442
5,10,16,154,341
5,10,16,202,341
5,10,16,202,562
5,10,16,322,442
5,10,16,322,533
5,10,16,533,562
5,10,58,154,159
5,10,125,442,447
5,10,154,159,341
5,10,202,562,567
5,10,322,442,447
5,10,533,562,567
5,15,53,58,125
5,15,53,58,159
5,15,197,202,341
5,15,197,202,567
5,15,317,322,447
5,15,317,322,533
5,16,53,58,125
5,16,53,58,149
5,16,53,149,150
5,16,58,149,154
5,16,125,437,438
5,16,125,437,442
5,16,149,150,341
5,16,149,154,341
5,16,197,202,341
5,16,197,202,557
5,16,197,557,558
5,16,202,557,562
5,16,317,322,437
5,16,317,322,533
5,16,317,437,438
5,16,322,437,442
5,16,533,557,558
5,16,533,557,562
5,18,49,53,125
5,18,49,53,162
5,18,193,197,341
5,18,193,197,570
5,18,313,317,450
5,18,313,317,533
5,49,53,149,162
5,49,145,149,162
5,50,53,149,150
5,50,146,149,150
5,53,58,149,159
5,58,149,154,159
5,125,433,437,450
5,125,434,437,438
5,125,437,442,447
5,145,149,162,341
5,146,149,150,341
5,149,154,159,341
5,193,197,557,570
5,193,553,557,570
5,194,197,557,558
5,194,554,557,558
5,197,202,557,567
5,202,557,562,567
5,313,317,437,450
5,313,433,437,450
5,314,317,437,438
5,314,434,437,438
5,317,322,437,447
5,322,437,442,447
5,533,553,557,570
5,533,554,557,558
5,533,557,562,567
6,7,17,65,137
6,7,17,65,150
6,7,17,137,438
6,7,17,150,353
6,7,17,209,353
6,7,17,209,558
6,7,17,329,438
6,7,17,329,545
6,7,17,545,558
6,7,51,54,126
6,7,51,54,150
6,7,54,65,137
6,7,54,65,150
6,7,54,126,137
6,7,126,137,438
6,7,150,342,353
6,7,195,198,342
6,7,195,198,558
6,7,198,209,353
6,7,198,209,558
6,7,198,342,353
6,7,315,318,438
6,7,315,318,534
6,7,318,329,438
6,7,318,329,545
6,7,318,534,545
6,7,534,545,558
6,11,16,59,126
6,11,16,59,150
6,11,16,126,438
6,11,16,150,342
6,11,16,203,342
6,11,16,203,558
6,11,16,323,438
6,11,16,323,534
6,11,16,534,558
6,11,17,59,137
6,11,17,59,150
6,11,17,137,438
6,11,17,150,353
6,11,17,203,353
6,11,17,203,558
6,11,17,323,438
6,11,17,323,545
6,11,17,545,558
6,11,59,126,137
6,11,126,137,438
6,11,150,342,353
6,11,203,342,353
6,11,323,534,545
6,11,534,545,558
6,14,51,62,134
6,14,51,62,150
6,14,195,206,350
6,14,195,206,558
6,14,315,326,438
6,14,315,326,542
6,16,53,54,125
6,16,53,54,150
6,16,54,59,126
6,16,54,59,150
6,16,54,125,126
6,16,125,126,438
6,16,150,341,342
6,16,197,198,341
6,16,197,198,558
6,16,198,203,342
6,16,198,203,558
6,16,198,341,342
6,16,317,318,438
6,16,317,318,533
6,16,318,323,438
6,16,318,323,534
6,16,318,533,534
6,16,533,534,558
6,17,59,65,137
6,17,59,65,150
6,17,203,209,353
6,17,203,209,558
6,17,323,329,438
6,17,323,329,545
6,50,53,54,125
6,50,53,54,150
6,50,54,125,126
6,51,54,62,134
6,51,54,62,150
6,51,54,126,134
6,54,59,65,137
6,54,59,65,150
6,54,59,126,137
6,194,197,198,341
6,194,197,198,558
6,194,198,341,342
6,195,198,206,350
6,195,198,206,558
6,195,198,342,350
6,198,203,209,353
6,198,203,209,558
6,198,203,342,353
6,314,317,318,438
6,314,317,318,533
6,314,318,533,534
6,315,318,326,438
6,315,318,326,542
6,315,318,534,542
6,318,323,329,438
6,318,323,329,545
6,318,323,534,545
7,12,17,60,137
7,12,17,60,156
7,12,17,137,444
7,12,17,156,353
7,12,17,204,353
7,12,17,204,564
7,12,17,324,444
7,12,17,324,545
7,12,17,545,564
7,12,18,60,138
7,12,18,60,162
7,12,18,138,450
7,12,18,162,354
7,12,18,204,354
7,12,18,204,570
7,12,18,324,450
7,12,18,324,546
7,12,18,546,570
7,12,60,132,137
7,12,60,132,138
7,12,60,156,162
7,12,132,137,444
7,12,132,138,450
7,12,132,444,450
7,12,156,162,348
7,12,156,348,353
7,12,162,348,354
7,12,204,348,353
7,12,204,348,354
7,12,204,564,570
7,12,324,444,450
7,12,324,540,545
7,12,324,540,546
7,12,540,545,564
7,12,540,546,570
7,12,540,564,570
7,14,15,62,134
7,14,15,62,159
7,14,15,134,447
7,14,15,159,350
7,14,15,206,350
7,14,15,206,567
7,14,15,326,447
7,14,15,326,542
7,14,15,542,567
7,14,51,62,134
7,14,51,62,158
7,14,51,147,158
7,14,62,158,159
7,14,134,435,446
7,14,134,446,447
7,14,147,158,350
7,14,158,159,350
7,14,195,206,350
7,14,195,206,566
7,14,195,555,566
7,14,206,566,567
7,14,315,326,446
7,14,315,326,542
7,14,315,435,446
7,14,326,446,447
7,14,542,555,566
7,14,542,566,567
7,15,19,67,135
7,15,19,67,159
7,15,19,135,447
7,15,19,159,351
7,15,19,211,351
7,15,19,211,567
7,15,19,331,447
7,15,19,331,543
7,15,19,543,567
7,15,62,63,134
7,15,62,63,159
7,15,63,67,135
7,15,63,67,159
7,15,63,134,135
7,15,134,135,447
7,15,159,350,351
7,15,206,207,350
7,15,206,207,567
7,15,207,211,351
7,15,207,211,567
7,15,207,350,351
7,15,326,327,447
7,15,326,327,542
7,15,327,331,447
7,15,327,331,543
7,15,327,542,543
7,15,542,543,567
7,17,60,65,137
7,17,60,65,161
7,17,60,156,161
7,17,65,150,161
7,17,137,438,449
7,17,137,444,449
7,17,150,161,353
7,17,156,161,353
7,17,204,209,353
7,17,204,209,569
7,17,204,564,569
7,17,209,558,569
7,17,324,329,449
7,17,324,329,545
7,17,324,444,449
7,17,329,438,449
7,17,545,558,569
7,17,545,564,569
7,18,22,70,142
7,18,22,70,162
7,18,22,142,450
7,18,22,162,358
7,18,22,214,358
7,18,22,214,570
7,18,22,334,450
7,18,22,334,550
7,18,22,550,570
7,18,60,66,138
7,18,60,66,162
7,18,66,70,142
7,18,66,70,162
7,18,66,138,142
7,18,138,142,450
7,18,162,354,358
7,18,204,210,354
7,18,204,210,570
7,18,210,214,358
7,18,210,214,570
7,18,210,354,358
7,18,324,330,450
7,18,324,330,546
7,18,330,334,450
7,18,330,334,550
7,18,330,546,550
7,18,546,550,570
7,19,22,67,142
7,19,22,67,163
7,19,22,142,451
7,19,22,163,358
7,19,22,211,358
7,19,22,211,571
7,19,22,331,451
7,19,22,331,550
7,19,22,550,571
7,19,67,135,139
7,19,67,139,142
7,19,67,159,163
7,19,135,139,447
7,19,139,142,451
7,19,139,447,451
7,19,159,163,355
7,19,159,351,355
7,19,163,355,358
7,19,211,351,355
7,19,211,355,358
7,19,211,567,571
7,19,331,447,451
7,19,331,543,547
7,19,331,547,550
7,19,543,547,567
7,19,547,550,571
7,19,547,567,571
7,22,67,70,142
7,22,67,70,166
7,22,67,163,166
7,22,70,162,166
7,22,142,450,454
7,22,142,451,454
7,22,162,166,358
7,22,163,166,358
7,22,211,214,358
7,22,211,214,574
7,22,211,571,574
7,22,214,570,574
7,22,331,334,454
7,22,331,334,550
7,22,331,451,454
7,22,334,450,454
7,22,550,570,574
7,22,550,571,574
7,51,54,55,127
7,51,54,55,150
7,51,54,126,127
7,51,55,62,134
7,51,55,62,158
7,51,55,127,134
7,51,55,150,151
7,51,55,151,158
7,51,123,126,127
7,51,123,127,134
7,51,147,150,151
7,51,147,151,158
7,54,55,65,137
7,54,55,65,150
7,54,55,127,137
7,54,126,127,137
7,55,60,65,137
7,55,60,65,161
7,55,60,66,127
7,55,60,66,162
7,55,60,127,137
7,55,60,151,161
7,55,60,151,162
7,55,62,63,134
7,55,62,63,159
7,55,62,158,159
7,55,63,67,127
7,55,63,67,159
7,55,63,127,134
7,55,65,150,161
7,55,66,70,142
7,55,66,70,162
7,55,66,127,142
7,55,67,70,142
7,55,67,70,166
7,55,67,127,142
7,55,67,151,159
7,55,67,151,166
7,55,70,162,166
7,55,150,151,161
7,55,151,158,159
7,55,151,162,166
7,60,66,127,138
7,60,127,132,137
7,60,127,132,138
7,60,151,156,161
7,60,151,156,162
7,63,67,127,135
7,63,127,134,135
7,66,127,138,142
7,67,127,135,139
7,67,127,139,142
7,67,151,159,163
7,67,151,163,166
7,123,126,127,438
7,123,127,134,439
7,123,127,438,439
7,123,134,435,439
7,123,435,438,439
7,126,127,137,438
7,127,132,137,439
7,127,132,138,450
7,127,132,439,450
7,127,134,135,447
7,127,134,439,447
7,127,135,139,447
7,127,137,438,439
7,127,138,142,450
7,127,139,142,439
7,127,139,439,447
7,127,142,439,450
7,132,137,439,444
7,132,439,444,450
7,134,435,439,446
7,134,439,446,447
7,137,438,439,449
7,137,439,444,449
7,139,142,439,451
7,139,439,447,451
7,142,439,450,454
7,142,439,451,454
7,147,150,151,339
7,147,151,158,350
7,147,151,339,350
7,150,151,161,353
7,150,151,339,343
7,150,151,343,353
7,150,339,342,343
7,150,342,343,353
7,151,156,161,353
7,151,156,162,348
7,151,156,348,353
7,151,158,159,350
7,151,159,163,355
7,151,159,343,350
7,151,159,343,355
7,151,162,166,358
7,151,162,343,348
7,151,162,343,358
7,151,163,166,358
7,151,163,355,358
7,151,339,343,350
7,151,343,348,353
7,151,343,355,358
7,159,343,350,351
7,159,343,351,355
7,162,343,348,354
7,162,343,354,358
7,195,198,199,343
7,195,198,199,558
7,195,198,342,343
7,195,199,206,350
7,195,199,206,566
7,195,199,343,350
7,195,199,558,559
7,195,199,559,566
7,195,339,342,343
7,195,339,343,350
7,195,555,558,559
7,195,555,559,566
7,198,199,209,353
7,198,199,209,558
7,198,199,343,353
7,198,342,343,353
7,199,204,209,353
7,199,204,209,569
7,199,204,210,343
7,199,204,210,570
7,199,204,343,353
7,199,204,559,569
7,199,204,559,570
7,199,206,207,350
7,199,206,207,567
7,199,206,566,567
7,199,207,211,343
7,199,207,211,567
7,199,207,343,350
7,199,209,558,569
7,199,210,214,358
7,199,210,214,570
7,199,210,343,358
7,199,211,214,358
7,199,211,214,574
7,199,211,343,358
7,199,211,559,567
7,199,211,559,574
7,199,214,570,574
7,199,558,559,569
7,199,559,566,567
7,199,559,570,574
7,204,210,343,354
7,204,343,348,353
7,204,343,348,354
7,204,559,564,569
7,204,559,564,570
7,207,211,343,351
7,207,343,350,351
7,210,343,354,358
7,211,343,351,355
7,211,343,355,358
7,211,559,567,571
7,211,559,571,574
7,315,318,319,438
7,315,318,319,535
7,315,318,534,535
7,315,319,326,446
7,315,319,326,542
7,315,319,438,439
7,315,319,439,446
7,315,319,535,542
7,315,435,438,439
7,315,435,439,446
7,315,531,534,535
7,315,531,535,542
7,318,319,329,438
7,318,319,329,545
7,318,319,535,545
7,318,534,535,545
7,319,324,329,449
7,319,324,329,545
7,319,324,330,450
7,319,324,330,535
7,319,324,439,449
7,319,324,439,450
7,319,324,535,545
7,319,326,327,447
7,319,326,327,542
7,319,326,446,447
7,319,327,331,447
7,319,327,331,535
7,319,327,535,542
7,319,329,438,449
7,319,330,334,450
7,319,330,334,550
7,319,330,535,550
7,319,331,334,454
7,319,331,334,550
7,319,331,439,447
7,319,331,439,454
7,319,331,535,550
7,319,334,450,454
7,319,438,439,449
7,319,439,446,447
7,319,439,450,454
7,324,330,535,546
7,324,439,444,449
7,324,439,444,450
7,324,535,540,545
7,324,535,540,546
7,327,331,535,543
7,327,535,542,543
7,330,535,546,550
7,331,439,447,451
7,331,439,451,454
7,331,535,543,547
7,331,535,547,550
7,531,534,535,558
7,531,535,542,559
7,531,535,558,559
7,531,542,555,559
7,531,555,558,559
7,534,535,545,558
7,535,540,545,559
7,535,540,546,570
7,535,540,559,570
7,535,542,543,567
7,535,542,559,567
7,535,543,547,567
7,535,545,558,559
7,535,546,550,570
7,535,547,550,559
7,535,547,559,567
7,535,550,559,570
7,540,545,559,564
7,540,559,564,570
7,542,555,559,566
7,542,559,566,567
7,545,558,559,569
7,545,559,564,569
7,547,550,559,571
7,547,559,567,571
7,550,559,570,574
7,550,559,571,574
8,14,23,56,134
8,14,23,56,167
8,14,23,134,455
8,14,23,167,350
8,14,23,200,350
8,14,23,200,575
8,14,23,320,455
8,14,23,320,542
8,14,23,542,575
8,14,56,152,167
8,14,134,440,455
8,14,152,167,350
8,14,200,560,575
8,14,320,440,455
8,14,542,560,575
8,23,56,134,143
8,23,134,143,455
8,23,167,350,359
8,23,200,350,359
8,23,320,542,551
8,23,542,551,575
8,56,128,134,143
8,128,134,143,455
8,128,134,440,455
8,152,167,344,350
8,167,344,350,359
8,200,344,350,359
8,320,536,542,551
8,536,542,551,575
8,536,542,560,575
9,14,15,57,134
9,14,15,57,159
9,14,15,134,447
9,14,15,159,350
9,14,15,201,350
9,14,15,201,567
9,14,15,321,447
9,14,15,321,542
9,14,15,542,567
9,14,57,153,159
9,14,134,441,447
9,14,153,159,350
9,14,201,561,567
9,14,321,441,447
9,14,542,561,567
9,15,57,134,135
9,15,134,135,447
9,15,159,350,351
9,15,201,350,351
9,15,321,542,543
9,15,542,543,567
9,57,129,134,135
9,129,134,135,447
9,129,134,441,447
9,153,159,345,350
9,159,345,350,351
9,201,345,350,351
9,321,537,542,543
9,537,542,543,567
9,537,542,561,567
10,15,16,58,135
10,15,16,58,159
10,15,16,135,447
10,15,16,159,351
10,15,16,202,351
10,15,16,202,567
10,15,16,322,447
10,15,16,322,543
10,15,16,543,567
10,15,58,125,135
10,15,125,135,447
10,15,159,341,351
10,15,202,341,351
10,15,322,533,543
10,15,533,543,567
10,16,58,125,130
10,16,58,130,135
10,16,58,154,159
10,16,125,130,442
10,16,130,135,447
10,16,130,442,447
10,16,154,159,346
10,16,154,341,346
10,16,159,346,351
10,16,202,341,346
10,16,202,346,351
10,16,202,562,567
10,16,322,442,447
10,16,322,533,538
10,16,322,538,543
10,16,533,538,562
10,16,538,543,567
10,16,538,562,567
10,58,125,130,135
10,125,130,135,447
10,125,130,442,447
10,154,159,341,346
10,159,341,346,351
10,202,341,346,351
10,322,533,538,543
10,533,538,543,567
10,533,538,562,567
11,16,17,59,137
11,16,17,59,155
11,16,17,137,443
11,16,17,155,353
11,16,17,203,353
11,16,17,203,563
11,16,17,323,443
11,16,17,323,545
11,16,17,545,563
11,16,59,126,131
11,16,59,131,137
11,16,59,150,155
11,16,126,131,438
11,16,131,137,443
11,16,131,438,443
11,16,150,155,347
11,16,150,342,347
11,16,155,347,353
11,16,203,342,347
11,16,203,347,353
11,16,203,558,563
11,16,323,438,443
11,16,323,534,539
11,16,323,539,545
11,16,534,539,558
11,16,539,545,563
11,16,539,558,563
11,17,59,150,155
11,17,137,438,443
11,17,150,155,353
11,17,203,558,563
11,17,323,438,443
11,17,545,558,563
11,59,126,131,137
11,126,131,137,438
11,131,137,438,443
11,150,155,347,353
11,150,342,347,353
11,203,342,347,353
11,323,534,539,545
11,534,539,545,558
11,539,545,558,563
12,17,18,60,137
12,17,18,60,162
12,17,18,137,450
12,17,18,162,353
12,17,18,204,353
12,17,18,204,570
12,17,18,324,450
12,17,18,324,545
12,17,18,545,570
12,17,60,156,162
12,17,137,444,450
12,17,156,162,353
12,17,204,564,570
12,17,324,444,450
12,17,545,564,570
12,18,60,137,138
12,18,137,138,450
12,18,162,353,354
12,18,204,353,354
12,18,324,545,546
12,18,545,546,570
12,60,132,137,138
12,132,137,138,450
12,132,137,444,450
12,156,162,348,353
12,162,348,353,354
12,204,348,353,354
12,324,540,545,546
12,540,545,546,570
12,540,545,564,570
13,18,22,61,142
13,18,22,61,162
13,18,22,142,450
13,18,22,162,358
13,18,22,205,358
13,18,22,205,570
13,18,22,325,450
13,18,22,325,550
13,18,22,550,570
13,18,61,138,142
13,18,138,142,450
13,18,162,354,358
13,18,205,354,358
13,18,325,546,550
13,18,546,550,570
13,22,61,157,162
13,22,142,445,450
13,22,157,162,358
13,22,205,565,570
13,22,325,445,450
13,22,550,565,570
13,61,133,138,142
13,133,138,142,450
13,133,142,445,450
13,157,162,349,358
13,162,349,354,358
13,205,349,354,358
13,325,541,546,550
13,541,546,550,570
13,541,550,565,570
14,15,57,62,134
14,15,57,62,159
14,15,201,206,350
14,15,201,206,567
14,15,321,326,447
14,15,321,326,542
14,23,56,62,134
14,23,56,62,167
14,23,200,206,350
14,23,200,206,575
14,23,320,326,455
14,23,320,326,542
14,51,62,150,158
14,51,147,150,158
14,56,62,158,167
14,56,152,158,167
14,57,62,158,159
14,57,153,158,159
14,134,435,438,446
14,134,440,446,455
14,134,441,446,447
14,147,150,158,350
14,152,158,167,350
14,153,158,159,350
14,195,206,558,566
14,195,555,558,566
14,200,206,566,575
14,200,560,566,575
14,201,206,566,567
14,201,561,566,567
14,315,326,438,446
14,315,435,438,446
14,320,326,446,455
14,320,440,446,455
14,321,326,446,447
14,321,441,446,447
14,542,555,558,566
14,542,560,566,575
14,542,561,566,567
15,16,22,70,142
15,16,22,70,159
15,16,22,142,447
15,16,22,159,358
15,16,22,214,358
15,16,22,214,567
15,16,22,334,447
15,16,22,334,550
15,16,22,550,567
15,16,58,63,135
15,16,58,63,159
15,16,63,70,142
15,16,63,70,159
15,16,63,135,142
15,16,135,142,447
15,16,159,351,358
15,16,202,207,351
15,16,202,207,567
15,16,207,214,358
15,16,207,214,567
15,16,207,351,358
15,16,322,327,447
15,16,322,327,543
15,16,327,334,447
15,16,327,334,550
15,16,327,543,550
15,16,543,550,567
15,19,22,67,142
15,19,22,67,159
15,19,22,142,447
15,19,22,159,358
15,19,22,211,358
15,19,22,211,567
15,19,22,331,447
15,19,22,331,550
15,19,22,550,567
15,19,67,135,142
15,19,135,142,447
15,19,159,351,358
15,19,211,351,358
15,19,331,543,550
15,19,543,550,567
15,22,67,70,142
15,22,67,70,159
15,22,211,214,358
15,22,211,214,567
15,22,331,334,447
15,22,331,334,550
15,53,58,63,125
15,53,58,63,159
15,57,62,63,134
15,57,62,63,159
15,57,63,134,135
15,58,63,125,135
15,63,67,70,142
15,63,67,70,159
15,63,67,135,142
15,197,202,207,341
15,197,202,207,567
15,201,206,207,350
15,201,206,207,567
15,201,207,350,351
15,202,207,341,351
15,207,211,214,358
15,207,211,214,567
15,207,211,351,358
15,317,322,327,447
15,317,322,327,533
15,321,326,327,447
15,321,326,327,542
15,321,327,542,543
15,322,327,533,543
15,327,331,334,447
15,327,331,334,550
15,327,331,543,550
16,17,23,65,137
16,17,23,65,167
16,17,23,137,455
16,17,23,167,353
16,17,23,209,353
16,17,23,209,575
16,17,23,329,455
16,17,23,329,545
16,17,23,545,575
16,17,59,65,137
16,17,59,65,161
16,17,59,155,161
16,17,65,161,167
16,17,137,443,449
16,17,137,449,455
16,17,155,161,353
16,17,161,167,353
16,17,203,209,353
16,17,203,209,569
16,17,203,563,569
16,17,209,569,575
16,17,323,329,449
16,17,323,329,545
16,17,323,443,449
16,17,329,449,455
16,17,545,563,569
16,17,545,569,575
16,20,22,68,142
16,20,22,68,164
16,20,22,142,452
16,20,22,164,358
16,20,22,212,358
16,20,22,212,572
16,20,22,332,452
16,20,22,332,550
16,20,22,550,572
16,20,23,68,143
16,20,23,68,167
16,20,23,143,455
16,20,23,167,359
16,20,23,212,359
16,20,23,212,575
16,20,23,332,455
16,20,23,332,551
16,20,23,551,575
16,20,68,140,142
16,20,68,140,143
16,20,68,164,167
16,20,140,142,452
16,20,140,143,455
16,20,140,452,455
16,20,164,167,356
16,20,164,356,358
16,20,167,356,359
16,20,212,356,358
16,20,212,356,359
16,20,212,572,575
16,20,332,452,455
16,20,332,548,550
16,20,332,548,551
16,20,548,550,572
16,20,548,551,575
16,20,548,572,575
16,22,68,70,142
16,22,68,70,166
16,22,68,164,166
16,22,70,159,166
16,22,142,447,454
16,22,142,452,454
16,22,159,166,358
16,22,164,166,358
16,22,212,214,358
16,22,212,214,574
16,22,212,572,574
16,22,214,567,574
16,22,332,334,454
16,22,332,334,550
16,22,332,452,454
16,22,334,447,454
16,22,550,567,574
16,22,550,572,574
16,23,65,71,137
16,23,65,71,167
16,23,68,71,143
16,23,68,71,167
16,23,71,137,143
16,23,137,143,455
16,23,167,353,359
16,23,209,215,353
16,23,209,215,575
16,23,212,215,359
16,23,212,215,575
16,23,215,353,359
16,23,329,335,455
16,23,329,335,545
16,23,332,335,455
16,23,332,335,551
16,23,335,545,551
16,23,545,551,575
16,53,54,64,125
16,53,54,64,150
16,53,58,64,125
16,53,58,64,149
16,53,64,149,150
16,54,59,64,136
16,54,59,64,150
16,54,59,126,136
16,54,64,125,136
16,54,125,126,136
16,58,63,64,136
16,58,63,64,159
16,58,63,135,136
16,58,64,125,136
16,58,64,149,160
16,58,64,159,160
16,58,125,130,136
16,58,130,135,136
16,58,149,154,160
16,58,154,159,160
16,59,64,65,137
16,59,64,65,161
16,59,64,136,137
16,59,64,150,160
16,59,64,160,161
16,59,126,131,136
16,59,131,136,137
16,59,150,155,160
16,59,155,160,161
16,63,64,70,142
16,63,64,70,159
16,63,64,136,142
16,63,135,136,142
16,64,65,71,137
16,64,65,71,167
16,64,65,161,167
16,64,68,70,142
16,64,68,70,166
16,64,68,71,136
16,64,68,71,167
16,64,68,136,142
16,64,68,160,166
16,64,68,160,167
16,64,70,159,166
16,64,71,136,137
16,64,149,150,160
16,64,159,160,166
16,64,160,161,167
16,68,71,136,143
16,68,136,140,142
16,68,136,140,143
16,68,160,164,166
16,68,160,164,167
16,71,136,137,143
16,125,126,136,438
16,125,130,136,448
16,125,130,442,448
16,125,136,438,448
16,125,437,438,448
16,125,437,442,448
16,126,131,136,438
16,130,135,136,447
16,130,136,447,448
16,130,442,447,448
16,131,136,137,448
16,131,136,438,448
16,131,137,443,448
16,131,438,443,448
16,135,136,142,447
16,136,137,143,455
16,136,137,448,455
16,136,140,142,448
16,136,140,143,455
16,136,140,448,455
16,136,142,447,448
16,137,443,448,449
16,137,448,449,455
16,140,142,448,452
16,140,448,452,455
16,142,447,448,454
16,142,448,452,454
16,149,150,160,341
16,149,154,160,341
16,150,155,160,347
16,150,160,341,352
16,150,160,347,352
16,150,341,342,352
16,150,342,347,352
16,154,159,160,346
16,154,160,341,346
16,155,160,161,353
16,155,160,347,353
16,159,160,166,358
16,159,160,346,352
16,159,160,352,358
16,159,346,351,352
16,159,351,352,358
16,160,161,167,353
16,160,164,166,358
16,160,164,167,356
16,160,164,356,358
16,160,167,352,353
16,160,167,352,356
16,160,341,346,352
16,160,347,352,353
16,160,352,356,358
16,167,352,353,359
16,167,352,356,359
16,197,198,208,341
16,197,198,208,558
16,197,202,208,341
16,197,202,208,557
16,197,208,557,558
16,198,203,208,352
16,198,203,208,558
16,198,203,342,352
16,198,208,341,352
16,198,341,342,352
16,202,207,208,352
16,202,207,208,567
16,202,207,351,352
16,202,208,341,352
16,202,208,557,568
16,202,208,567,568
16,202,341,346,352
16,202,346,351,352
16,202,557,562,568
16,202,562,567,568
16,203,208,209,353
16,203,208,209,569
16,203,208,352,353
16,203,208,558,568
16,203,208,568,569
16,203,342,347,352
16,203,347,352,353
16,203,558,563,568
16,203,563,568,569
16,207,208,214,358
16,207,208,214,567
16,207,208,352,358
16,207,351,352,358
16,208,209,215,353
16,208,209,215,575
16,208,209,569,575
16,208,212,214,358
16,208,212,214,574
16,208,212,215,352
16,208,212,215,575
16,208,212,352,358
16,208,212,568,574
16,208,212,568,575
16,208,214,567,574
16,208,215,352,353
16,208,557,558,568
16,208,567,568,574
16,208,568,569,575
16,212,215,352,359
16,212,352,356,358
16,212,352,356,359
16,212,568,572,574
16,212,568,572,575
16,215,352,353,359
16,317,318,328,438
16,317,318,328,533
16,317,322,328,437
16,317,322,328,533
16,317,328,437,438
16,318,323,328,438
16,318,323,328,544
16,318,323,534,544
16,318,328,533,544
16,318,533,534,544
16,322,327,328,447
16,322,327,328,544
16,322,327,543,544
16,322,328,437,448
16,322,328,447,448
16,322,328,533,544
16,322,437,442,448
16,322,442,447,448
16,322,533,538,544
16,322,538,543,544
16,323,328,329,449
16,323,328,329,545
16,323,328,438,448
16,323,328,448,449
16,323,328,544,545
16,323,438,443,448
16,323,443,448,449
16,323,534,539,544
16,323,539,544,545
16,327,328,334,447
16,327,328,334,550
16,327,328,544,550
16,327,543,544,550
16,328,329,335,455
16,328,329,335,545
16,328,329,449,455
16,328,332,334,454
16,328,332,334,550
16,328,332,335,455
16,328,332,335,544
16,328,332,448,454
16,328,332,448,455
16,328,332,544,550
16,328,334,447,454
16,328,335,544,545
16,328,437,438,448
16,328,447,448,454
16,328,448,449,455
16,332,335,544,551
16,332,448,452,454
16,332,448,452,455
16,332,544,548,550
16,332,544,548,551
16,335,544,545,551
16,533,534,544,558
16,533,538,544,568
16,533,538,562,568
16,533,544,558,568
16,533,557,558,568
16,533,557,562,568
16,534,539,544,558
16,538,543,544,567
16,538,544,567,568
16,538,562,567,568
16,539,544,545,568
16,539,544,558,568
16,539,545,563,568
16,539,558,563,568
16,543,544,550,567
16,544,545,551,575
16,544,545,568,575
16,544,548,550,568
16,544,548,551,575
16,544,548,568,575
16,544,550,567,568
16,545,563,568,569
16,545,568,569,575
16,548,550,568,572
16,548,568,572,575
16,550,567,568,574
16,550,568,572,574
17,18,60,65,137
17,18,60,65,162
17,18,204,209,353
17,18,204,209,570
17,18,324,329,450
17,18,324,329,545
17,21,23,69,137
17,21,23,69,167
17,21,23,137,455
17,21,23,167,353
17,21,23,213,353
17,21,23,213,575
17,21,23,333,455
17,21,23,333,545
17,21,23,545,575
17,21,69,165,167
17,21,137,453,455
17,21,165,167,353
17,21,213,573,575
17,21,333,453,455
17,21,545,573,575
17,23,65,69,137
17,23,65,69,167
17,23,209,213,353
17,23,209,213,575
17,23,329,333,455
17,23,329,333,545
17,59,65,150,161
17,59,150,155,161
17,60,65,161,162
17,60,156,161,162
17,65,69,161,167
17,69,161,165,167
17,137,438,443,449
17,137,444,449,450
17,137,449,453,455
17,150,155,161,353
17,156,161,162,353
17,161,165,167,353
17,203,209,558,569
17,203,558,563,569
17,204,209,569,570
17,204,564,569,570
17,209,213,569,575
17,213,569,573,575
17,323,329,438,449
17,323,438,443,449
17,324,329,449,450
17,324,444,449,450
17,329,333,449,455
17,333,449,453,455
17,545,558,563,569
17,545,564,569,570
17,545,569,573,575
18,22,61,70,142
18,22,61,70,162
18,22,205,214,358
18,22,205,214,570
18,22,325,334,450
18,22,325,334,550
18,49,53,66,125
18,49,53,66,162
18,49,66,125,138
18,60,65,66,137
18,60,65,66,162
18,60,66,137,138
18,61,66,70,142
18,61,66,70,162
18,61,66,138,142
18,193,197,210,341
18,193,197,210,570
18,193,210,341,354
18,204,209,210,353
18,204,209,210,570
18,204,210,353,354
18,205,210,214,358
18,205,210,214,570
18,205,210,354,358
18,313,317,330,450
18,313,317,330,533
18,313,330,533,546
18,324,329,330,450
18,324,329,330,545
18,324,330,545,546
18,325,330,334,450
18,325,330,334,550
18,325,330,546,550
19,22,67,159,163
19,22,142,447,451
19,22,159,163,358
19,22,211,567,571
19,22,331,447,451
19,22,550,567,571
19,67,135,139,142
19,135,139,142,447
19,139,142,447,451
19,159,163,355,358
19,159,351,355,358
19,211,351,355,358
19,331,543,547,550
19,543,547,550,567
19,547,550,567,571
20,22,23,68,142
20,22,23,68,167
20,22,23,142,455
20,22,23,167,358
20,22,23,212,358
20,22,23,212,575
20,22,23,332,455
20,22,23,332,550
20,22,23,550,575
20,22,68,164,167
20,22,142,452,455
20,22,164,167,358
20,22,212,572,575
20,22,332,452,455
20,22,550,572,575
20,23,68,142,143
20,23,142,143,455
20,23,167,358,359
20,23,212,358,359
20,23,332,550,551
20,23,550,551,575
20,68,140,142,143
20,140,142,143,455
20,140,142,452,455
20,164,167,356,358
20,167,356,358,359
20,212,356,358,359
20,332,548,550,551
20,548,550,551,575
20,548,550,572,575
21,23,69,137,143
21,23,137,143,455
21,23,167,353,359
21,23,213,353,359
21,23,333,545,551
21,23,545,551,575
21,69,137,141,143
21,137,141,143,455
21,137,141,453,455
21,165,167,353,357
21,167,353,357,359
21,213,353,357,359
21,333,545,549,551
21,545,549,551,575
21,545,549,573,575
22,23,68,70,142
22,23,68,70,167
22,23,212,214,358
22,23,212,214,575
22,23,332,334,455
22,23,332,334,550
22,61,70,162,166
22,61,157,162,166
22,67,70,159,166
22,67,159,163,166
22,68,70,166,167
22,68,164,166,167
22,142,445,450,454
22,142,447,451,454
22,142,452,454,455
22,157,162,166,358
22,159,163,166,358
22,164,166,167,358
22,205,214,570,574
22,205,565,570,574
22,211,214,567,574
22,211,567,571,574
22,212,214,574,575
22,212,572,574,575
22,325,334,450,454
22,325,445,450,454
22,331,334,447,454
22,331,447,451,454
22,332,334,454,455
22,332,452,454,455
22,550,565,570,574
22,550,567,571,574
22,550,572,574,575
23,56,62,71,134
23,56,62,71,167
23,56,71,134,143
23,65,69,71,137
23,65,69,71,167
23,68,70,71,142
23,68,70,71,167
23,68,71,142,143
23,69,71,137,143
23,200,206,215,350
23,200,206,215,575
23,200,215,350,359
23,209,213,215,353
23,209,213,215,575
23,212,214,215,358
23,212,214,215,575
23,212,215,358,359
23,213,215,353,359
23,320,326,335,455
23,320,326,335,542
23,320,335,542,551
23,329,333,335,455
23,329,333,335,545
23,332,334,335,455
23,332,334,335,550
23,332,335,550,551
23,333,335,545,551
24,26,29,96,125
24,26,29,96,437
24,26,29,125,437
24,26,30,96,120
24,26,30,96,438
24,26,30,120,438
24,26,96,120,125
24,26,96,432,437
24,26,96,432,438
24,26,120,125,432
24,26,120,432,438
24,26,125,432,437
24,29,42,96,125
24,29,42,96,450
24,29,42,125,450
24,29,96,437,450
24,29,125,437,450
24,30,38,96,134
24,30,38,96,438
24,30,38,134,438
24,30,96,120,134
24,30,120,134,438
24,32,38,96,134
24,32,38,96,446
24,32,38,134,446
24,32,47,96,120
24,32,47,96,455
24,32,47,120,455
24,32,96,120,134
24,32,96,432,446
24,32,96,432,455
24,32,120,134,432
24,32,120,432,455
24,32,134,432,446
24,37,42,96,120
24,37,42,96,450
24,37,42,120,450
24,37,46,96,142
24,37,46,96,454
24,37,46,142,454
24,37,96,120,142
24,37,96,432,450
24,37,96,432,454
24,37,120,142,432
24,37,120,432,450
24,37,142,432,454
24,38,96,438,446
24,38,134,438,446
24,42,96,120,125
24,42,120,125,450
24,46,47,96,142
24,46,47,96,455
24,46,47,142,455
24,46,96,454,455
24,46,142,454,455
24,47,96,120,142
24,47,120,142,455
24,96,432,437,450
24,96,432,438,446
24,96,432,454,455
24,120,125,432,450
24,120,134,432,438
24,120,142,432,455
24,125,432,437,450
24,134,432,438,446
24,142,432,454,455
25,28,29,100,125
25,28,29,100,437
25,28,29,125,437
25,28,42,100,124
25,28,42,100,450
25,28,42,124,450
25,28,100,124,125
25,28,100,436,437
25,28,100,436,450
25,28,124,125,436
25,28,124,436,450
25,28,125,436,437
25,29,42,114,125
25,29,42,114,450
25,29,42,125,450
25,29,100,101,125
25,29,100,101,437
25,29,101,114,125
25,29,101,114,450
25,29,101,437,450
25,29,125,437,450
25,42,100,114,138
25,42,100,114,450
25,42,100,124,138
25,42,114,125,138
25,42,124,138,450
25,42,125,138,450
25,97,100,101,125
25,97,100,101,433
25,97,100,114,138
25,97,100,114,450
25,97,100,121,125
25,97,100,121,138
25,97,100,433,450
25,97,101,114,125
25,97,101,114,450
25,97,101,433,450
25,97,114,125,138
25,97,121,125,138
25,100,101,433,437
25,100,121,124,125
25,100,121,124,138
25,100,433,436,437
25,100,433,436,450
25,101,433,437,450
25,121,124,125,436
25,121,124,138,450
25,121,124,436,450
25,121,125,138,450
25,121,125,433,436
25,121,125,433,450
25,121,433,436,450
25,125,433,436,437
25,125,433,437,450
26,29,30,102,125
26,29,30,102,438
26,29,30,125,438
26,29,96,101,125
26,29,96,101,437
26,29,101,102,125
26,29,101,102,438
26,29,101,437,438
26,29,125,437,438
26,30,96,102,126
26,30,96,102,438
26,30,96,120,126
26,30,102,125,126
26,30,120,126,438
26,30,125,126,438
26,96,98,101,125
26,96,98,101,434
26,96,98,102,126
26,96,98,102,438
26,96,98,122,125
26,96,98,122,126
26,96,98,434,438
26,96,101,434,437
26,96,120,122,125
26,96,120,122,126
26,96,432,434,437
26,96,432,434,438
26,98,101,102,125
26,98,101,102,438
26,98,101,434,438
26,98,102,125,126
26,98,122,125,126
26,101,434,437,438
26,120,122,125,432
26,120,122,126,438
26,120,122,432,438
26,122,125,126,438
26,122,125,432,434
26,122,125,434,438
26,122,432,434,438
26,125,432,434,437
26,125,434,437,438
27,30,31,103,127
27,30,31,103,438
27,30,31,127,438
27,30,38,102,134
27,30,38,102,438
27,30,38,134,438
27,30,102,103,126
27,30,102,103,438
27,30,102,126,134
27,30,103,126,127
27,30,126,127,438
27,30,126,134,438
27,31,38,103,134
27,31,38,103,446
27,31,38,134,446
27,31,103,127,134
27,31,103,438,439
27,31,103,439,446
27,31,127,134,439
27,31,127,438,439
27,31,134,439,446
27,38,102,110,134
27,38,102,110,438
27,38,103,110,134
27,38,103,110,446
27,38,110,438,446
27,38,134,438,446
27,99,102,103,126
27,99,102,103,438
27,99,102,110,134
27,99,102,110,438
27,99,102,126,134
27,99,103,110,134
27,99,103,110,435
27,99,103,123,126
27,99,103,123,134
27,99,103,435,438
27,99,110,435,438
27,99,123,126,134
27,103,110,435,446
27,103,123,126,127
27,103,123,127,134
27,103,435,438,439
27,103,435,439,446
27,110,435,438,446
27,123,126,127,438
27,123,126,134,438
27,123,127,134,439
27,123,127,438,439
27,123,134,435,438
27,123,134,435,439
27,123,435,438,439
27,134,435,438,446
27,134,435,439,446
28,29,39,100,125
28,29,39,100,447
28,29,39,125,447
28,29,100,437,447
28,29,125,437,447
28,33,38,100,134
28,33,38,100,446
28,33,38,134,446
28,33,39,100,124
28,33,39,100,447
28,33,39,124,447
28,33,100,124,134
28,33,100,436,446
28,33,100,436,447
28,33,124,134,436
28,33,124,436,447
28,33,134,436,446
28,38,47,100,134
28,38,47,100,455
28,38,47,134,455
28,38,100,446,455
28,38,134,446,455
28,39,100,124,125
28,39,124,125,447
28,41,42,100,137
28,41,42,100,450
28,41,42,137,450
28,41,45,100,137
28,41,45,100,449
28,41,45,137,449
28,41,100,449,450
28,41,137,449,450
28,42,100,124,137
28,42,124,137,450
28,45,47,100,124
28,45,47,100,455
28,45,47,124,455
28,45,100,124,137
28,45,100,436,449
28,45,100,436,455
28,45,124,137,436
28,45,124,436,455
28,45,137,436,449
28,47,100,124,134
28,47,124,134,455
28,100,436,437,447
28,100,436,446,455
28,100,436,449,450
28,124,125,436,447
28,124,134,436,455
28,124,137,436,450
28,125,436,437,447
28,134,436,446,455
28,137,436,449,450
29,30,40,112,125
29,30,40,112,438
29,30,40,125,438
29,30,102,112,125
29,30,102,112,438
29,34,39,111,125
29,34,39,111,447
29,34,39,125,447
29,34,40,112,125
29,34,40,112,437
29,34,40,125,437
29,34,101,111,125
29,34,101,111,447
29,34,101,112,125
29,34,101,112,437
29,34,101,437,447
29,34,125,437,447
29,39,100,111,125
29,39,100,111,447
29,40,112,437,438
29,40,125,437,438
29,42,96,114,125
29,42,96,114,450
29,96,101,114,125
29,96,101,114,450
29,96,101,437,450
29,100,101,111,125
29,100,101,111,447
29,100,101,437,447
29,101,102,112,125
29,101,102,112,438
29,101,112,437,438
30,31,41,103,137
30,31,41,103,438
30,31,41,137,438
30,31,103,127,137
30,31,127,137,438
30,35,40,112,136
30,35,40,112,438
30,35,40,136,438
30,35,41,102,137
30,35,41,102,438
30,35,41,137,438
30,35,102,112,126
30,35,102,112,438
30,35,102,126,137
30,35,112,126,136
30,35,126,136,438
30,35,126,137,438
30,38,96,102,134
30,38,96,102,438
30,40,112,125,136
30,40,125,136,438
30,41,102,103,137
30,41,102,103,438
30,96,102,126,134
30,96,120,126,134
30,102,103,126,137
30,102,112,125,126
30,103,126,127,137
30,112,125,126,136
30,120,126,134,438
30,125,126,136,438
30,126,127,137,438
31,36,41,103,137
31,36,41,103,449
31,36,41,137,449
31,36,42,103,127
31,36,42,103,450
31,36,42,127,450
31,36,103,127,137
31,36,103,439,449
31,36,103,439,450
31,36,127,137,439
31,36,127,439,450
31,36,137,439,449
31,38,39,103,134
31,38,39,103,447
31,38,39,134,447
31,38,103,446,447
31,38,134,446,447
31,39,43,103,127
31,39,43,103,447
31,39,43,127,447
31,39,103,127,134
31,39,127,134,447
31,41,103,438,449
31,41,137,438,449
31,42,46,103,142
31,42,46,103,450
31,42,46,142,450
31,42,103,127,142
31,42,127,142,450
31,43,46,103,142
31,43,46,103,454
31,43,46,142,454
31,43,103,127,142
31,43,103,439,447
31,43,103,439,454
31,43,127,142,439
31,43,127,439,447
31,43,142,439,454
31,46,103,450,454
31,46,142,450,454
31,103,438,439,449
31,103,439,446,447
31,103,439,450,454
31,127,134,439,447
31,127,137,438,439
31,127,142,439,450
31,134,439,446,447
31,137,438,439,449
31,142,439,450,454
32,38,47,119,134
32,38,47,119,455
32,38,47,134,455
32,38,96,110,134
32,38,96,110,446
32,38,110,119,134
32,38,110,119,455
32,38,110,446,455
32,38,134,446,455
32,47,96,119,143
32,47,96,119,455
32,47,96,120,143
32,47,119,134,143
32,47,120,143,455
32,47,134,143,455
32,96,104,110,134
32,96,104,110,440
32,96,104,119,143
32,96,104,119,455
32,96,104,128,134
32,96,104,128,143
32,96,104,440,455
32,96,110,440,446
32,96,120,128,134
32,96,120,128,143
32,96,432,440,446
32,96,432,440,455
32,104,110,119,134
32,104,110,119,455
32,104,110,440,455
32,104,119,134,143
32,104,128,134,143
32,110,440,446,455
32,120,128,134,432
32,120,128,143,455
32,120,128,432,455
32,128,134,143,455
32,128,134,432,440
32,128,134,440,455
32,128,432,440,455
32,134,432,440,446
32,134,440,446,455
33,38,39,111,134
33,38,39,111,447
33,38,39,134,447
33,38,100,110,134
33,38,100,110,446
33,38,110,111,134
33,38,110,111,447
33,38,110,446,447
33,38,134,446,447
33,39,100,111,135
33,39,100,111,447
33,39,100,124,135
33,39,111,134,135
33,39,124,135,447
33,39,134,135,447
33,100,105,110,134
33,100,105,110,441
33,100,105,111,135
33,100,105,111,447
33,100,105,129,134
33,100,105,129,135
33,100,105,441,447
33,100,110,441,446
33,100,124,129,134
33,100,124,129,135
33,100,436,441,446
33,100,436,441,447
33,105,110,111,134
33,105,110,111,447
33,105,110,441,447
33,105,111,134,135
33,105,129,134,135
33,110,441,446,447
33,124,129,134,436
33,124,129,135,447
33,124,129,436,447
33,129,134,135,447
33,129,134,436,441
33,129,134,441,447
33,129,436,441,447
33,134,436,441,446
33,134,441,446,447
34,39,40,112,136
34,39,40,112,447
34,39,40,136,447
34,39,111,112,135
34,39,111,112,447
34,39,111,125,135
34,39,112,135,136
34,39,125,135,447
34,39,135,136,447
34,40,112,125,136
34,40,112,437,448
34,40,112,447,448
34,40,125,136,448
34,40,125,437,448
34,40,136,447,448
34,101,106,111,125
34,101,106,111,447
34,101,106,112,125
34,101,106,112,442
34,101,106,442,447
34,101,112,437,442
34,101,437,442,447
34,106,111,112,135
34,106,111,112,447
34,106,111,125,135
34,106,112,125,130
34,106,112,130,135
34,106,112,442,447
34,106,125,130,135
34,112,125,130,136
34,112,130,135,136
34,112,437,442,448
34,112,442,447,448
34,125,130,135,447
34,125,130,136,448
34,125,130,442,447
34,125,130,442,448
34,125,437,442,447
34,125,437,442,448
34,130,135,136,447
34,130,136,447,448
34,130,442,447,448
35,40,41,112,137
35,40,41,112,449
35,40,41,137,449
35,40,112,136,137
35,40,112,438,448
35,40,112,448,449
35,40,136,137,448
35,40,136,438,448
35,40,137,448,449
35,41,102,113,137
35,41,102,113,438
35,41,112,113,137
35,41,112,113,449
35,41,113,438,449
35,41,137,438,449
35,102,107,112,126
35,102,107,112,438
35,102,107,113,137
35,102,107,113,438
35,102,107,126,137
35,107,112,113,137
35,107,112,113,443
35,107,112,126,131
35,107,112,131,137
35,107,112,438,443
35,107,113,438,443
35,107,126,131,137
35,112,113,443,449
35,112,126,131,136
35,112,131,136,137
35,112,438,443,448
35,112,443,448,449
35,113,438,443,449
35,126,131,136,438
35,126,131,137,438
35,131,136,137,448
35,131,136,438,448
35,131,137,438,443
35,131,137,443,448
35,131,438,443,448
35,137,438,443,449
35,137,443,448,449
36,41,42,114,137
36,41,42,114,450
36,41,42,137,450
36,41,103,113,137
36,41,103,113,449
36,41,113,114,137
36,41,113,114,450
36,41,113,449,450
36,41,137,449,450
36,42,103,114,138
36,42,103,114,450
36,42,103,127,138
36,42,114,137,138
36,42,127,138,450
36,42,137,138,450
36,103,108,113,137
36,103,108,113,444
36,103,108,114,138
36,103,108,114,450
36,103,108,132,137
36,103,108,132,138
36,103,108,444,450
36,103,113,444,449
36,103,127,132,137
36,103,127,132,138
36,103,439,444,449
36,103,439,444,450
36,108,113,114,137
36,108,113,114,450
36,108,113,444,450
36,108,114,137,138
36,108,132,137,138
36,113,444,449,450
36,127,132,137,439
36,127,132,138,450
36,127,132,439,450
36,132,137,138,450
36,132,137,439,444
36,132,137,444,450
36,132,439,444,450
36,137,439,444,449
36,137,444,449,450
37,42,46,114,142
37,42,46,114,450
37,42,46,142,450
37,42,96,114,138
37,42,96,114,450
37,42,96,120,138
37,42,114,138,142
37,42,120,138,450
37,42,138,142,450
37,46,96,118,142
37,46,96,118,454
37,46,114,118,142
37,46,114,118,450
37,46,118,450,454
37,46,142,450,454
37,96,109,114,138
37,96,109,114,450
37,96,109,118,142
37,96,109,118,445
37,96,109,133,138
37,96,109,133,142
37,96,109,445,450
37,96,118,445,454
37,96,120,133,138
37,96,120,133,142
37,96,432,445,450
37,96,432,445,454
37,109,114,118,142
37,109,114,118,450
37,109,114,138,142
37,109,118,445,450
37,109,133,138,142
37,118,445,450,454
37,120,133,138,450
37,120,133,142,432
37,120,133,432,450
37,133,138,142,450
37,133,142,432,445
37,133,142,445,450
37,133,432,445,450
37,142,432,445,454
37,142,445,450,454
38,39,103,111,134
38,39,103,111,447
38,47,100,119,134
38,47,100,119,455
38,96,102,110,134
38,96,102,110,438
38,96,110,438,446
38,100,110,119,134
38,100,110,119,455
38,100,110,446,455
38,103,110,111,134
38,103,110,111,447
38,103,110,446,447
39,40,46,112,142
39,40,46,112,447
39,40,46,142,447
39,40,112,136,142
39,40,136,142,447
39,43,46,111,142
39,43,46,111,447
39,43,46,142,447
39,43,103,111,135
39,43,103,111,447
39,43,103,127,135
39,43,111,135,142
39,43,127,135,447
39,43,135,142,447
39,46,111,112,142
39,46,111,112,447
39,100,111,125,135
39,100,124,125,135
39,103,111,134,135
39,103,127,134,135
39,111,112,135,142
39,112,135,136,142
39,124,125,135,447
39,127,134,135,447
39,135,136,142,447
40,41,47,112,137
40,41,47,112,455
40,41,47,137,455
40,41,112,449,455
40,41,137,449,455
40,44,46,112,142
40,44,46,112,454
40,44,46,142,454
40,44,47,112,136
40,44,47,112,455
40,44,47,136,455
40,44,112,136,142
40,44,112,448,454
40,44,112,448,455
40,44,136,142,448
40,44,136,448,455
40,44,142,448,454
40,46,112,447,454
40,46,142,447,454
40,47,112,136,137
40,47,136,137,455
40,112,437,438,448
40,112,447,448,454
40,112,448,449,455
40,125,136,438,448
40,125,437,438,448
40,136,137,448,455
40,136,142,447,448
40,137,448,449,455
40,142,447,448,454
41,42,100,114,137
41,42,100,114,450
41,45,47,119,137
41,45,47,119,455
41,45,47,137,455
41,45,100,113,137
41,45,100,113,449
41,45,113,119,137
41,45,113,119,455
41,45,113,449,455
41,45,137,449,455
41,47,112,119,137
41,47,112,119,455
41,100,113,114,137
41,100,113,114,450
41,100,113,449,450
41,102,103,113,137
41,102,103,113,438
41,103,113,438,449
41,112,113,119,137
41,112,113,119,455
41,112,113,449,455
42,46,103,114,142
42,46,103,114,450
42,96,114,125,138
42,96,120,125,138
42,100,114,137,138
42,100,124,137,138
42,103,114,138,142
42,103,127,138,142
42,120,125,138,450
42,124,137,138,450
42,127,138,142,450
43,46,103,118,142
43,46,103,118,454
43,46,111,118,142
43,46,111,118,447
43,46,118,447,454
43,46,142,447,454
43,103,111,115,135
43,103,111,115,447
43,103,115,118,142
43,103,115,118,451
43,103,115,135,139
43,103,115,139,142
43,103,115,447,451
43,103,118,451,454
43,103,127,135,139
43,103,127,139,142
43,103,439,447,451
43,103,439,451,454
43,111,115,118,142
43,111,115,118,447
43,111,115,135,142
43,115,118,447,451
43,115,135,139,142
43,118,447,451,454
43,127,135,139,447
43,127,139,142,439
43,127,139,439,447
43,135,139,142,447
43,139,142,439,451
43,139,142,447,451
43,139,439,447,451
43,142,439,451,454
43,142,447,451,454
44,46,47,119,142
44,46,47,119,455
44,46,47,142,455
44,46,112,118,142
44,46,112,118,454
44,46,118,119,142
44,46,118,119,455
44,46,118,454,455
44,46,142,454,455
44,47,112,119,143
44,47,112,119,455
44,47,112,136,143
44,47,119,142,143
44,47,136,143,455
44,47,142,143,455
44,112,116,118,142
44,112,116,118,452
44,112,116,119,143
44,112,116,119,455
44,112,116,140,142
44,112,116,140,143
44,112,116,452,455
44,112,118,452,454
44,112,136,140,142
44,112,136,140,143
44,112,448,452,454
44,112,448,452,455
44,116,118,119,142
44,116,118,119,455
44,116,118,452,455
44,116,119,142,143
44,116,140,142,143
44,118,452,454,455
44,136,140,142,448
44,136,140,143,455
44,136,140,448,455
44,140,142,143,455
44,140,142,448,452
44,140,142,452,455
44,140,448,452,455
44,142,448,452,454
44,142,452,454,455
45,47,100,119,143
45,47,100,119,455
45,47,100,124,143
45,47,119,137,143
45,47,124,143,455
45,47,137,143,455
45,100,113,117,137
45,100,113,117,453
45,100,113,449,453
45,100,117,119,143
45,100,117,119,455
45,100,117,137,141
45,100,117,141,143
45,100,117,453,455
45,100,124,137,141
45,100,124,141,143
45,100,436,449,453
45,100,436,453,455
45,113,117,119,137
45,113,117,119,455
45,113,117,453,455
45,113,449,453,455
45,117,119,137,143
45,117,137,141,143
45,124,137,141,436
45,124,141,143,455
45,124,141,436,455
45,137,141,143,455
45,137,141,436,453
45,137,141,453,455
45,137,436,449,453
45,137,449,453,455
45,141,436,453,455
46,47,96,119,142
46,47,96,119,455
46,96,118,119,142
46,96,118,119,455
46,96,118,454,455
46,103,114,118,142
46,103,114,118,450
46,103,118,450,454
46,111,112,118,142
46,111,112,118,447
46,112,118,447,454
47,96,119,142,143
47,96,120,142,143
47,100,119,134,143
47,100,124,134,143
47,112,119,137,143
47,112,136,137,143
47,120,142,143,455
47,124,134,143,455
47,136,137,143,455
48,50,53,125,149
48,50,54,120,150
48,50,120,125,144
48,50,120,144,150
48,50,125,144,149
48,53,66,125,162
48,53,125,149,162
48,54,62,134,150
48,54,120,134,150
48,56,62,134,158
48,56,71,120,167
48,56,120,134,144
48,56,120,144,167
48,56,134,144,158
48,61,66,120,162
48,61,70,142,166
48,61,120,142,144
48,61,120,144,162
48,61,142,144,166
48,62,134,150,158
48,66,120,125,162
48,70,71,142,167
48,70,142,166,167
48,71,120,142,167
48,120,125,144,162
48,120,134,144,150
48,120,142,144,167
48,125,144,149,162
48,134,144,150,158
48,142,144,166,167
49,52,53,125,149
49,52,66,124,162
49,52,124,125,148
49,52,124,148,162
49,52,125,148,149
49,53,66,125,162
49,53,125,149,162
49,66,124,138,162
49,66,125,138,162
49,121,124,125,148
49,121,124,138,162
49,121,124,148,162
49,121,125,138,162
49,121,125,145,148
49,121,125,145,162
49,121,145,148,162
49,125,145,148,149
49,125,145,149,162
50,53,54,125,150
50,53,125,149,150
50,54,120,126,150
50,54,125,126,150
50,120,122,125,144
50,120,122,126,150
50,120,122,144,150
50,122,125,126,150
50,122,125,144,146
50,122,125,146,150
50,122,144,146,150
50,125,144,146,149
50,125,146,149,150
51,54,55,127,150
51,54,62,134,150
51,54,126,127,150
51,54,126,134,150
51,55,62,134,158
51,55,127,134,151
51,55,127,150,151
51,55,134,151,158
51,62,134,150,158
51,123,126,127,150
51,123,126,134,150
51,123,127,134,151
51,123,127,150,151
51,123,134,147,150
51,123,134,147,151
51,123,147,150,151
51,134,147,150,158
51,134,147,151,158
52,53,63,125,159
52,53,125,149,159
52,57,62,134,158
52,57,63,124,159
52,57,124,134,148
52,57,124,148,159
52,57,134,148,158
52,62,71,134,167
52,62,134,158,167
52,63,124,125,159
52,65,66,137,162
52,65,69,137,161
52,65,137,161,162
52,66,124,137,162
52,69,71,124,167
52,69,124,137,148
52,69,124,148,167
52,69,137,148,161
52,71,124,134,167
52,124,125,148,159
52,124,134,148,167
52,124,137,148,162
52,125,148,149,159
52,134,148,158,167
52,137,148,161,162
53,54,64,125,150
53,58,63,125,159
53,58,64,125,149
53,58,125,149,159
53,64,125,149,150
54,55,65,137,150
54,55,127,137,150
54,59,64,136,150
54,59,65,137,150
54,59,126,136,150
54,59,126,137,150
54,64,125,136,150
54,120,126,134,150
54,125,126,136,150
54,126,127,137,150
55,60,65,137,161
55,60,66,127,162
55,60,127,137,151
55,60,127,151,162
55,60,137,151,161
55,62,63,134,159
55,62,134,158,159
55,63,67,127,159
55,63,127,134,159
55,65,137,150,161
55,66,70,142,162
55,66,127,142,162
55,67,70,142,166
55,67,127,142,151
55,67,127,151,159
55,67,142,151,166
55,70,142,162,166
55,127,134,151,159
55,127,137,150,151
55,127,142,151,162
55,134,151,158,159
55,137,150,151,161
55,142,151,162,166
56,62,71,134,167
56,62,134,158,167
56,71,120,143,167
56,71,134,143,167
56,120,128,134,144
56,120,128,143,167
56,120,128,144,167
56,128,134,143,167
56,128,134,144,152
56,128,134,152,167
56,128,144,152,167
56,134,144,152,158
56,134,152,158,167
57,62,63,134,159
57,62,134,158,159
57,63,124,135,159
57,63,134,135,159
57,124,129,134,148
57,124,129,135,159
57,124,129,148,159
57,129,134,135,159
57,129,134,148,153
57,129,134,153,159
57,129,148,153,159
57,134,148,153,158
57,134,153,158,159
58,63,64,136,159
58,63,125,135,159
58,63,135,136,159
58,64,125,136,160
58,64,125,149,160
58,64,136,159,160
58,125,130,135,159
58,125,130,136,160
58,125,130,154,159
58,125,130,154,160
58,125,149,154,159
58,125,149,154,160
58,130,135,136,159
58,130,136,159,160
58,130,154,159,160
59,64,65,137,161
59,64,136,137,160
59,64,136,150,160
59,64,137,160,161
59,65,137,150,161
59,126,131,136,150
59,126,131,137,150
59,131,136,137,160
59,131,136,150,160
59,131,137,150,155
59,131,137,155,160
59,131,150,155,160
59,137,150,155,161
59,137,155,160,161
60,65,66,137,162
60,65,137,161,162
60,66,127,138,162
60,66,137,138,162
60,127,132,137,151
60,127,132,138,162
60,127,132,151,162
60,132,137,138,162
60,132,137,151,156
60,132,137,156,162
60,132,151,156,162
60,137,151,156,161
60,137,156,161,162
61,66,70,142,162
61,66,120,138,162
61,66,138,142,162
61,70,142,162,166
61,120,133,138,162
61,120,133,142,144
61,120,133,144,162
61,133,138,142,162
61,133,142,144,157
61,133,142,157,162
61,133,144,157,162
61,142,144,157,166
61,142,157,162,166
63,64,70,142,159
63,64,136,142,159
63,67,70,142,159
63,67,127,135,159
63,67,135,142,159
63,124,125,135,159
63,127,134,135,159
63,135,136,142,159
64,65,71,137,167
64,65,137,161,167
64,68,70,142,166
64,68,71,136,167
64,68,136,142,160
64,68,136,160,167
64,68,142,160,166
64,70,142,159,166
64,71,136,137,167
64,125,136,150,160
64,125,149,150,160
64,136,137,160,167
64,136,142,159,160
64,137,160,161,167
64,142,159,160,166
65,69,71,137,167
65,69,137,161,167
66,120,125,138,162
66,124,137,138,162
66,127,138,142,162
67,70,142,159,166
67,127,135,139,159
67,127,139,142,151
67,127,139,151,159
67,135,139,142,159
67,139,142,151,163
67,139,142,159,163
67,139,151,159,163
67,142,151,163,166
67,142,159,163,166
68,70,71,142,167
68,70,142,166,167
68,71,136,143,167
68,71,142,143,167
68,136,140,142,160
68,136,140,143,167
68,136,140,160,167
68,140,142,143,167
68,140,142,160,164
68,140,142,164,167
68,140,160,164,167
68,142,160,164,166
68,142,164,166,167
69,71,124,143,167
69,71,137,143,167
69,124,137,141,148
69,124,141,143,167
69,124,141,148,167
69,137,141,143,167
69,137,141,148,165
69,137,141,165,167
69,137,148,161,165
69,137,161,165,167
69,141,148,165,167
71,120,142,143,167
71,124,134,143,167
71,136,137,143,167
72,74,77,149,168
72,74,77,149,341
72,74,77,168,341
72,74,78,150,168
72,74,78,150,336
72,74,78,168,336
72,74,144,149,168
72,74,144,149,341
72,74,144,150,168
72,74,144,150,336
72,74,144,336,341
72,74,168,336,341
72,77,90,162,168
72,77,90,162,341
72,77,90,168,341
72,77,149,162,168
72,77,149,162,341
72,78,86,150,168
72,78,86,150,350
72,78,86,168,350
72,78,150,336,350
72,78,168,336,350
72,80,86,158,168
72,80,86,158,350
72,80,86,168,350
72,80,95,167,168
72,80,95,167,336
72,80,95,168,336
72,80,144,158,168
72,80,144,158,350
72,80,144,167,168
72,80,144,167,336
72,80,144,336,350
72,80,168,336,350
72,85,90,162,168
72,85,90,162,336
72,85,90,168,336
72,85,94,166,168
72,85,94,166,358
72,85,94,168,358
72,85,144,162,168
72,85,144,162,336
72,85,144,166,168
72,85,144,166,358
72,85,144,336,358
72,85,168,336,358
72,86,150,158,168
72,86,150,158,350
72,90,162,336,341
72,90,168,336,341
72,94,95,167,168
72,94,95,167,358
72,94,95,168,358
72,94,166,167,168
72,94,166,167,358
72,95,167,336,358
72,95,168,336,358
72,144,149,162,168
72,144,149,162,341
72,144,150,158,168
72,144,150,158,350
72,144,150,336,350
72,144,162,336,341
72,144,166,167,168
72,144,166,167,358
72,144,167,336,358
73,76,77,149,172
73,76,77,149,341
73,76,77,172,341
73,76,90,162,172
73,76,90,162,340
73,76,90,172,340
73,76,148,149,172
73,76,148,149,341
73,76,148,162,172
73,76,148,162,340
73,76,148,340,341
73,76,172,340,341
73,77,90,162,186
73,77,90,162,341
73,77,90,186,341
73,77,149,162,173
73,77,149,162,341
73,77,149,172,173
73,77,162,173,186
73,77,172,173,341
73,77,173,186,341
73,90,162,172,186
73,90,162,340,354
73,90,162,341,354
73,90,172,186,354
73,90,172,340,354
73,90,186,341,354
73,145,148,149,172
73,145,148,149,341
73,145,148,162,172
73,145,148,162,337
73,145,148,337,341
73,145,149,162,173
73,145,149,162,341
73,145,149,172,173
73,145,162,169,172
73,145,162,169,173
73,145,162,337,341
73,145,169,172,173
73,148,162,337,340
73,148,337,340,341
73,162,169,172,186
73,162,169,173,186
73,162,337,340,354
73,162,337,341,354
73,169,172,173,341
73,169,172,186,354
73,169,172,337,341
73,169,172,337,354
73,169,173,186,341
73,169,186,341,354
73,169,337,341,354
73,172,337,340,341
73,172,337,340,354
74,77,78,150,174
74,77,78,150,341
74,77,78,174,341
74,77,149,150,173
74,77,149,150,341
74,77,149,168,173
74,77,150,173,174
74,77,168,173,341
74,77,173,174,341
74,78,150,168,174
74,78,150,336,342
74,78,150,341,342
74,78,168,174,342
74,78,168,336,342
74,78,174,341,342
74,144,146,149,168
74,144,146,149,341
74,144,146,150,168
74,144,146,150,338
74,144,146,338,341
74,144,150,336,338
74,144,336,338,341
74,146,149,150,173
74,146,149,150,341
74,146,149,168,173
74,146,150,168,170
74,146,150,170,173
74,146,150,338,341
74,146,168,170,173
74,150,168,170,174
74,150,170,173,174
74,150,336,338,342
74,150,338,341,342
74,168,170,173,341
74,168,170,174,342
74,168,170,338,341
74,168,170,338,342
74,168,336,338,341
74,168,336,338,342
74,170,173,174,341
74,170,174,341,342
74,170,338,341,342
75,78,79,150,175
75,78,79,150,343
75,78,79,175,343
75,78,86,150,174
75,78,86,150,350
75,78,86,174,350
75,78,150,174,175
75,78,150,342,343
75,78,150,342,350
75,78,174,175,342
75,78,174,342,350
75,78,175,342,343
75,79,86,158,175
75,79,86,158,350
75,79,86,175,350
75,79,150,151,175
75,79,150,151,343
75,79,151,158,175
75,79,151,158,350
75,79,151,343,350
75,79,175,343,350
75,86,150,158,182
75,86,150,158,350
75,86,150,174,182
75,86,158,175,182
75,86,174,182,350
75,86,175,182,350
75,147,150,151,175
75,147,150,151,339
75,147,150,158,182
75,147,150,158,350
75,147,150,171,175
75,147,150,171,182
75,147,150,339,350
75,147,151,158,175
75,147,151,158,350
75,147,151,339,350
75,147,158,175,182
75,147,171,175,182
75,150,151,339,343
75,150,171,174,175
75,150,171,174,182
75,150,339,342,343
75,150,339,342,350
75,151,339,343,350
75,171,174,175,342
75,171,174,182,350
75,171,174,342,350
75,171,175,182,350
75,171,175,339,342
75,171,175,339,350
75,171,339,342,350
75,175,339,342,343
75,175,339,343,350
76,77,87,159,172
76,77,87,159,341
76,77,87,172,341
76,77,149,159,172
76,77,149,159,341
76,81,86,158,172
76,81,86,158,350
76,81,86,172,350
76,81,87,159,172
76,81,87,159,340
76,81,87,172,340
76,81,148,158,172
76,81,148,158,350
76,81,148,159,172
76,81,148,159,340
76,81,148,340,350
76,81,172,340,350
76,86,95,167,172
76,86,95,167,350
76,86,95,172,350
76,86,158,167,172
76,86,158,167,350
76,87,159,340,341
76,87,172,340,341
76,89,90,162,172
76,89,90,162,353
76,89,90,172,353
76,89,93,161,172
76,89,93,161,353
76,89,93,172,353
76,89,161,162,172
76,89,161,162,353
76,90,162,340,353
76,90,172,340,353
76,93,95,167,172
76,93,95,167,340
76,93,95,172,340
76,93,148,161,172
76,93,148,161,353
76,93,148,167,172
76,93,148,167,340
76,93,148,340,353
76,93,172,340,353
76,95,167,340,350
76,95,172,340,350
76,148,149,159,172
76,148,149,159,341
76,148,158,167,172
76,148,158,167,350
76,148,159,340,341
76,148,161,162,172
76,148,161,162,353
76,148,162,340,353
76,148,167,340,350
77,78,88,150,184
77,78,88,150,341
77,78,88,184,341
77,78,150,174,184
77,78,174,184,341
77,82,87,159,183
77,82,87,159,341
77,82,87,183,341
77,82,88,149,184
77,82,88,149,341
77,82,88,184,341
77,82,149,159,173
77,82,149,159,341
77,82,149,173,184
77,82,159,173,183
77,82,173,183,341
77,82,173,184,341
77,87,159,172,183
77,87,172,183,341
77,88,149,150,184
77,88,149,150,341
77,90,162,168,186
77,90,168,186,341
77,149,150,173,184
77,149,159,172,173
77,149,162,168,173
77,150,173,174,184
77,159,172,173,183
77,162,168,173,186
77,168,173,186,341
77,172,173,183,341
77,173,174,184,341
78,79,89,150,175
78,79,89,150,353
78,79,89,175,353
78,79,150,343,353
78,79,175,343,353
78,83,88,150,184
78,83,88,150,352
78,83,88,184,352
78,83,89,150,174
78,83,89,150,353
78,83,89,174,353
78,83,150,174,184
78,83,150,342,352
78,83,150,342,353
78,83,174,184,342
78,83,174,342,353
78,83,184,342,352
78,86,150,168,174
78,86,168,174,350
78,88,150,341,352
78,88,184,341,352
78,89,150,174,175
78,89,174,175,353
78,150,336,342,350
78,150,341,342,352
78,150,342,343,353
78,168,174,342,350
78,168,336,342,350
78,174,175,342,353
78,174,184,341,342
78,175,342,343,353
78,184,341,342,352
79,84,89,161,175
79,84,89,161,353
79,84,89,175,353
79,84,90,162,175
79,84,90,162,343
79,84,90,175,343
79,84,151,161,175
79,84,151,161,353
79,84,151,162,175
79,84,151,162,343
79,84,151,343,353
79,84,175,343,353
79,86,87,159,175
79,86,87,159,350
79,86,87,175,350
79,86,158,159,175
79,86,158,159,350
79,87,91,159,175
79,87,91,159,343
79,87,91,175,343
79,87,159,343,350
79,87,175,343,350
79,89,150,161,175
79,89,150,161,353
79,90,94,162,175
79,90,94,162,358
79,90,94,175,358
79,90,162,343,358
79,90,175,343,358
79,91,94,166,175
79,91,94,166,358
79,91,94,175,358
79,91,151,159,175
79,91,151,159,343
79,91,151,166,175
79,91,151,166,358
79,91,151,343,358
79,91,175,343,358
79,94,162,166,175
79,94,162,166,358
79,150,151,161,175
79,150,151,161,353
79,150,151,343,353
79,151,158,159,175
79,151,158,159,350
79,151,159,343,350
79,151,162,166,175
79,151,162,166,358
79,151,162,343,358
80,86,95,167,191
80,86,95,167,350
80,86,95,191,350
80,86,158,167,182
80,86,158,167,350
80,86,158,168,182
80,86,167,182,191
80,86,168,182,350
80,86,182,191,350
80,95,167,168,191
80,95,167,336,359
80,95,167,350,359
80,95,168,191,359
80,95,168,336,359
80,95,191,350,359
80,144,152,158,168
80,144,152,158,350
80,144,152,167,168
80,144,152,167,344
80,144,152,344,350
80,144,167,336,344
80,144,336,344,350
80,152,158,167,182
80,152,158,167,350
80,152,158,168,182
80,152,167,168,176
80,152,167,176,182
80,152,167,344,350
80,152,168,176,182
80,167,168,176,191
80,167,176,182,191
80,167,336,344,359
80,167,344,350,359
80,168,176,182,350
80,168,176,191,359
80,168,176,344,350
80,168,176,344,359
80,168,336,344,350
80,168,336,344,359
80,176,182,191,350
80,176,191,350,359
80,176,344,350,359
81,86,87,159,183
81,86,87,159,350
81,86,87,183,350
81,86,158,159,182
81,86,158,159,350
81,86,158,172,182
81,86,159,182,183
81,86,172,182,350
81,86,182,183,350
81,87,159,172,183
81,87,159,340,351
81,87,159,350,351
81,87,172,183,351
81,87,172,340,351
81,87,183,350,351
81,148,153,158,172
81,148,153,158,350
81,148,153,159,172
81,148,153,159,345
81,148,153,345,350
81,148,159,340,345
81,148,340,345,350
81,153,158,159,182
81,153,158,159,350
81,153,158,172,182
81,153,159,172,177
81,153,159,177,182
81,153,159,345,350
81,153,172,177,182
81,159,172,177,183
81,159,177,182,183
81,159,340,345,351
81,159,345,350,351
81,172,177,182,350
81,172,177,183,351
81,172,177,345,350
81,172,177,345,351
81,172,340,345,350
81,172,340,345,351
81,177,182,183,350
81,177,183,350,351
81,177,345,350,351
82,87,88,159,184
82,87,88,159,352
82,87,88,184,352
82,87,159,183,184
82,87,159,341,351
82,87,159,351,352
82,87,183,184,351
82,87,183,341,351
82,87,184,351,352
82,88,149,160,184
82,88,149,160,341
82,88,159,160,184
82,88,159,160,352
82,88,160,341,352
82,88,184,341,352
82,149,154,159,173
82,149,154,159,341
82,149,154,160,184
82,149,154,160,341
82,149,154,173,184
82,154,159,160,184
82,154,159,160,346
82,154,159,173,178
82,154,159,178,184
82,154,159,341,346
82,154,160,341,346
82,154,173,178,184
82,159,160,346,352
82,159,173,178,183
82,159,178,183,184
82,159,341,346,351
82,159,346,351,352
82,160,341,346,352
82,173,178,183,341
82,173,178,184,341
82,178,183,184,351
82,178,183,341,351
82,178,184,341,346
82,178,184,346,351
82,178,341,346,351
82,184,341,346,352
82,184,346,351,352
83,88,89,161,184
83,88,89,161,353
83,88,89,184,353
83,88,150,160,184
83,88,150,160,352
83,88,160,161,184
83,88,160,161,353
83,88,160,352,353
83,88,184,352,353
83,89,150,161,185
83,89,150,161,353
83,89,150,174,185
83,89,161,184,185
83,89,174,185,353
83,89,184,185,353
83,150,155,160,184
83,150,155,160,347
83,150,155,161,185
83,150,155,161,353
83,150,155,179,184
83,150,155,179,185
83,150,155,347,353
83,150,160,347,352
83,150,174,179,184
83,150,174,179,185
83,150,342,347,352
83,150,342,347,353
83,155,160,161,184
83,155,160,161,353
83,155,160,347,353
83,155,161,184,185
83,155,179,184,185
83,160,347,352,353
83,174,179,184,342
83,174,179,185,353
83,174,179,342,353
83,179,184,185,353
83,179,184,342,347
83,179,184,347,353
83,179,342,347,353
83,184,342,347,352
83,184,347,352,353
84,89,90,162,186
84,89,90,162,353
84,89,90,186,353
84,89,161,162,185
84,89,161,162,353
84,89,161,175,185
84,89,162,185,186
84,89,175,185,353
84,89,185,186,353
84,90,162,175,186
84,90,162,343,354
84,90,162,353,354
84,90,175,186,354
84,90,175,343,354
84,90,186,353,354
84,151,156,161,175
84,151,156,161,353
84,151,156,162,175
84,151,156,162,348
84,151,156,348,353
84,151,162,343,348
84,151,343,348,353
84,156,161,162,185
84,156,161,162,353
84,156,161,175,185
84,156,162,175,180
84,156,162,180,185
84,156,162,348,353
84,156,175,180,185
84,162,175,180,186
84,162,180,185,186
84,162,343,348,354
84,162,348,353,354
84,175,180,185,353
84,175,180,186,354
84,175,180,348,353
84,175,180,348,354
84,175,343,348,353
84,175,343,348,354
84,180,185,186,353
84,180,186,353,354
84,180,348,353,354
85,90,94,162,186
85,90,94,162,358
85,90,94,186,358
85,90,162,168,186
85,90,162,336,354
85,90,162,354,358
85,90,168,186,354
85,90,168,336,354
85,90,186,354,358
85,94,162,166,190
85,94,162,166,358
85,94,162,186,190
85,94,166,168,190
85,94,168,190,358
85,94,186,190,358
85,144,157,162,168
85,144,157,162,349
85,144,157,166,168
85,144,157,166,358
85,144,157,349,358
85,144,162,336,349
85,144,336,349,358
85,157,162,166,190
85,157,162,166,358
85,157,162,168,181
85,157,162,181,190
85,157,162,349,358
85,157,166,168,190
85,157,168,181,190
85,162,168,181,186
85,162,181,186,190
85,162,336,349,354
85,162,349,354,358
85,168,181,186,354
85,168,181,190,358
85,168,181,349,354
85,168,181,349,358
85,168,336,349,354
85,168,336,349,358
85,181,186,190,358
85,181,186,354,358
85,181,349,354,358
86,87,159,175,183
86,87,175,183,350
86,95,167,172,191
86,95,172,191,350
86,150,158,168,182
86,150,168,174,182
86,158,159,175,182
86,158,167,172,182
86,159,175,182,183
86,167,172,182,191
86,168,174,182,350
86,172,182,191,350
86,175,182,183,350
87,88,94,159,184
87,88,94,159,358
87,88,94,184,358
87,88,159,352,358
87,88,184,352,358
87,91,94,159,183
87,91,94,159,358
87,91,94,183,358
87,91,159,175,183
87,91,159,343,351
87,91,159,351,358
87,91,175,183,351
87,91,175,343,351
87,91,183,351,358
87,94,159,183,184
87,94,183,184,358
87,159,340,341,351
87,159,343,350,351
87,159,351,352,358
87,172,183,341,351
87,172,340,341,351
87,175,183,350,351
87,175,343,350,351
87,183,184,351,358
87,184,351,352,358
88,89,95,167,184
88,89,95,167,353
88,89,95,184,353
88,89,161,167,184
88,89,161,167,353
88,92,94,166,184
88,92,94,166,358
88,92,94,184,358
88,92,95,167,184
88,92,95,167,352
88,92,95,184,352
88,92,160,166,184
88,92,160,166,358
88,92,160,167,184
88,92,160,167,352
88,92,160,352,358
88,92,184,352,358
88,94,159,166,184
88,94,159,166,358
88,95,167,352,353
88,95,184,352,353
88,149,150,160,184
88,149,150,160,341
88,150,160,341,352
88,159,160,166,184
88,159,160,166,358
88,159,160,352,358
88,160,161,167,184
88,160,161,167,353
88,160,167,352,353
89,90,162,172,186
89,90,172,186,353
89,93,95,167,191
89,93,95,167,353
89,93,95,191,353
89,93,161,167,185
89,93,161,167,353
89,93,161,172,185
89,93,167,185,191
89,93,172,185,353
89,93,185,191,353
89,95,167,184,191
89,95,184,191,353
89,150,161,175,185
89,150,174,175,185
89,161,162,172,185
89,161,167,184,185
89,162,172,185,186
89,167,184,185,191
89,172,185,186,353
89,174,175,185,353
89,184,185,191,353
90,94,162,175,186
90,94,175,186,358
90,162,336,341,354
90,162,340,353,354
90,162,343,354,358
90,168,186,341,354
90,168,336,341,354
90,172,186,353,354
90,172,340,353,354
90,175,186,354,358
90,175,343,354,358
91,94,159,166,190
91,94,159,166,358
91,94,159,183,190
91,94,166,175,190
91,94,175,190,358
91,94,183,190,358
91,151,159,163,175
91,151,159,163,355
91,151,159,343,355
91,151,163,166,175
91,151,163,166,358
91,151,163,355,358
91,151,343,355,358
91,159,163,166,190
91,159,163,166,358
91,159,163,175,187
91,159,163,187,190
91,159,163,355,358
91,159,175,183,187
91,159,183,187,190
91,159,343,351,355
91,159,351,355,358
91,163,166,175,190
91,163,175,187,190
91,175,183,187,351
91,175,187,190,358
91,175,187,351,355
91,175,187,355,358
91,175,343,351,355
91,175,343,355,358
91,183,187,190,358
91,183,187,351,358
91,187,351,355,358
92,94,95,167,191
92,94,95,167,358
92,94,95,191,358
92,94,166,167,190
92,94,166,167,358
92,94,166,184,190
92,94,167,190,191
92,94,184,190,358
92,94,190,191,358
92,95,167,184,191
92,95,167,352,359
92,95,167,358,359
92,95,184,191,359
92,95,184,352,359
92,95,191,358,359
92,160,164,166,184
92,160,164,166,358
92,160,164,167,184
92,160,164,167,356
92,160,164,356,358
92,160,167,352,356
92,160,352,356,358
92,164,166,167,190
92,164,166,167,358
92,164,166,184,190
92,164,167,184,188
92,164,167,188,190
92,164,167,356,358
92,164,184,188,190
92,167,184,188,191
92,167,188,190,191
92,167,352,356,359
92,167,356,358,359
92,184,188,190,358
92,184,188,191,359
92,184,188,356,358
92,184,188,356,359
92,184,352,356,358
92,184,352,356,359
92,188,190,191,358
92,188,191,358,359
92,188,356,358,359
93,95,167,172,191
93,95,167,340,359
93,95,167,353,359
93,95,172,191,359
93,95,172,340,359
93,95,191,353,359
93,148,161,165,172
93,148,161,165,353
93,148,165,167,172
93,148,165,167,357
93,148,165,353,357
93,148,167,340,357
93,148,340,353,357
93,161,165,167,185
93,161,165,167,353
93,161,165,172,185
93,165,167,172,189
93,165,167,185,189
93,165,167,353,357
93,165,172,185,189
93,167,172,189,191
93,167,185,189,191
93,167,340,357,359
93,167,353,357,359
93,172,185,189,353
93,172,189,191,359
93,172,189,353,357
93,172,189,357,359
93,172,340,353,357
93,172,340,357,359
93,185,189,191,353
93,189,191,353,359
93,189,353,357,359
94,95,167,168,191
94,95,168,191,358
94,159,166,184,190
94,159,183,184,190
94,162,166,175,190
94,162,175,186,190
94,166,167,168,190
94,167,168,190,191
94,168,190,191,358
94,175,186,190,358
94,183,184,190,358
95,167,336,358,359
95,167,340,350,359
95,167,352,353,359
95,168,191,358,359
95,168,336,358,359
95,172,191,350,359
95,172,340,350,359
95,184,191,353,359
95,184,352,353,359
96,98,101,125,362
96,98,101,218,341
96,98,101,218,362
96,98,101,341,554
96,98,101,413,434
96,98,101,413,506
96,98,101,506,554
96,98,102,126,366
96,98,102,218,342
96,98,102,218,366
96,98,102,342,558
96,98,102,414,438
96,98,102,414,506
96,98,102,506,558
96,98,122,125,362
96,98,122,126,366
96,98,122,362,366
96,98,218,338,341
96,98,218,338,342
96,98,218,362,366
96,98,338,341,554
96,98,338,342,558
96,98,338,554,558
96,98,410,413,434
96,98,410,413,506
96,98,410,414,438
96,98,410,414,506
96,98,410,434,438
96,98,506,554,558
96,101,114,125,378
96,101,114,221,341
96,101,114,221,378
96,101,114,341,570
96,101,114,413,450
96,101,114,413,509
96,101,114,509,570
96,101,125,362,365
96,101,125,365,378
96,101,218,221,341
96,101,218,221,365
96,101,218,362,365
96,101,221,365,378
96,101,341,554,557
96,101,341,557,570
96,101,413,434,437
96,101,413,437,450
96,101,413,506,509
96,101,506,509,557
96,101,506,554,557
96,101,509,557,570
96,102,110,134,366
96,102,110,230,350
96,102,110,230,366
96,102,110,350,558
96,102,110,422,438
96,102,110,422,518
96,102,110,518,558
96,102,126,134,366
96,102,218,222,342
96,102,218,222,366
96,102,222,230,350
96,102,222,230,366
96,102,222,342,350
96,102,342,350,558
96,102,414,422,438
96,102,414,422,510
96,102,414,506,510
96,102,422,510,518
96,102,506,510,558
96,102,510,518,558
96,104,110,134,368
96,104,110,224,350
96,104,110,224,368
96,104,110,350,560
96,104,110,422,440
96,104,110,422,512
96,104,110,512,560
96,104,119,143,383
96,104,119,224,359
96,104,119,224,383
96,104,119,359,575
96,104,119,431,455
96,104,119,431,512
96,104,119,512,575
96,104,128,134,368
96,104,128,143,383
96,104,128,368,383
96,104,224,344,350
96,104,224,344,359
96,104,224,368,383
96,104,344,350,560
96,104,344,359,575
96,104,344,560,575
96,104,416,422,440
96,104,416,422,512
96,104,416,431,455
96,104,416,431,512
96,104,416,440,455
96,104,512,560,575
96,109,114,138,378
96,109,114,229,354
96,109,114,229,378
96,109,114,354,570
96,109,114,426,450
96,109,114,426,517
96,109,114,517,570
96,109,118,142,373
96,109,118,229,358
96,109,118,229,373
96,109,118,358,565
96,109,118,430,445
96,109,118,430,517
96,109,118,517,565
96,109,133,138,378
96,109,133,142,373
96,109,133,373,378
96,109,229,349,354
96,109,229,349,358
96,109,229,373,378
96,109,349,354,570
96,109,349,358,565
96,109,349,565,570
96,109,421,426,450
96,109,421,426,517
96,109,421,430,445
96,109,421,430,517
96,109,421,445,450
96,109,517,565,570
96,110,134,366,374
96,110,134,368,374
96,110,224,230,350
96,110,224,230,374
96,110,224,368,374
96,110,230,366,374
96,110,350,558,566
96,110,350,560,566
96,110,422,438,446
96,110,422,440,446
96,110,422,512,518
96,110,512,518,566
96,110,512,560,566
96,110,518,558,566
96,114,125,138,378
96,114,221,234,341
96,114,221,234,378
96,114,229,234,354
96,114,229,234,378
96,114,234,341,354
96,114,341,354,570
96,114,413,426,450
96,114,413,426,522
96,114,413,509,522
96,114,426,517,522
96,114,509,522,570
96,114,517,522,570
96,118,119,142,383
96,118,119,238,358
96,118,119,238,383
96,118,119,358,575
96,118,119,430,455
96,118,119,430,526
96,118,119,526,575
96,118,142,373,382
96,118,142,382,383
96,118,229,238,358
96,118,229,238,382
96,118,229,373,382
96,118,238,382,383
96,118,358,565,574
96,118,358,574,575
96,118,430,445,454
96,118,430,454,455
96,118,430,517,526
96,118,517,526,574
96,118,517,565,574
96,118,526,574,575
96,119,142,143,383
96,119,224,239,359
96,119,224,239,383
96,119,238,239,358
96,119,238,239,383
96,119,239,358,359
96,119,358,359,575
96,119,430,431,455
96,119,430,431,527
96,119,430,526,527
96,119,431,512,527
96,119,512,527,575
96,119,526,527,575
96,120,122,125,360
96,120,122,126,366
96,120,122,360,366
96,120,125,138,378
96,120,125,360,378
96,120,126,134,366
96,120,128,134,360
96,120,128,143,383
96,120,128,360,383
96,120,133,138,378
96,120,133,142,360
96,120,133,360,378
96,120,134,360,366
96,120,142,143,383
96,120,142,360,383
96,122,125,360,362
96,122,360,362,366
96,125,360,362,365
96,125,360,365,378
96,128,134,360,368
96,128,360,368,383
96,133,142,360,373
96,133,360,373,378
96,134,360,366,374
96,134,360,368,374
96,142,360,373,382
96,142,360,382,383
96,216,218,221,341
96,216,218,221,365
96,216,218,222,336
96,216,218,222,366
96,216,218,336,341
96,216,218,360,365
96,216,218,360,366
96,216,221,234,341
96,216,221,234,378
96,216,221,365,378
96,216,222,230,350
96,216,222,230,366
96,216,222,336,350
96,216,224,230,350
96,216,224,230,374
96,216,224,239,336
96,216,224,239,383
96,216,224,336,350
96,216,224,360,374
96,216,224,360,383
96,216,229,234,336
96,216,229,234,378
96,216,229,238,358
96,216,229,238,382
96,216,229,336,358
96,216,229,360,378
96,216,229,360,382
96,216,230,366,374
96,216,234,336,341
96,216,238,239,358
96,216,238,239,383
96,216,238,382,383
96,216,239,336,358
96,216,360,365,378
96,216,360,366,374
96,216,360,382,383
96,218,222,336,342
96,218,336,338,341
96,218,336,338,342
96,218,360,362,365
96,218,360,362,366
96,222,336,342,350
96,224,239,336,359
96,224,336,344,350
96,224,336,344,359
96,224,360,368,374
96,224,360,368,383
96,229,234,336,354
96,229,336,349,354
96,229,336,349,358
96,229,360,373,378
96,229,360,373,382
96,234,336,341,354
96,239,336,358,359
96,336,338,341,552
96,336,338,342,558
96,336,338,552,558
96,336,341,354,570
96,336,341,552,570
96,336,342,350,558
96,336,344,350,552
96,336,344,359,575
96,336,344,552,575
96,336,349,354,570
96,336,349,358,552
96,336,349,552,570
96,336,350,552,558
96,336,358,359,575
96,336,358,552,575
96,338,341,552,554
96,338,552,554,558
96,341,552,554,557
96,341,552,557,570
96,344,350,552,560
96,344,552,560,575
96,349,358,552,565
96,349,552,565,570
96,350,552,558,566
96,350,552,560,566
96,358,552,565,574
96,358,552,574,575
96,408,410,413,432
96,408,410,413,506
96,408,410,414,438
96,408,410,414,506
96,408,410,432,438
96,408,413,426,450
96,408,413,426,522
96,408,413,432,450
96,408,413,504,506
96,408,413,504,522
96,408,414,422,438
96,408,414,422,510
96,408,414,506,510
96,408,416,422,432
96,408,416,422,512
96,408,416,431,455
96,408,416,431,512
96,408,416,432,455
96,408,421,426,450
96,408,421,426,517
96,408,421,430,432
96,408,421,430,517
96,408,421,432,450
96,408,422,432,438
96,408,422,504,510
96,408,422,504,512
96,408,426,517,522
96,408,430,431,455
96,408,430,431,527
96,408,430,432,455
96,408,430,504,517
96,408,430,504,527
96,408,431,512,527
96,408,504,506,510
96,408,504,512,527
96,408,504,517,522
96,410,413,432,434
96,410,432,434,438
96,413,432,434,437
96,413,432,437,450
96,413,504,506,509
96,413,504,509,522
96,416,422,432,440
96,416,432,440,455
96,421,430,432,445
96,421,432,445,450
96,422,432,438,446
96,422,432,440,446
96,422,504,510,518
96,422,504,512,518
96,430,432,445,454
96,430,432,454,455
96,430,504,517,526
96,430,504,526,527
96,504,506,509,557
96,504,506,510,558
96,504,506,552,557
96,504,506,552,558
96,504,509,522,570
96,504,509,557,570
96,504,510,518,558
96,504,512,518,566
96,504,512,527,575
96,504,512,552,566
96,504,512,552,575
96,504,517,522,570
96,504,517,526,574
96,504,517,552,570
96,504,517,552,574
96,504,518,558,566
96,504,526,527,575
96,504,526,574,575
96,504,552,557,570
96,504,552,558,566
96,504,552,574,575
96,506,552,554,557
96,506,552,554,558
96,512,552,560,566
96,512,552,560,575
96,517,552,565,570
96,517,552,565,574
97,100,101,125,361
97,100,101,217,341
97,100,101,217,361
97,100,101,341,553
97,100,101,413,433
97,100,101,413,505
97,100,101,505,553
97,100,114,138,378
97,100,114,217,354
97,100,114,217,378
97,100,114,354,570
97,100,114,426,450
97,100,114,426,505
97,100,114,505,570
97,100,121,125,361
97,100,121,138,378
97,100,121,361,378
97,100,217,337,341
97,100,217,337,354
97,100,217,361,378
97,100,337,341,553
97,100,337,354,570
97,100,337,553,570
97,100,409,413,433
97,100,409,413,505
97,100,409,426,450
97,100,409,426,505
97,100,409,433,450
97,100,505,553,570
97,101,114,125,378
97,101,114,217,341
97,101,114,217,378
97,101,114,341,570
97,101,114,413,450
97,101,114,413,505
97,101,114,505,570
97,101,125,361,378
97,101,217,361,378
97,101,341,553,570
97,101,413,433,450
97,101,505,553,570
97,114,125,138,378
97,114,217,341,354
97,114,341,354,570
97,114,413,426,450
97,114,413,426,505
97,121,125,138,378
97,121,125,361,378
97,217,337,341,354
97,337,341,354,570
97,337,341,553,570
97,409,413,426,450
97,409,413,426,505
97,409,413,433,450
98,101,102,125,366
98,101,102,218,341
98,101,102,218,366
98,101,102,341,558
98,101,102,413,438
98,101,102,413,506
98,101,102,506,558
98,101,125,362,366
98,101,218,362,366
98,101,341,554,558
98,101,413,434,438
98,101,506,554,558
98,102,125,126,366
98,102,218,341,342
98,102,341,342,558
98,102,413,414,438
98,102,413,414,506
98,122,125,126,366
98,122,125,362,366
98,218,338,341,342
98,338,341,342,558
98,338,341,554,558
98,410,413,414,438
98,410,413,414,506
98,410,413,434,438
99,102,103,126,366
99,102,103,219,342
99,102,103,219,366
99,102,103,342,558
99,102,103,414,438
99,102,103,414,507
99,102,103,507,558
99,102,110,134,366
99,102,110,219,350
99,102,110,219,366
99,102,110,350,558
99,102,110,422,438
99,102,110,422,507
99,102,110,507,558
99,102,126,134,366
99,102,219,342,350
99,102,342,350,558
99,102,414,422,438
99,102,414,422,507
99,103,110,134,363
99,103,110,219,350
99,103,110,219,363
99,103,110,350,555
99,103,110,422,435
99,103,110,422,507
99,103,110,507,555
99,103,123,126,366
99,103,123,134,363
99,103,123,363,366
99,103,219,339,342
99,103,219,339,350
99,103,219,363,366
99,103,339,342,558
99,103,339,350,555
99,103,339,555,558
99,103,411,414,438
99,103,411,414,507
99,103,411,422,435
99,103,411,422,507
99,103,411,435,438
99,103,507,555,558
99,110,134,363,366
99,110,219,363,366
99,110,350,555,558
99,110,422,435,438
99,110,507,555,558
99,123,126,134,366
99,123,134,363,366
99,219,339,342,350
99,339,342,350,558
99,339,350,555,558
99,411,414,422,438
99,411,414,422,507
99,411,422,435,438
100,101,111,125,375
100,101,111,221,341
100,101,111,221,375
100,101,111,341,567
100,101,111,413,447
100,101,111,413,509
100,101,111,509,567
100,101,125,361,365
100,101,125,365,375
100,101,217,221,341
100,101,217,221,365
100,101,217,361,365
100,101,221,365,375
100,101,341,553,557
100,101,341,557,567
100,101,413,433,437
100,101,413,437,447
100,101,413,505,509
100,101,505,509,557
100,101,505,553,557
100,101,509,557,567
100,105,110,134,369
100,105,110,225,350
100,105,110,225,369
100,105,110,350,561
100,105,110,422,441
100,105,110,422,513
100,105,110,513,561
100,105,111,135,375
100,105,111,225,351
100,105,111,225,375
100,105,111,351,567
100,105,111,423,447
100,105,111,423,513
100,105,111,513,567
100,105,129,134,369
100,105,129,135,375
100,105,129,369,375
100,105,225,345,350
100,105,225,345,351
100,105,225,369,375
100,105,345,350,561
100,105,345,351,567
100,105,345,561,567
100,105,417,422,441
100,105,417,422,513
100,105,417,423,447
100,105,417,423,513
100,105,417,441,447
100,105,513,561,567
100,110,119,134,383
100,110,119,230,350
100,110,119,230,383
100,110,119,350,575
100,110,119,422,455
100,110,119,422,518
100,110,119,518,575
100,110,134,369,374
100,110,134,374,383
100,110,225,230,350
100,110,225,230,374
100,110,225,369,374
100,110,230,374,383
100,110,350,561,566
100,110,350,566,575
100,110,422,441,446
100,110,422,446,455
100,110,422,513,518
100,110,513,518,566
100,110,513,561,566
100,110,518,566,575
100,111,125,135,375
100,111,221,231,341
100,111,221,231,375
100,111,225,231,351
100,111,225,231,375
100,111,231,341,351
100,111,341,351,567
100,111,413,423,447
100,111,413,423,519
100,111,413,509,519
100,111,423,513,519
100,111,509,519,567
100,111,513,519,567
100,113,114,137,378
100,113,114,233,353
100,113,114,233,378
100,113,114,353,570
100,113,114,425,450
100,113,114,425,521
100,113,114,521,570
100,113,117,137,381
100,113,117,237,353
100,113,117,237,381
100,113,117,353,573
100,113,117,425,453
100,113,117,425,525
100,113,117,525,573
100,113,137,377,378
100,113,137,377,381
100,113,233,237,353
100,113,233,237,377
100,113,233,377,378
100,113,237,377,381
100,113,353,569,570
100,113,353,569,573
100,113,425,449,450
100,113,425,449,453
100,113,425,521,525
100,113,521,525,569
100,113,521,569,570
100,113,525,569,573
100,114,137,138,378
100,114,217,234,354
100,114,217,234,378
100,114,233,234,353
100,114,233,234,378
100,114,234,353,354
100,114,353,354,570
100,114,425,426,450
100,114,425,426,522
100,114,425,521,522
100,114,426,505,522
100,114,505,522,570
100,114,521,522,570
100,117,119,143,383
100,117,119,237,359
100,117,119,237,383
100,117,119,359,575
100,117,119,431,455
100,117,119,431,525
100,117,119,525,575
100,117,137,141,381
100,117,141,143,383
100,117,141,381,383
100,117,237,353,357
100,117,237,357,359
100,117,237,381,383
100,117,353,357,573
100,117,357,359,575
100,117,357,573,575
100,117,425,429,453
100,117,425,429,525
100,117,429,431,455
100,117,429,431,525
100,117,429,453,455
100,117,525,573,575
100,119,134,143,383
100,119,230,239,350
100,119,230,239,383
100,119,237,239,359
100,119,237,239,383
100,119,239,350,359
100,119,350,359,575
100,119,422,431,455
100,119,422,431,527
100,119,422,518,527
100,119,431,525,527
100,119,518,527,575
100,119,525,527,575
100,121,124,125,364
100,121,124,138,378
100,121,124,364,378
100,121,125,361,364
100,121,361,364,378
100,124,125,135,375
100,124,125,364,375
100,124,129,134,364
100,124,129,135,375
100,124,129,364,375
100,124,134,143,383
100,124,134,364,383
100,124,137,138,378
100,124,137,141,364
100,124,137,364,378
100,124,141,143,383
100,124,141,364,383
100,125,361,364,365
100,125,364,365,375
100,129,134,364,369
100,129,364,369,375
100,134,364,369,374
100,134,364,374,383
100,137,141,364,381
100,137,364,377,378
100,137,364,377,381
100,141,364,381,383
100,217,220,221,341
100,217,220,221,365
100,217,220,234,340
100,217,220,234,378
100,217,220,340,341
100,217,220,364,365
100,217,220,364,378
100,217,234,340,354
100,217,337,340,341
100,217,337,340,354
100,217,361,364,365
100,217,361,364,378
100,220,221,231,341
100,220,221,231,375
100,220,221,365,375
100,220,225,230,350
100,220,225,230,374
100,220,225,231,340
100,220,225,231,375
100,220,225,340,350
100,220,225,364,374
100,220,225,364,375
100,220,230,239,350
100,220,230,239,383
100,220,230,374,383
100,220,231,340,341
100,220,233,234,353
100,220,233,234,378
100,220,233,237,353
100,220,233,237,377
100,220,233,377,378
100,220,234,340,353
100,220,237,239,340
100,220,237,239,383
100,220,237,340,353
100,220,237,364,377
100,220,237,364,383
100,220,239,340,350
100,220,364,365,375
100,220,364,374,383
100,220,364,377,378
100,225,231,340,351
100,225,340,345,350
100,225,340,345,351
100,225,364,369,374
100,225,364,369,375
100,231,340,341,351
100,234,340,353,354
100,237,239,340,359
100,237,340,353,357
100,237,340,357,359
100,237,364,377,381
100,237,364,381,383
100,239,340,350,359
100,337,340,341,556
100,337,340,354,570
100,337,340,556,570
100,337,341,553,556
100,337,553,556,570
100,340,341,351,567
100,340,341,556,567
100,340,345,350,556
100,340,345,351,567
100,340,345,556,567
100,340,350,359,575
100,340,350,556,575
100,340,353,354,570
100,340,353,357,556
100,340,353,556,570
100,340,357,359,575
100,340,357,556,575
100,341,553,556,557
100,341,556,557,567
100,345,350,556,561
100,345,556,561,567
100,350,556,561,566
100,350,556,566,575
100,353,357,556,573
100,353,556,569,570
100,353,556,569,573
100,357,556,573,575
100,409,412,413,436
100,409,412,413,505
100,409,412,426,450
100,409,412,426,505
100,409,412,436,450
100,409,413,433,436
100,409,433,436,450
100,412,413,423,447
100,412,413,423,519
100,412,413,436,447
100,412,413,505,508
100,412,413,508,519
100,412,417,422,436
100,412,417,422,513
100,412,417,423,447
100,412,417,423,513
100,412,417,436,447
100,412,422,431,455
100,412,422,431,527
100,412,422,436,455
100,412,422,508,513
100,412,422,508,527
100,412,423,513,519
100,412,425,426,450
100,412,425,426,522
100,412,425,429,436
100,412,425,429,525
100,412,425,436,450
100,412,425,508,522
100,412,425,508,525
100,412,426,505,522
100,412,429,431,455
100,412,429,431,525
100,412,429,436,455
100,412,431,525,527
100,412,505,508,522
100,412,508,513,519
100,412,508,525,527
100,413,433,436,437
100,413,436,437,447
100,413,505,508,509
100,413,508,509,519
100,417,422,436,441
100,417,436,441,447
100,422,436,441,446
100,422,436,446,455
100,422,508,513,518
100,422,508,518,527
100,425,429,436,453
100,425,436,449,450
100,425,436,449,453
100,425,508,521,522
100,425,508,521,525
100,429,436,453,455
100,505,508,509,557
100,505,508,522,570
100,505,508,556,557
100,505,508,556,570
100,505,553,556,557
100,505,553,556,570
100,508,509,519,567
100,508,509,557,567
100,508,513,518,566
100,508,513,519,567
100,508,513,556,566
100,508,513,556,567
100,508,518,527,575
100,508,518,566,575
100,508,521,522,570
100,508,521,525,569
100,508,521,569,570
100,508,525,527,575
100,508,525,556,569
100,508,525,556,575
100,508,556,557,567
100,508,556,566,575
100,508,556,569,570
100,513,556,561,566
100,513,556,561,567
100,525,556,569,573
100,525,556,573,575
101,102,112,125,366
101,102,112,221,341
101,102,112,221,366
101,102,112,341,558
101,102,112,413,438
101,102,112,413,509
101,102,112,509,558
101,102,218,221,341
101,102,218,221,366
101,102,413,506,509
101,102,506,509,558
101,106,111,125,375
101,106,111,226,341
101,106,111,226,375
101,106,111,341,567
101,106,111,413,447
101,106,111,413,514
101,106,111,514,567
101,106,112,125,370
101,106,112,226,341
101,106,112,226,370
101,106,112,341,562
101,106,112,413,442
101,106,112,413,514
101,106,112,514,562
101,106,125,370,375
101,106,226,370,375
101,106,341,562,567
101,106,413,442,447
101,106,514,562,567
101,111,221,226,341
101,111,221,226,375
101,111,413,509,514
101,111,509,514,567
101,112,125,365,366
101,112,125,365,370
101,112,221,226,341
101,112,221,226,365
101,112,221,365,366
101,112,226,365,370
101,112,341,557,558
101,112,341,557,562
101,112,413,437,438
101,112,413,437,442
101,112,413,509,514
101,112,509,514,557
101,112,509,557,558
101,112,514,557,562
101,114,217,221,341
101,114,217,221,378
101,114,413,505,509
101,114,505,509,570
101,125,361,365,378
101,125,362,365,366
101,125,365,370,375
101,217,221,365,378
101,217,361,365,378
101,218,221,365,366
101,218,362,365,366
101,221,226,365,375
101,226,365,370,375
101,341,553,557,570
101,341,554,557,558
101,341,557,562,567
101,413,433,437,450
101,413,434,437,438
101,413,437,442,447
101,505,509,557,570
101,505,553,557,570
101,506,509,557,558
101,506,554,557,558
101,509,514,557,567
101,514,557,562,567
102,103,113,137,366
102,103,113,233,353
102,103,113,233,366
102,103,113,353,558
102,103,113,425,438
102,103,113,425,521
102,103,113,521,558
102,103,126,137,366
102,103,219,222,342
102,103,219,222,366
102,103,222,233,353
102,103,222,233,366
102,103,222,342,353
102,103,342,353,558
102,103,414,425,438
102,103,414,425,510
102,103,414,507,510
102,103,425,510,521
102,103,507,510,558
102,103,510,521,558
102,107,112,126,366
102,107,112,227,342
102,107,112,227,366
102,107,112,342,558
102,107,112,414,438
102,107,112,414,515
102,107,112,515,558
102,107,113,137,366
102,107,113,227,353
102,107,113,227,366
102,107,113,353,558
102,107,113,425,438
102,107,113,425,515
102,107,113,515,558
102,107,126,137,366
102,107,227,342,353
102,107,342,353,558
102,107,414,425,438
102,107,414,425,515
102,110,219,230,350
102,110,219,230,366
102,110,422,507,518
102,110,507,518,558
102,112,125,126,366
102,112,221,222,341
102,112,221,222,366
102,112,222,227,342
102,112,222,227,366
102,112,222,341,342
102,112,341,342,558
102,112,413,414,438
102,112,413,414,510
102,112,413,509,510
102,112,414,510,515
102,112,509,510,558
102,112,510,515,558
102,113,227,233,353
102,113,227,233,366
102,113,425,515,521
102,113,515,521,558
102,218,221,222,341
102,218,221,222,366
102,218,222,341,342
102,219,222,230,350
102,219,222,230,366
102,219,222,342,350
102,222,227,233,353
102,222,227,233,366
102,222,227,342,353
102,413,414,506,510
102,413,506,509,510
102,414,422,507,510
102,414,425,510,515
102,422,507,510,518
102,425,510,515,521
102,506,509,510,558
102,507,510,518,558
102,510,515,521,558
103,108,113,137,372
103,108,113,228,353
103,108,113,228,372
103,108,113,353,564
103,108,113,425,444
103,108,113,425,516
103,108,113,516,564
103,108,114,138,378
103,108,114,228,354
103,108,114,228,378
103,108,114,354,570
103,108,114,426,450
103,108,114,426,516
103,108,114,516,570
103,108,132,137,372
103,108,132,138,378
103,108,132,372,378
103,108,228,348,353
103,108,228,348,354
103,108,228,372,378
103,108,348,353,564
103,108,348,354,570
103,108,348,564,570
103,108,420,425,444
103,108,420,425,516
103,108,420,426,450
103,108,420,426,516
103,108,420,444,450
103,108,516,564,570
103,110,111,134,375
103,110,111,230,350
103,110,111,230,375
103,110,111,350,567
103,110,111,422,447
103,110,111,422,518
103,110,111,518,567
103,110,134,363,374
103,110,134,374,375
103,110,219,230,350
103,110,219,230,374
103,110,219,363,374
103,110,230,374,375
103,110,350,555,566
103,110,350,566,567
103,110,422,435,446
103,110,422,446,447
103,110,422,507,518
103,110,507,518,566
103,110,507,555,566
103,110,518,566,567
103,111,115,135,375
103,111,115,235,351
103,111,115,235,375
103,111,115,351,567
103,111,115,423,447
103,111,115,423,523
103,111,115,523,567
103,111,134,135,375
103,111,230,231,350
103,111,230,231,375
103,111,231,235,351
103,111,231,235,375
103,111,231,350,351
103,111,350,351,567
103,111,422,423,447
103,111,422,423,519
103,111,422,518,519
103,111,423,519,523
103,111,518,519,567
103,111,519,523,567
103,113,137,366,377
103,113,137,372,377
103,113,228,233,353
103,113,228,233,377
103,113,228,372,377
103,113,233,366,377
103,113,353,558,569
103,113,353,564,569
103,113,425,438,449
103,113,425,444,449
103,113,425,516,521
103,113,516,521,569
103,113,516,564,569
103,113,521,558,569
103,114,118,142,378
103,114,118,238,358
103,114,118,238,378
103,114,118,358,570
103,114,118,430,450
103,114,118,430,526
103,114,118,526,570
103,114,138,142,378
103,114,228,234,354
103,114,228,234,378
103,114,234,238,358
103,114,234,238,378
103,114,234,354,358
103,114,354,358,570
103,114,426,430,450
103,114,426,430,522
103,114,426,516,522
103,114,430,522,526
103,114,516,522,570
103,114,522,526,570
103,115,118,142,379
103,115,118,235,358
103,115,118,235,379
103,115,118,358,571
103,115,118,430,451
103,115,118,430,523
103,115,118,523,571
103,115,135,139,375
103,115,139,142,379
103,115,139,375,379
103,115,235,351,355
103,115,235,355,358
103,115,235,375,379
103,115,351,355,567
103,115,355,358,571
103,115,355,567,571
103,115,423,427,447
103,115,423,427,523
103,115,427,430,451
103,115,427,430,523
103,115,427,447,451
103,115,523,567,571
103,118,142,378,382
103,118,142,379,382
103,118,235,238,358
103,118,235,238,382
103,118,235,379,382
103,118,238,378,382
103,118,358,570,574
103,118,358,571,574
103,118,430,450,454
103,118,430,451,454
103,118,430,523,526
103,118,523,526,574
103,118,523,571,574
103,118,526,570,574
103,123,126,127,366
103,123,127,134,367
103,123,127,366,367
103,123,134,363,367
103,123,363,366,367
103,126,127,137,366
103,127,132,137,367
103,127,132,138,378
103,127,132,367,378
103,127,134,135,375
103,127,134,367,375
103,127,135,139,375
103,127,137,366,367
103,127,138,142,378
103,127,139,142,367
103,127,139,367,375
103,127,142,367,378
103,132,137,367,372
103,132,367,372,378
103,134,363,367,374
103,134,367,374,375
103,137,366,367,377
103,137,367,372,377
103,139,142,367,379
103,139,367,375,379
103,142,367,378,382
103,142,367,379,382
103,219,222,223,343
103,219,222,223,366
103,219,222,342,343
103,219,223,230,350
103,219,223,230,374
103,219,223,343,350
103,219,223,366,367
103,219,223,367,374
103,219,339,342,343
103,219,339,343,350
103,219,363,366,367
103,219,363,367,374
103,222,223,233,353
103,222,223,233,366
103,222,223,343,353
103,222,342,343,353
103,223,228,233,353
103,223,228,233,377
103,223,228,234,343
103,223,228,234,378
103,223,228,343,353
103,223,228,367,377
103,223,228,367,378
103,223,230,231,350
103,223,230,231,375
103,223,230,374,375
103,223,231,235,343
103,223,231,235,375
103,223,231,343,350
103,223,233,366,377
103,223,234,238,358
103,223,234,238,378
103,223,234,343,358
103,223,235,238,358
103,223,235,238,382
103,223,235,343,358
103,223,235,367,375
103,223,235,367,382
103,223,238,378,382
103,223,366,367,377
103,223,367,374,375
103,223,367,378,382
103,228,234,343,354
103,228,343,348,353
103,228,343,348,354
103,228,367,372,377
103,228,367,372,378
103,231,235,343,351
103,231,343,350,351
103,234,343,354,358
103,235,343,351,355
103,235,343,355,358
103,235,367,375,379
103,235,367,379,382
103,339,342,343,558
103,339,343,350,559
103,339,343,558,559
103,339,350,555,559
103,339,555,558,559
103,342,343,353,558
103,343,348,353,559
103,343,348,354,570
103,343,348,559,570
103,343,350,351,567
103,343,350,559,567
103,343,351,355,567
103,343,353,558,559
103,343,354,358,570
103,343,355,358,559
103,343,355,559,567
103,343,358,559,570
103,348,353,559,564
103,348,559,564,570
103,350,555,559,566
103,350,559,566,567
103,353,558,559,569
103,353,559,564,569
103,355,358,559,571
103,355,559,567,571
103,358,559,570,574
103,358,559,571,574
103,411,414,415,438
103,411,414,415,507
103,411,415,422,439
103,411,415,422,507
103,411,415,438,439
103,411,422,435,439
103,411,435,438,439
103,414,415,425,438
103,414,415,425,510
103,414,415,507,510
103,415,420,425,439
103,415,420,425,516
103,415,420,426,450
103,415,420,426,516
103,415,420,439,450
103,415,422,423,447
103,415,422,423,519
103,415,422,439,447
103,415,422,507,511
103,415,422,511,519
103,415,423,427,447
103,415,423,427,523
103,415,423,519,523
103,415,425,438,439
103,415,425,510,511
103,415,425,511,516
103,415,426,430,450
103,415,426,430,522
103,415,426,516,522
103,415,427,430,439
103,415,427,430,523
103,415,427,439,447
103,415,430,439,450
103,415,430,511,522
103,415,430,511,523
103,415,507,510,511
103,415,511,516,522
103,415,511,519,523
103,420,425,439,444
103,420,439,444,450
103,422,435,439,446
103,422,439,446,447
103,422,507,511,518
103,422,511,518,519
103,425,438,439,449
103,425,439,444,449
103,425,510,511,521
103,425,511,516,521
103,427,430,439,451
103,427,439,447,451
103,430,439,450,454
103,430,439,451,454
103,430,511,522,526
103,430,511,523,526
103,507,510,511,558
103,507,511,518,566
103,507,511,558,559
103,507,511,559,566
103,507,555,558,559
103,507,555,559,566
103,510,511,521,558
103,511,516,521,569
103,511,516,522,570
103,511,516,559,569
103,511,516,559,570
103,511,518,519,567
103,511,518,566,567
103,511,519,523,567
103,511,521,558,569
103,511,522,526,570
103,511,523,526,574
103,511,523,559,567
103,511,523,559,574
103,511,526,570,574
103,511,558,559,569
103,511,559,566,567
103,511,559,570,574
103,516,559,564,569
103,516,559,564,570
103,523,559,567,571
103,523,559,571,574
104,110,119,134,383
104,110,119,224,350
104,110,119,224,383
104,110,119,350,575
104,110,119,422,455
104,110,119,422,512
104,110,119,512,575
104,110,134,368,383
104,110,224,368,383
104,110,350,560,575
104,110,422,440,455
104,110,512,560,575
104,119,134,143,383
104,119,224,350,359
104,119,350,359,575
104,119,422,431,455
104,119,422,431,512
104,128,134,143,383
104,128,134,368,383
104,224,344,350,359
104,344,350,359,575
104,344,350,560,575
104,416,422,431,455
104,416,422,431,512
104,416,422,440,455
105,110,111,134,375
105,110,111,225,350
105,110,111,225,375
105,110,111,350,567
105,110,111,422,447
105,110,111,422,513
105,110,111,513,567
105,110,134,369,375
105,110,225,369,375
105,110,350,561,567
105,110,422,441,447
105,110,513,561,567
105,111,134,135,375
105,111,225,350,351
105,111,350,351,567
105,111,422,423,447
105,111,422,423,513
105,129,134,135,375
105,129,134,369,375
105,225,345,350,351
105,345,350,351,567
105,345,350,561,567
105,417,422,423,447
105,417,422,423,513
105,417,422,441,447
106,111,112,135,375
106,111,112,226,351
106,111,112,226,375
106,111,112,351,567
106,111,112,423,447
106,111,112,423,514
106,111,112,514,567
106,111,125,135,375
106,111,226,341,351
106,111,341,351,567
106,111,413,423,447
106,111,413,423,514
106,112,125,130,370
106,112,130,135,375
106,112,130,370,375
106,112,226,341,346
106,112,226,346,351
106,112,226,370,375
106,112,341,346,562
106,112,346,351,567
106,112,346,562,567
106,112,413,418,442
106,112,413,418,514
106,112,418,423,447
106,112,418,423,514
106,112,418,442,447
106,112,514,562,567
106,125,130,135,375
106,125,130,370,375
106,226,341,346,351
106,341,346,351,567
106,341,346,562,567
106,413,418,423,447
106,413,418,423,514
106,413,418,442,447
107,112,113,137,371
107,112,113,227,353
107,112,113,227,371
107,112,113,353,563
107,112,113,425,443
107,112,113,425,515
107,112,113,515,563
107,112,126,131,366
107,112,131,137,371
107,112,131,366,371
107,112,227,342,347
107,112,227,347,353
107,112,227,366,371
107,112,342,347,558
107,112,347,353,563
107,112,347,558,563
107,112,414,419,438
107,112,414,419,515
107,112,419,425,443
107,112,419,425,515
107,112,419,438,443
107,112,515,558,563
107,113,137,366,371
107,113,227,366,371
107,113,353,558,563
107,113,425,438,443
107,113,515,558,563
107,126,131,137,366
107,131,137,366,371
107,227,342,347,353
107,342,347,353,558
107,347,353,558,563
107,414,419,425,438
107,414,419,425,515
107,419,425,438,443
108,113,114,137,378
108,113,114,228,353
108,113,114,228,378
108,113,114,353,570
108,113,114,425,450
108,113,114,425,516
108,113,114,516,570
108,113,137,372,378
108,113,228,372,378
108,113,353,564,570
108,113,425,444,450
108,113,516,564,570
108,114,137,138,378
108,114,228,353,354
108,114,353,354,570
108,114,425,426,450
108,114,425,426,516
108,132,137,138,378
108,132,137,372,378
108,228,348,353,354
108,348,353,354,570
108,348,353,564,570
108,420,425,426,450
108,420,425,426,516
108,420,425,444,450
109,114,118,142,378
109,114,118,229,358
109,114,118,229,378
109,114,118,358,570
109,114,118,430,450
109,114,118,430,517
109,114,118,517,570
109,114,138,142,378
109,114,229,354,358
109,114,354,358,570
109,114,426,430,450
109,114,426,430,517
109,118,142,373,378
109,118,229,373,378
109,118,358,565,570
109,118,430,445,450
109,118,517,565,570
109,133,138,142,378
109,133,142,373,378
109,229,349,354,358
109,349,354,358,570
109,349,358,565,570
109,421,426,430,450
109,421,426,430,517
109,421,430,445,450
110,111,225,230,350
110,111,225,230,375
110,111,422,513,518
110,111,513,518,567
110,119,224,230,350
110,119,224,230,383
110,119,422,512,518
110,119,512,518,575
110,134,363,366,374
110,134,368,374,383
110,134,369,374,375
110,219,230,366,374
110,219,363,366,374
110,224,230,374,383
110,224,368,374,383
110,225,230,374,375
110,225,369,374,375
110,350,555,558,566
110,350,560,566,575
110,350,561,566,567
110,422,435,438,446
110,422,440,446,455
110,422,441,446,447
110,507,518,558,566
110,507,555,558,566
110,512,518,566,575
110,512,560,566,575
110,513,518,566,567
110,513,561,566,567
111,112,118,142,375
111,112,118,238,358
111,112,118,238,375
111,112,118,358,567
111,112,118,430,447
111,112,118,430,526
111,112,118,526,567
111,112,135,142,375
111,112,226,231,351
111,112,226,231,375
111,112,231,238,358
111,112,231,238,375
111,112,231,351,358
111,112,351,358,567
111,112,423,430,447
111,112,423,430,519
111,112,423,514,519
111,112,430,519,526
111,112,514,519,567
111,112,519,526,567
111,115,118,142,375
111,115,118,235,358
111,115,118,235,375
111,115,118,358,567
111,115,118,430,447
111,115,118,430,523
111,115,118,523,567
111,115,135,142,375
111,115,235,351,358
111,115,351,358,567
111,115,423,430,447
111,115,423,430,523
111,118,235,238,358
111,118,235,238,375
111,118,430,523,526
111,118,523,526,567
111,221,226,231,341
111,221,226,231,375
111,225,230,231,350
111,225,230,231,375
111,225,231,350,351
111,226,231,341,351
111,231,235,238,358
111,231,235,238,375
111,231,235,351,358
111,413,423,514,519
111,413,509,514,519
111,422,423,513,519
111,422,513,518,519
111,423,430,519,523
111,430,519,523,526
111,509,514,519,567
111,513,518,519,567
111,519,523,526,567
112,113,119,137,383
112,113,119,233,353
112,113,119,233,383
112,113,119,353,575
112,113,119,425,455
112,113,119,425,521
112,113,119,521,575
112,113,137,371,377
112,113,137,377,383
112,113,227,233,353
112,113,227,233,377
112,113,227,371,377
112,113,233,377,383
112,113,353,563,569
112,113,353,569,575
112,113,425,443,449
112,113,425,449,455
112,113,425,515,521
112,113,515,521,569
112,113,515,563,569
112,113,521,569,575
112,116,118,142,380
112,116,118,236,358
112,116,118,236,380
112,116,118,358,572
112,116,118,430,452
112,116,118,430,524
112,116,118,524,572
112,116,119,143,383
112,116,119,236,359
112,116,119,236,383
112,116,119,359,575
112,116,119,431,455
112,116,119,431,524
112,116,119,524,575
112,116,140,142,380
112,116,140,143,383
112,116,140,380,383
112,116,236,356,358
112,116,236,356,359
112,116,236,380,383
112,116,356,358,572
112,116,356,359,575
112,116,356,572,575
112,116,428,430,452
112,116,428,430,524
112,116,428,431,455
112,116,428,431,524
112,116,428,452,455
112,116,524,572,575
112,118,142,375,382
112,118,142,380,382
112,118,236,238,358
112,118,236,238,382
112,118,236,380,382
112,118,238,375,382
112,118,358,567,574
112,118,358,572,574
112,118,430,447,454
112,118,430,452,454
112,118,430,524,526
112,118,524,526,574
112,118,524,572,574
112,118,526,567,574
112,119,137,143,383
112,119,233,239,353
112,119,233,239,383
112,119,236,239,359
112,119,236,239,383
112,119,239,353,359
112,119,353,359,575
112,119,425,431,455
112,119,425,431,527
112,119,425,521,527
112,119,431,524,527
112,119,521,527,575
112,119,524,527,575
112,125,126,136,366
112,125,130,136,376
112,125,130,370,376
112,125,136,366,376
112,125,365,366,376
112,125,365,370,376
112,126,131,136,366
112,130,135,136,375
112,130,136,375,376
112,130,370,375,376
112,131,136,137,376
112,131,136,366,376
112,131,137,371,376
112,131,366,371,376
112,135,136,142,375
112,136,137,143,383
112,136,137,376,383
112,136,140,142,376
112,136,140,143,383
112,136,140,376,383
112,136,142,375,376
112,137,371,376,377
112,137,376,377,383
112,140,142,376,380
112,140,376,380,383
112,142,375,376,382
112,142,376,380,382
112,221,222,232,341
112,221,222,232,366
112,221,226,232,341
112,221,226,232,365
112,221,232,365,366
112,222,227,232,352
112,222,227,232,366
112,222,227,342,352
112,222,232,341,352
112,222,341,342,352
112,226,231,232,352
112,226,231,232,375
112,226,231,351,352
112,226,232,341,352
112,226,232,365,376
112,226,232,375,376
112,226,341,346,352
112,226,346,351,352
112,226,365,370,376
112,226,370,375,376
112,227,232,233,353
112,227,232,233,377
112,227,232,352,353
112,227,232,366,376
112,227,232,376,377
112,227,342,347,352
112,227,347,352,353
112,227,366,371,376
112,227,371,376,377
112,231,232,238,358
112,231,232,238,375
112,231,232,352,358
112,231,351,352,358
112,232,233,239,353
112,232,233,239,383
112,232,233,377,383
112,232,236,238,358
112,232,236,238,382
112,232,236,239,352
112,232,236,239,383
112,232,236,352,358
112,232,236,376,382
112,232,236,376,383
112,232,238,375,382
112,232,239,352,353
112,232,365,366,376
112,232,375,376,382
112,232,376,377,383
112,236,239,352,359
112,236,352,356,358
112,236,352,356,359
112,236,376,380,382
112,236,376,380,383
112,239,352,353,359
112,341,342,352,558
112,341,346,352,568
112,341,346,562,568
112,341,352,558,568
112,341,557,558,568
112,341,557,562,568
112,342,347,352,558
112,346,351,352,567
112,346,352,567,568
112,346,562,567,568
112,347,352,353,568
112,347,352,558,568
112,347,353,563,568
112,347,558,563,568
112,351,352,358,567
112,352,353,359,575
112,352,353,568,575
112,352,356,358,568
112,352,356,359,575
112,352,356,568,575
112,352,358,567,568
112,353,563,568,569
112,353,568,569,575
112,356,358,568,572
112,356,568,572,575
112,358,567,568,574
112,358,568,572,574
112,413,414,424,438
112,413,414,424,510
112,413,418,424,448
112,413,418,424,514
112,413,418,442,448
112,413,424,438,448
112,413,424,510,520
112,413,424,514,520
112,413,437,438,448
112,413,437,442,448
112,413,509,510,520
112,413,509,514,520
112,414,419,424,438
112,414,419,424,515
112,414,424,510,515
112,418,423,424,447
112,418,423,424,514
112,418,424,447,448
112,418,442,447,448
112,419,424,425,448
112,419,424,425,515
112,419,424,438,448
112,419,425,443,448
112,419,438,443,448
112,423,424,430,447
112,423,424,430,519
112,423,424,514,519
112,424,425,431,455
112,424,425,431,527
112,424,425,448,455
112,424,425,515,520
112,424,425,520,527
112,424,428,430,448
112,424,428,430,524
112,424,428,431,455
112,424,428,431,524
112,424,428,448,455
112,424,430,447,448
112,424,430,519,520
112,424,430,520,524
112,424,431,524,527
112,424,510,515,520
112,424,514,519,520
112,424,520,524,527
112,425,443,448,449
112,425,448,449,455
112,425,515,520,521
112,425,520,521,527
112,428,430,448,452
112,428,448,452,455
112,430,447,448,454
112,430,448,452,454
112,430,519,520,526
112,430,520,524,526
112,509,510,520,558
112,509,514,520,557
112,509,520,557,558
112,510,515,520,558
112,514,519,520,567
112,514,520,557,568
112,514,520,567,568
112,514,557,562,568
112,514,562,567,568
112,515,520,521,569
112,515,520,558,568
112,515,520,568,569
112,515,558,563,568
112,515,563,568,569
112,519,520,526,567
112,520,521,527,575
112,520,521,569,575
112,520,524,526,574
112,520,524,527,575
112,520,524,568,574
112,520,524,568,575
112,520,526,567,574
112,520,557,558,568
112,520,567,568,574
112,520,568,569,575
112,524,568,572,574
112,524,568,572,575
113,114,228,233,353
113,114,228,233,378
113,114,425,516,521
113,114,516,521,570
113,117,119,137,383
113,117,119,237,353
113,117,119,237,383
113,117,119,353,575
113,117,119,425,455
113,117,119,425,525
113,117,119,525,575
113,117,137,381,383
113,117,237,381,383
113,117,353,573,575
113,117,425,453,455
113,117,525,573,575
113,119,233,237,353
113,119,233,237,383
113,119,425,521,525
113,119,521,525,575
113,137,366,371,377
113,137,372,377,378
113,137,377,381,383
113,227,233,366,377
113,227,366,371,377
113,228,233,377,378
113,228,372,377,378
113,233,237,377,383
113,237,377,381,383
113,353,558,563,569
113,353,564,569,570
113,353,569,573,575
113,425,438,443,449
113,425,444,449,450
113,425,449,453,455
113,515,521,558,569
113,515,558,563,569
113,516,521,569,570
113,516,564,569,570
113,521,525,569,575
113,525,569,573,575
114,118,229,238,358
114,118,229,238,378
114,118,430,517,526
114,118,517,526,570
114,217,221,234,341
114,217,221,234,378
114,217,234,341,354
114,228,233,234,353
114,228,233,234,378
114,228,234,353,354
114,229,234,238,358
114,229,234,238,378
114,229,234,354,358
114,413,426,505,522
114,413,505,509,522
114,425,426,516,522
114,425,516,521,522
114,426,430,517,522
114,430,517,522,526
114,505,509,522,570
114,516,521,522,570
114,517,522,526,570
115,118,142,375,379
115,118,235,375,379
115,118,358,567,571
115,118,430,447,451
115,118,523,567,571
115,135,139,142,375
115,139,142,375,379
115,235,351,355,358
115,351,355,358,567
115,355,358,567,571
115,423,427,430,447
115,423,427,430,523
115,427,430,447,451
116,118,119,142,383
116,118,119,236,358
116,118,119,236,383
116,118,119,358,575
116,118,119,430,455
116,118,119,430,524
116,118,119,524,575
116,118,142,380,383
116,118,236,380,383
116,118,358,572,575
116,118,430,452,455
116,118,524,572,575
116,119,142,143,383
116,119,236,358,359
116,119,358,359,575
116,119,430,431,455
116,119,430,431,524
116,140,142,143,383
116,140,142,380,383
116,236,356,358,359
116,356,358,359,575
116,356,358,572,575
116,428,430,431,455
116,428,430,431,524
116,428,430,452,455
117,119,137,143,383
117,119,237,353,359
117,119,353,359,575
117,119,425,431,455
117,119,425,431,525
117,137,141,143,383
117,137,141,381,383
117,237,353,357,359
117,353,357,359,575
117,353,357,573,575
117,425,429,431,455
117,425,429,431,525
117,425,429,453,455
118,119,236,238,358
118,119,236,238,383
118,119,430,524,526
118,119,524,526,575
118,142,373,378,382
118,142,375,379,382
118,142,380,382,383
118,229,238,378,382
118,229,373,378,382
118,235,238,375,382
118,235,375,379,382
118,236,238,382,383
118,236,380,382,383
118,358,565,570,574
118,358,567,571,574
118,358,572,574,575
118,430,445,450,454
118,430,447,451,454
118,430,452,454,455
118,517,526,570,574
118,517,565,570,574
118,523,526,567,574
118,523,567,571,574
118,524,526,574,575
118,524,572,574,575
119,224,230,239,350
119,224,230,239,383
119,224,239,350,359
119,233,237,239,353
119,233,237,239,383
119,236,238,239,358
119,236,238,239,383
119,236,239,358,359
119,237,239,353,359
119,422,431,512,527
119,422,512,518,527
119,425,431,525,527
119,425,521,525,527
119,430,431,524,527
119,430,524,526,527
119,512,518,527,575
119,521,525,527,575
119,524,526,527,575
120,122,125,144,384
120,122,125,242,360
120,122,125,242,384
120,122,126,150,384
120,122,126,242,366
120,122,126,242,384
120,122,144,150,384
120,122,242,360,366
120,125,138,162,384
120,125,138,258,378
120,125,138,258,384
120,125,144,162,384
120,125,240,242,360
120,125,240,242,384
120,125,240,258,378
120,125,240,258,384
120,125,240,360,378
120,126,134,150,384
120,126,134,246,366
120,126,134,246,384
120,126,242,246,366
120,126,242,246,384
120,128,134,144,384
120,128,134,248,360
120,128,134,248,384
120,128,143,167,384
120,128,143,248,383
120,128,143,248,384
120,128,144,167,384
120,128,248,360,383
120,133,138,162,384
120,133,138,253,378
120,133,138,253,384
120,133,142,144,384
120,133,142,253,360
120,133,142,253,384
120,133,144,162,384
120,133,253,360,378
120,134,144,150,384
120,134,240,246,366
120,134,240,246,384
120,134,240,248,360
120,134,240,248,384
120,134,240,360,366
120,138,253,258,378
120,138,253,258,384
120,142,143,167,384
120,142,143,263,383
120,142,143,263,384
120,142,144,167,384
120,142,240,253,360
120,142,240,253,384
120,142,240,263,383
120,142,240,263,384
120,142,240,360,383
120,143,248,263,383
120,143,248,263,384
120,240,242,246,366
120,240,242,246,384
120,240,242,360,366
120,240,248,263,383
120,240,248,263,384
120,240,248,360,383
120,240,253,258,378
120,240,253,258,384
120,240,253,360,378
121,124,125,148,388
121,124,125,241,364
121,124,125,241,388
121,124,138,162,388
121,124,138,241,378
121,124,138,241,388
121,124,148,162,388
121,124,241,364,378
121,125,138,162,385
121,125,138,241,378
121,125,138,241,385
121,125,145,148,388
121,125,145,162,385
121,125,145,385,388
121,125,241,361,364
121,125,241,361,378
121,125,241,385,388
121,138,162,385,388
121,138,241,385,388
121,145,148,162,388
121,145,162,385,388
121,241,361,364,378
122,125,126,150,386
122,125,126,242,366
122,125,126,242,386
122,125,144,146,384
122,125,146,150,386
122,125,146,384,386
122,125,242,360,362
122,125,242,362,366
122,125,242,384,386
122,126,150,384,386
122,126,242,384,386
122,144,146,150,384
122,146,150,384,386
122,242,360,362,366
123,126,127,150,391
123,126,127,243,366
123,126,127,243,391
123,126,134,150,387
123,126,134,243,366
123,126,134,243,387
123,126,150,387,391
123,126,243,387,391
123,127,134,151,391
123,127,134,243,367
123,127,134,243,391
123,127,150,151,391
123,127,243,366,367
123,134,147,150,387
123,134,147,151,391
123,134,147,387,391
123,134,243,363,366
123,134,243,363,367
123,134,243,387,391
123,147,150,151,391
123,147,150,387,391
123,243,363,366,367
124,125,135,159,388
124,125,135,255,375
124,125,135,255,388
124,125,148,159,388
124,125,241,244,364
124,125,241,244,388
124,125,244,255,375
124,125,244,255,388
124,125,244,364,375
124,129,134,148,388
124,129,134,249,364
124,129,134,249,388
124,129,135,159,388
124,129,135,249,375
124,129,135,249,388
124,129,148,159,388
124,129,249,364,375
124,134,143,167,388
124,134,143,263,383
124,134,143,263,388
124,134,148,167,388
124,134,244,249,364
124,134,244,249,388
124,134,244,263,383
124,134,244,263,388
124,134,244,364,383
124,135,249,255,375
124,135,249,255,388
124,137,138,162,388
124,137,138,258,378
124,137,138,258,388
124,137,141,148,388
124,137,141,261,364
124,137,141,261,388
124,137,148,162,388
124,137,244,258,378
124,137,244,258,388
124,137,244,261,364
124,137,244,261,388
124,137,244,364,378
124,138,241,258,378
124,138,241,258,388
124,141,143,167,388
124,141,143,261,383
124,141,143,261,388
124,141,148,167,388
124,141,261,364,383
124,143,261,263,383
124,143,261,263,388
124,241,244,258,378
124,241,244,258,388
124,241,244,364,378
124,244,249,255,375
124,244,249,255,388
124,244,249,364,375
124,244,261,263,383
124,244,261,263,388
124,244,261,364,383
125,126,136,150,400
125,126,136,246,366
125,126,136,246,400
125,126,150,386,390
125,126,150,390,400
125,126,242,246,366
125,126,242,246,390
125,126,242,386,390
125,126,246,390,400
125,130,135,159,394
125,130,135,250,375
125,130,135,250,394
125,130,136,160,400
125,130,136,250,376
125,130,136,250,400
125,130,154,159,394
125,130,154,160,400
125,130,154,394,400
125,130,250,370,375
125,130,250,370,376
125,130,250,394,400
125,135,159,388,399
125,135,159,394,399
125,135,250,255,375
125,135,250,255,399
125,135,250,394,399
125,135,255,388,399
125,136,150,160,400
125,136,246,256,366
125,136,246,256,400
125,136,250,256,376
125,136,250,256,400
125,136,256,366,376
125,138,162,384,402
125,138,162,385,402
125,138,241,258,378
125,138,241,258,402
125,138,241,385,402
125,138,258,384,402
125,144,146,149,384
125,144,149,162,384
125,145,148,149,388
125,145,149,162,389
125,145,149,388,389
125,145,162,385,389
125,145,385,388,389
125,146,149,150,389
125,146,149,384,389
125,146,150,386,389
125,146,384,386,389
125,148,149,159,388
125,149,150,160,400
125,149,150,389,400
125,149,154,159,389
125,149,154,160,400
125,149,154,389,400
125,149,159,388,389
125,149,162,384,389
125,150,386,389,390
125,150,389,390,400
125,154,159,389,394
125,154,389,394,400
125,159,388,389,399
125,159,389,394,399
125,162,384,389,402
125,162,385,389,402
125,240,242,245,365
125,240,242,245,384
125,240,242,360,365
125,240,245,258,378
125,240,245,258,384
125,240,245,365,378
125,240,360,365,378
125,241,244,245,365
125,241,244,245,388
125,241,244,364,365
125,241,245,258,378
125,241,245,258,402
125,241,245,365,378
125,241,245,388,389
125,241,245,389,402
125,241,361,364,365
125,241,361,365,378
125,241,385,388,389
125,241,385,389,402
125,242,245,246,366
125,242,245,246,390
125,242,245,365,366
125,242,245,384,389
125,242,245,389,390
125,242,360,362,365
125,242,362,365,366
125,242,384,386,389
125,242,386,389,390
125,244,245,255,375
125,244,245,255,388
125,244,245,365,375
125,244,364,365,375
125,245,246,256,366
125,245,246,256,400
125,245,246,390,400
125,245,250,255,375
125,245,250,255,399
125,245,250,256,365
125,245,250,256,400
125,245,250,365,375
125,245,250,389,399
125,245,250,389,400
125,245,255,388,399
125,245,256,365,366
125,245,258,384,402
125,245,384,389,402
125,245,388,389,399
125,245,389,390,400
125,250,256,365,376
125,250,365,370,375
125,250,365,370,376
125,250,389,394,399
125,250,389,394,400
125,256,365,366,376
126,127,137,150,391
126,127,137,246,366
126,127,137,246,391
126,127,243,246,366
126,127,243,246,391
126,131,136,150,400
126,131,136,251,366
126,131,136,251,400
126,131,137,150,395
126,131,137,251,366
126,131,137,251,395
126,131,150,395,400
126,131,251,395,400
126,134,150,384,390
126,134,150,387,390
126,134,243,246,366
126,134,243,246,390
126,134,243,387,390
126,134,246,384,390
126,136,246,251,366
126,136,246,251,400
126,137,150,390,391
126,137,150,390,395
126,137,246,251,366
126,137,246,251,390
126,137,246,390,391
126,137,251,390,395
126,150,384,386,390
126,150,387,390,391
126,150,390,395,400
126,242,246,384,390
126,242,384,386,390
126,243,246,390,391
126,243,387,390,391
126,246,251,390,400
126,251,390,395,400
127,132,137,151,391
127,132,137,252,367
127,132,137,252,391
127,132,138,162,391
127,132,138,252,378
127,132,138,252,391
127,132,151,162,391
127,132,252,367,378
127,134,135,159,391
127,134,135,255,375
127,134,135,255,391
127,134,151,159,391
127,134,243,247,367
127,134,243,247,391
127,134,247,255,375
127,134,247,255,391
127,134,247,367,375
127,135,139,159,391
127,135,139,259,375
127,135,139,259,391
127,135,255,259,375
127,135,255,259,391
127,137,150,151,391
127,137,246,247,366
127,137,246,247,391
127,137,247,252,367
127,137,247,252,391
127,137,247,366,367
127,138,142,162,391
127,138,142,258,378
127,138,142,258,391
127,138,252,258,378
127,138,252,258,391
127,139,142,151,391
127,139,142,259,367
127,139,142,259,391
127,139,151,159,391
127,139,259,367,375
127,142,151,162,391
127,142,247,258,378
127,142,247,258,391
127,142,247,259,367
127,142,247,259,391
127,142,247,367,378
127,243,246,247,366
127,243,246,247,391
127,243,247,366,367
127,247,252,258,378
127,247,252,258,391
127,247,252,367,378
127,247,255,259,375
127,247,255,259,391
127,247,259,367,375
128,134,143,167,392
128,134,143,248,383
128,134,143,248,392
128,134,144,152,384
128,134,152,167,392
128,134,152,384,392
128,134,248,360,368
128,134,248,368,383
128,134,248,384,392
128,143,167,384,392
128,143,248,384,392
128,144,152,167,384
128,152,167,384,392
128,248,360,368,383
129,134,135,159,393
129,134,135,249,375
129,134,135,249,393
129,134,148,153,388
129,134,153,159,393
129,134,153,388,393
129,134,249,364,369
129,134,249,369,375
129,134,249,388,393
129,135,159,388,393
129,135,249,388,393
129,148,153,159,388
129,153,159,388,393
129,249,364,369,375
130,135,136,159,400
130,135,136,250,375
130,135,136,250,400
130,135,159,394,400
130,135,250,394,400
130,136,159,160,400
130,136,250,375,376
130,154,159,160,400
130,154,159,394,400
130,250,370,375,376
131,136,137,160,400
131,136,137,251,376
131,136,137,251,400
131,136,150,160,400
131,136,251,366,376
131,137,150,155,395
131,137,155,160,400
131,137,155,395,400
131,137,251,366,371
131,137,251,371,376
131,137,251,395,400
131,150,155,160,400
131,150,155,395,400
131,251,366,371,376
132,137,138,162,396
132,137,138,252,378
132,137,138,252,396
132,137,151,156,391
132,137,156,162,396
132,137,156,391,396
132,137,252,367,372
132,137,252,372,378
132,137,252,391,396
132,138,162,391,396
132,138,252,391,396
132,151,156,162,391
132,156,162,391,396
132,252,367,372,378
133,138,142,162,397
133,138,142,253,378
133,138,142,253,397
133,138,162,384,397
133,138,253,384,397
133,142,144,157,384
133,142,157,162,397
133,142,157,384,397
133,142,253,360,373
133,142,253,373,378
133,142,253,384,397
133,144,157,162,384
133,157,162,384,397
133,253,360,373,378
134,135,159,391,399
134,135,159,393,399
134,135,249,255,375
134,135,249,255,399
134,135,249,393,399
134,135,255,391,399
134,143,167,388,407
134,143,167,392,407
134,143,248,263,383
134,143,248,263,407
134,143,248,392,407
134,143,263,388,407
134,144,150,158,384
134,144,152,158,384
134,147,150,158,398
134,147,150,387,398
134,147,151,158,391
134,147,158,391,398
134,147,387,391,398
134,148,153,158,388
134,148,158,167,388
134,150,158,384,398
134,150,384,390,398
134,150,387,390,398
134,151,158,159,391
134,152,158,167,398
134,152,158,384,398
134,152,167,392,398
134,152,384,392,398
134,153,158,159,398
134,153,158,388,398
134,153,159,393,398
134,153,388,393,398
134,158,159,391,398
134,158,167,388,398
134,159,391,398,399
134,159,393,398,399
134,167,388,398,407
134,167,392,398,407
134,240,246,254,366
134,240,246,254,384
134,240,248,254,374
134,240,248,254,384
134,240,248,360,374
134,240,254,366,374
134,240,360,366,374
134,243,246,254,366
134,243,246,254,390
134,243,247,254,374
134,243,247,254,391
134,243,247,367,374
134,243,254,366,374
134,243,254,390,398
134,243,254,391,398
134,243,363,366,374
134,243,363,367,374
134,243,387,390,398
134,243,387,391,398
134,244,249,254,374
134,244,249,254,388
134,244,249,364,374
134,244,254,263,383
134,244,254,263,388
134,244,254,374,383
134,244,364,374,383
134,246,254,384,390
134,247,254,255,375
134,247,254,255,391
134,247,254,374,375
134,247,367,374,375
134,248,254,263,383
134,248,254,263,407
134,248,254,374,383
134,248,254,384,398
134,248,254,398,407
134,248,360,368,374
134,248,368,374,383
134,248,384,392,398
134,248,392,398,407
134,249,254,255,375
134,249,254,255,399
134,249,254,374,375
134,249,254,388,398
134,249,254,398,399
134,249,364,369,374
134,249,369,374,375
134,249,388,393,398
134,249,393,398,399
134,254,255,391,399
134,254,263,388,407
134,254,384,390,398
134,254,388,398,407
134,254,391,398,399
135,136,142,159,400
135,136,142,255,375
135,136,142,255,400
135,136,250,255,375
135,136,250,255,400
135,139,142,159,403
135,139,142,259,375
135,139,142,259,403
135,139,159,391,403
135,139,259,391,403
135,142,159,399,400
135,142,159,399,403
135,142,255,259,375
135,142,255,259,399
135,142,255,399,400
135,142,259,399,403
135,159,388,393,399
135,159,391,399,403
135,159,394,399,400
135,249,255,388,399
135,249,388,393,399
135,250,255,399,400
135,250,394,399,400
135,255,259,391,399
135,259,391,399,403
136,137,143,167,400
136,137,143,263,383
136,137,143,263,400
136,137,160,167,400
136,137,251,256,376
136,137,251,256,400
136,137,256,263,383
136,137,256,263,400
136,137,256,376,383
136,140,142,160,400
136,140,142,260,376
136,140,142,260,400
136,140,143,167,400
136,140,143,260,383
136,140,143,260,400
136,140,160,167,400
136,140,260,376,383
136,142,159,160,400
136,142,255,256,375
136,142,255,256,400
136,142,256,260,376
136,142,256,260,400
136,142,256,375,376
136,143,260,263,383
136,143,260,263,400
136,246,251,256,366
136,246,251,256,400
136,250,255,256,375
136,250,255,256,400
136,250,256,375,376
136,251,256,366,376
136,256,260,263,383
136,256,260,263,400
136,256,260,376,383
137,138,162,388,402
137,138,162,396,402
137,138,252,258,378
137,138,252,258,402
137,138,252,396,402
137,138,258,388,402
137,141,143,167,405
137,141,143,261,383
137,141,143,261,405
137,141,148,165,388
137,141,165,167,405
137,141,165,388,405
137,141,261,364,381
137,141,261,381,383
137,141,261,388,405
137,143,167,400,407
137,143,167,405,407
137,143,261,263,383
137,143,261,263,407
137,143,261,405,407
137,143,263,400,407
137,148,161,162,388
137,148,161,165,388
137,150,151,161,391
137,150,155,161,401
137,150,155,395,401
137,150,161,391,401
137,150,390,391,401
137,150,390,395,401
137,151,156,161,391
137,155,160,161,400
137,155,161,400,401
137,155,395,400,401
137,156,161,162,401
137,156,161,391,401
137,156,162,396,401
137,156,391,396,401
137,160,161,167,400
137,161,162,388,401
137,161,165,167,401
137,161,165,388,401
137,161,167,400,401
137,162,388,401,402
137,162,396,401,402
137,165,167,401,405
137,165,388,401,405
137,167,400,401,407
137,167,401,405,407
137,244,257,258,378
137,244,257,258,388
137,244,257,261,377
137,244,257,261,388
137,244,257,377,378
137,244,261,364,377
137,244,364,377,378
137,246,247,257,366
137,246,247,257,391
137,246,251,257,366
137,246,251,257,390
137,246,257,390,391
137,247,252,257,377
137,247,252,257,391
137,247,252,367,377
137,247,257,366,377
137,247,366,367,377
137,251,256,257,377
137,251,256,257,400
137,251,256,376,377
137,251,257,366,377
137,251,257,390,401
137,251,257,400,401
137,251,366,371,377
137,251,371,376,377
137,251,390,395,401
137,251,395,400,401
137,252,257,258,378
137,252,257,258,402
137,252,257,377,378
137,252,257,391,401
137,252,257,401,402
137,252,367,372,377
137,252,372,377,378
137,252,391,396,401
137,252,396,401,402
137,256,257,263,383
137,256,257,263,400
137,256,257,377,383
137,256,376,377,383
137,257,258,388,402
137,257,261,263,383
137,257,261,263,407
137,257,261,377,383
137,257,261,388,401
137,257,261,401,407
137,257,263,400,407
137,257,388,401,402
137,257,390,391,401
137,257,400,401,407
137,261,364,377,381
137,261,377,381,383
137,261,388,401,405
137,261,401,405,407
138,142,162,391,402
138,142,162,397,402
138,142,253,258,378
138,142,253,258,402
138,142,253,397,402
138,142,258,391,402
138,162,384,397,402
138,162,385,388,402
138,162,391,396,402
138,241,258,388,402
138,241,385,388,402
138,252,258,391,402
138,252,391,396,402
138,253,258,384,402
138,253,384,397,402
139,142,151,163,391
139,142,159,163,403
139,142,163,391,403
139,142,259,367,379
139,142,259,375,379
139,142,259,391,403
139,151,159,163,391
139,159,163,391,403
139,259,367,375,379
140,142,143,167,404
140,142,143,260,383
140,142,143,260,404
140,142,160,164,400
140,142,164,167,404
140,142,164,400,404
140,142,260,376,380
140,142,260,380,383
140,142,260,400,404
140,143,167,400,404
140,143,260,400,404
140,160,164,167,400
140,164,167,400,404
140,260,376,380,383
141,143,167,388,405
141,143,261,388,405
141,148,165,167,388
141,165,167,388,405
141,261,364,381,383
142,143,167,384,407
142,143,167,404,407
142,143,260,263,383
142,143,260,263,407
142,143,260,404,407
142,143,263,384,407
142,144,157,166,384
142,144,166,167,384
142,151,162,166,391
142,151,163,166,391
142,157,162,166,406
142,157,162,397,406
142,157,166,384,406
142,157,384,397,406
142,159,160,166,400
142,159,163,166,406
142,159,163,403,406
142,159,166,400,406
142,159,399,400,406
142,159,399,403,406
142,160,164,166,400
142,162,166,391,406
142,162,391,402,406
142,162,397,402,406
142,163,166,391,406
142,163,391,403,406
142,164,166,167,406
142,164,166,400,406
142,164,167,404,406
142,164,400,404,406
142,166,167,384,406
142,167,384,406,407
142,167,404,406,407
142,240,253,262,382
142,240,253,262,384
142,240,253,360,382
142,240,262,263,383
142,240,262,263,384
142,240,262,382,383
142,240,360,382,383
142,247,258,262,378
142,247,258,262,391
142,247,259,262,382
142,247,259,262,391
142,247,259,367,382
142,247,262,378,382
142,247,367,378,382
142,253,258,262,378
142,253,258,262,402
142,253,262,378,382
142,253,262,384,406
142,253,262,402,406
142,253,360,373,382
142,253,373,378,382
142,253,384,397,406
142,253,397,402,406
142,255,256,262,375
142,255,256,262,400
142,255,259,262,375
142,255,259,262,399
142,255,262,399,400
142,256,260,262,382
142,256,260,262,400
142,256,260,376,382
142,256,262,375,382
142,256,375,376,382
142,258,262,391,402
142,259,262,375,382
142,259,262,391,406
142,259,262,399,406
142,259,367,379,382
142,259,375,379,382
142,259,391,403,406
142,259,399,403,406
142,260,262,263,383
142,260,262,263,407
142,260,262,382,383
142,260,262,400,406
142,260,262,406,407
142,260,376,380,382
142,260,380,382,383
142,260,400,404,406
142,260,404,406,407
142,262,263,384,407
142,262,384,406,407
142,262,391,402,406
142,262,399,400,406
143,167,384,392,407
143,167,388,405,407
143,167,400,404,407
143,248,263,384,407
143,248,384,392,407
143,260,263,400,407
143,260,400,404,407
143,261,263,388,407
143,261,388,405,407
144,146,149,168,413
144,146,149,266,384
144,146,149,266,413
144,146,150,168,410
144,146,150,266,384
144,146,150,266,410
144,146,168,410,413
144,146,266,410,413
144,149,162,168,413
144,149,162,264,384
144,149,162,264,413
144,149,264,266,384
144,149,264,266,413
144,150,158,168,422
144,150,158,264,384
144,150,158,264,422
144,150,168,408,410
144,150,168,408,422
144,150,264,266,384
144,150,264,266,408
144,150,264,408,422
144,150,266,408,410
144,152,158,168,422
144,152,158,272,384
144,152,158,272,422
144,152,167,168,416
144,152,167,272,384
144,152,167,272,416
144,152,168,416,422
144,152,272,416,422
144,157,162,168,421
144,157,162,277,384
144,157,162,277,421
144,157,166,168,430
144,157,166,277,384
144,157,166,277,430
144,157,168,421,430
144,157,277,421,430
144,158,264,272,384
144,158,264,272,422
144,162,168,408,413
144,162,168,408,421
144,162,264,277,384
144,162,264,277,408
144,162,264,408,413
144,162,277,408,421
144,166,167,168,430
144,166,167,264,384
144,166,167,264,430
144,166,264,277,384
144,166,264,277,430
144,167,168,408,416
144,167,168,408,430
144,167,264,272,384
144,167,264,272,408
144,167,264,408,430
144,167,272,408,416
144,168,408,410,413
144,168,408,416,422
144,168,408,421,430
144,264,266,408,413
144,264,272,408,422
144,264,277,408,430
144,266,408,410,413
144,272,408,416,422
144,277,408,421,430
145,148,149,172,413
145,148,149,265,388
145,148,149,265,413
145,148,162,172,409
145,148,162,265,388
145,148,162,265,409
145,148,172,409,413
145,148,265,409,413
145,149,162,173,413
145,149,162,265,389
145,149,162,265,413
145,149,172,173,413
145,149,265,388,389
145,162,169,172,409
145,162,169,173,413
145,162,169,409,413
145,162,265,385,388
145,162,265,385,389
145,162,265,409,413
145,169,172,173,413
145,169,172,409,413
145,265,385,388,389
146,149,150,173,413
146,149,150,266,389
146,149,150,266,413
146,149,168,173,413
146,149,266,384,389
146,150,168,170,410
146,150,170,173,413
146,150,170,410,413
146,150,266,384,386
146,150,266,386,389
146,150,266,410,413
146,168,170,173,413
146,168,170,410,413
146,266,384,386,389
147,150,151,175,411
147,150,151,267,391
147,150,151,267,411
147,150,158,182,422
147,150,158,267,398
147,150,158,267,422
147,150,171,175,411
147,150,171,182,422
147,150,171,411,422
147,150,267,387,391
147,150,267,387,398
147,150,267,411,422
147,151,158,175,422
147,151,158,267,391
147,151,158,267,422
147,151,175,411,422
147,151,267,411,422
147,158,175,182,422
147,158,267,391,398
147,171,175,182,422
147,171,175,411,422
147,267,387,391,398
148,149,159,172,413
148,149,159,268,388
148,149,159,268,413
148,149,265,268,388
148,149,265,268,413
148,153,158,172,422
148,153,158,273,388
148,153,158,273,422
148,153,159,172,417
148,153,159,273,388
148,153,159,273,417
148,153,172,417,422
148,153,273,417,422
148,158,167,172,422
148,158,167,268,388
148,158,167,268,422
148,158,268,273,388
148,158,268,273,422
148,159,172,412,413
148,159,172,412,417
148,159,268,273,388
148,159,268,273,412
148,159,268,412,413
148,159,273,412,417
148,161,162,172,425
148,161,162,268,388
148,161,162,268,425
148,161,165,172,425
148,161,165,285,388
148,161,165,285,425
148,161,268,285,388
148,161,268,285,425
148,162,172,409,412
148,162,172,412,425
148,162,265,268,388
148,162,265,268,412
148,162,265,409,412
148,162,268,412,425
148,165,167,172,429
148,165,167,285,388
148,165,167,285,429
148,165,172,425,429
148,165,285,425,429
148,167,172,412,422
148,167,172,412,429
148,167,268,285,388
148,167,268,285,412
148,167,268,412,422
148,167,285,412,429
148,172,409,412,413
148,172,412,417,422
148,172,412,425,429
148,265,268,412,413
148,265,409,412,413
148,268,273,412,422
148,268,285,412,425
148,273,412,417,422
148,285,412,425,429
149,150,160,184,413
149,150,160,280,400
149,150,160,280,413
149,150,173,184,413
149,150,266,269,389
149,150,266,269,413
149,150,269,280,400
149,150,269,280,413
149,150,269,389,400
149,154,159,173,413
149,154,159,274,389
149,154,159,274,413
149,154,160,184,413
149,154,160,274,400
149,154,160,274,413
149,154,173,184,413
149,154,274,389,400
149,159,172,173,413
149,159,268,269,388
149,159,268,269,413
149,159,269,274,389
149,159,269,274,413
149,159,269,388,389
149,160,274,280,400
149,160,274,280,413
149,162,168,173,413
149,162,264,269,384
149,162,264,269,413
149,162,265,269,389
149,162,265,269,413
149,162,269,384,389
149,264,266,269,384
149,264,266,269,413
149,265,268,269,388
149,265,268,269,413
149,265,269,388,389
149,266,269,384,389
149,269,274,280,400
149,269,274,280,413
149,269,274,389,400
150,151,161,175,425
150,151,161,271,391
150,151,161,271,425
150,151,175,411,415
150,151,175,415,425
150,151,267,271,391
150,151,267,271,415
150,151,267,411,415
150,151,271,415,425
150,155,160,184,419
150,155,160,275,400
150,155,160,275,419
150,155,161,185,425
150,155,161,275,401
150,155,161,275,425
150,155,179,184,419
150,155,179,185,425
150,155,179,419,425
150,155,275,395,400
150,155,275,395,401
150,155,275,419,425
150,158,168,182,422
150,158,264,278,384
150,158,264,278,422
150,158,267,278,398
150,158,267,278,422
150,158,278,384,398
150,160,184,413,424
150,160,184,419,424
150,160,275,280,400
150,160,275,280,424
150,160,275,419,424
150,160,280,413,424
150,161,175,185,425
150,161,271,281,391
150,161,271,281,425
150,161,275,281,401
150,161,275,281,425
150,161,281,391,401
150,168,170,174,414
150,168,170,410,414
150,168,174,182,422
150,168,174,414,422
150,168,408,410,414
150,168,408,414,422
150,170,173,174,413
150,170,174,413,414
150,170,410,413,414
150,171,174,175,414
150,171,174,182,422
150,171,174,414,422
150,171,175,411,414
150,171,411,414,422
150,173,174,184,413
150,174,175,185,425
150,174,175,414,425
150,174,179,184,414
150,174,179,185,425
150,174,179,414,425
150,174,184,413,414
150,175,411,414,415
150,175,414,415,425
150,179,184,414,419
150,179,414,419,425
150,184,413,414,424
150,184,414,419,424
150,264,266,270,384
150,264,266,270,408
150,264,270,278,384
150,264,270,278,422
150,264,270,408,422
150,266,269,270,390
150,266,269,270,413
150,266,269,389,390
150,266,270,384,390
150,266,270,408,414
150,266,270,413,414
150,266,384,386,390
150,266,386,389,390
150,266,408,410,414
150,266,410,413,414
150,267,270,271,391
150,267,270,271,415
150,267,270,278,390
150,267,270,278,422
150,267,270,390,391
150,267,270,414,415
150,267,270,414,422
150,267,278,390,398
150,267,387,390,391
150,267,387,390,398
150,267,411,414,415
150,267,411,414,422
150,269,270,280,400
150,269,270,280,413
150,269,270,390,400
150,269,389,390,400
150,270,271,281,391
150,270,271,281,425
150,270,271,415,425
150,270,275,280,400
150,270,275,280,424
150,270,275,281,390
150,270,275,281,425
150,270,275,390,400
150,270,275,414,424
150,270,275,414,425
150,270,278,384,390
150,270,280,413,424
150,270,281,390,391
150,270,408,414,422
150,270,413,414,424
150,270,414,415,425
150,275,281,390,401
150,275,390,395,400
150,275,390,395,401
150,275,414,419,424
150,275,414,419,425
150,278,384,390,398
150,281,390,391,401
151,156,161,175,425
151,156,161,276,391
151,156,161,276,425
151,156,162,175,420
151,156,162,276,391
151,156,162,276,420
151,156,175,420,425
151,156,276,420,425
151,158,159,175,422
151,158,159,271,391
151,158,159,271,422
151,158,267,271,391
151,158,267,271,422
151,159,163,175,427
151,159,163,283,391
151,159,163,283,427
151,159,175,415,422
151,159,175,415,427
151,159,271,283,391
151,159,271,283,415
151,159,271,415,422
151,159,283,415,427
151,161,271,276,391
151,161,271,276,425
151,162,166,175,430
151,162,166,271,391
151,162,166,271,430
151,162,175,415,420
151,162,175,415,430
151,162,271,276,391
151,162,271,276,415
151,162,271,415,430
151,162,276,415,420
151,163,166,175,430
151,163,166,283,391
151,163,166,283,430
151,163,175,427,430
151,163,283,427,430
151,166,271,283,391
151,166,271,283,430
151,175,411,415,422
151,175,415,420,425
151,175,415,427,430
151,267,271,415,422
151,267,411,415,422
151,271,276,415,425
151,271,283,415,430
151,276,415,420,425
151,283,415,427,430
152,158,167,182,422
152,158,167,272,398
152,158,167,272,422
152,158,168,182,422
152,158,272,384,398
152,167,168,176,416
152,167,176,182,422
152,167,176,416,422
152,167,272,384,392
152,167,272,392,398
152,167,272,416,422
152,168,176,182,422
152,168,176,416,422
152,272,384,392,398
153,158,159,182,422
153,158,159,273,398
153,158,159,273,422
153,158,172,182,422
153,158,273,388,398
153,159,172,177,417
153,159,177,182,422
153,159,177,417,422
153,159,273,388,393
153,159,273,393,398
153,159,273,417,422
153,172,177,182,422
153,172,177,417,422
153,273,388,393,398
154,159,160,184,418
154,159,160,274,400
154,159,160,274,418
154,159,173,178,413
154,159,178,184,418
154,159,178,413,418
154,159,274,389,394
154,159,274,394,400
154,159,274,413,418
154,160,184,413,418
154,160,274,413,418
154,173,178,184,413
154,178,184,413,418
154,274,389,394,400
155,160,161,184,425
155,160,161,275,400
155,160,161,275,425
155,160,184,419,425
155,160,275,419,425
155,161,184,185,425
155,161,275,400,401
155,179,184,185,425
155,179,184,419,425
155,275,395,400,401
156,161,162,185,425
156,161,162,276,401
156,161,162,276,425
156,161,175,185,425
156,161,276,391,401
156,162,175,180,420
156,162,180,185,425
156,162,180,420,425
156,162,276,391,396
156,162,276,396,401
156,162,276,420,425
156,175,180,185,425
156,175,180,420,425
156,276,391,396,401
157,162,166,190,430
157,162,166,277,406
157,162,166,277,430
157,162,168,181,421
157,162,181,190,430
157,162,181,421,430
157,162,277,384,397
157,162,277,397,406
157,162,277,421,430
157,166,168,190,430
157,166,277,384,406
157,168,181,190,430
157,168,181,421,430
157,277,384,397,406
158,159,175,182,422
158,159,271,278,391
158,159,271,278,422
158,159,273,278,398
158,159,273,278,422
158,159,278,391,398
158,167,172,182,422
158,167,268,278,388
158,167,268,278,422
158,167,272,278,398
158,167,272,278,422
158,167,278,388,398
158,264,272,278,384
158,264,272,278,422
158,267,271,278,391
158,267,271,278,422
158,267,278,391,398
158,268,273,278,388
158,268,273,278,422
158,272,278,384,398
158,273,278,388,398
159,160,166,184,430
159,160,166,280,400
159,160,166,280,430
159,160,184,418,424
159,160,184,424,430
159,160,274,280,400
159,160,274,280,424
159,160,274,418,424
159,160,280,424,430
159,163,166,190,430
159,163,166,283,406
159,163,166,283,430
159,163,175,187,427
159,163,187,190,430
159,163,187,427,430
159,163,283,391,403
159,163,283,403,406
159,163,283,427,430
159,166,184,190,430
159,166,280,286,400
159,166,280,286,430
159,166,283,286,406
159,166,283,286,430
159,166,286,400,406
159,172,173,183,413
159,172,177,183,423
159,172,177,417,423
159,172,183,413,423
159,172,412,413,423
159,172,412,417,423
159,173,178,183,413
159,175,182,183,422
159,175,183,187,423
159,175,183,422,423
159,175,187,423,427
159,175,415,422,423
159,175,415,423,427
159,177,182,183,422
159,177,183,422,423
159,177,417,422,423
159,178,183,184,423
159,178,183,413,423
159,178,184,418,423
159,178,413,418,423
159,183,184,190,430
159,183,184,423,430
159,183,187,190,430
159,183,187,423,430
159,184,418,423,424
159,184,423,424,430
159,187,423,427,430
159,268,269,279,388
159,268,269,279,413
159,268,273,279,388
159,268,273,279,412
159,268,279,412,413
159,269,274,279,399
159,269,274,279,413
159,269,274,389,399
159,269,279,388,399
159,269,388,389,399
159,271,278,279,391
159,271,278,279,422
159,271,279,283,391
159,271,279,283,415
159,271,279,415,422
159,273,278,279,399
159,273,278,279,422
159,273,278,398,399
159,273,279,388,399
159,273,279,412,423
159,273,279,422,423
159,273,388,393,399
159,273,393,398,399
159,273,412,417,423
159,273,417,422,423
159,274,279,280,400
159,274,279,280,424
159,274,279,399,400
159,274,279,413,423
159,274,279,423,424
159,274,389,394,399
159,274,394,399,400
159,274,413,418,423
159,274,418,423,424
159,278,279,391,399
159,278,391,398,399
159,279,280,286,400
159,279,280,286,430
159,279,280,424,430
159,279,283,286,399
159,279,283,286,430
159,279,283,391,399
159,279,283,415,423
159,279,283,423,430
159,279,286,399,400
159,279,412,413,423
159,279,415,422,423
159,279,423,424,430
159,283,286,399,406
159,283,391,399,403
159,283,399,403,406
159,283,415,423,427
159,283,423,427,430
159,286,399,400,406
160,161,167,184,425
160,161,167,280,400
160,161,167,280,425
160,161,275,280,400
160,161,275,280,425
160,164,166,184,430
160,164,166,284,400
160,164,166,284,430
160,164,167,184,428
160,164,167,284,400
160,164,167,284,428
160,164,184,428,430
160,164,284,428,430
160,166,280,284,400
160,166,280,284,430
160,167,184,424,425
160,167,184,424,428
160,167,280,284,400
160,167,280,284,424
160,167,280,424,425
160,167,284,424,428
160,184,413,418,424
160,184,419,424,425
160,184,424,428,430
160,274,280,413,424
160,274,413,418,424
160,275,280,424,425
160,275,419,424,425
160,280,284,424,430
160,284,424,428,430
161,162,172,185,425
161,162,268,281,388
161,162,268,281,425
161,162,276,281,401
161,162,276,281,425
161,162,281,388,401
161,165,167,185,425
161,165,167,285,401
161,165,167,285,425
161,165,172,185,425
161,165,285,388,401
161,167,184,185,425
161,167,280,281,400
161,167,280,281,425
161,167,281,285,401
161,167,281,285,425
161,167,281,400,401
161,268,281,285,388
161,268,281,285,425
161,271,276,281,391
161,271,276,281,425
161,275,280,281,400
161,275,280,281,425
161,275,281,400,401
161,276,281,391,401
161,281,285,388,401
162,166,175,190,430
162,166,271,286,391
162,166,271,286,430
162,166,277,286,406
162,166,277,286,430
162,166,286,391,406
162,168,173,186,413
162,168,181,186,426
162,168,181,421,426
162,168,186,413,426
162,168,408,413,426
162,168,408,421,426
162,169,172,186,426
162,169,172,409,426
162,169,173,186,413
162,169,186,413,426
162,169,409,413,426
162,172,185,186,425
162,172,186,425,426
162,172,409,412,426
162,172,412,425,426
162,175,180,186,426
162,175,180,420,426
162,175,186,190,430
162,175,186,426,430
162,175,415,420,426
162,175,415,426,430
162,180,185,186,425
162,180,186,425,426
162,180,420,425,426
162,181,186,190,430
162,181,186,426,430
162,181,421,426,430
162,264,269,282,384
162,264,269,282,413
162,264,277,282,384
162,264,277,282,408
162,264,282,408,413
162,265,268,282,388
162,265,268,282,412
162,265,269,282,402
162,265,269,282,413
162,265,269,389,402
162,265,282,388,402
162,265,282,412,426
162,265,282,413,426
162,265,385,388,402
162,265,385,389,402
162,265,409,412,426
162,265,409,413,426
162,268,281,282,388
162,268,281,282,425
162,268,282,412,425
162,269,282,384,402
162,269,384,389,402
162,271,276,282,391
162,271,276,282,415
162,271,282,286,391
162,271,282,286,430
162,271,282,415,430
162,276,281,282,402
162,276,281,282,425
162,276,281,401,402
162,276,282,391,402
162,276,282,415,426
162,276,282,425,426
162,276,391,396,402
162,276,396,401,402
162,276,415,420,426
162,276,420,425,426
162,277,282,286,402
162,277,282,286,430
162,277,282,384,402
162,277,282,408,426
162,277,282,426,430
162,277,286,402,406
162,277,384,397,402
162,277,397,402,406
162,277,408,421,426
162,277,421,426,430
162,281,282,388,402
162,281,388,401,402
162,282,286,391,402
162,282,408,413,426
162,282,412,425,426
162,282,415,426,430
162,286,391,402,406
163,166,175,190,430
163,166,283,391,406
163,175,187,190,430
163,175,187,427,430
163,283,391,403,406
164,166,167,190,430
164,166,167,284,406
164,166,167,284,430
164,166,184,190,430
164,166,284,400,406
164,167,184,188,428
164,167,188,190,430
164,167,188,428,430
164,167,284,400,404
164,167,284,404,406
164,167,284,428,430
164,184,188,190,430
164,184,188,428,430
164,284,400,404,406
165,167,172,189,429
165,167,185,189,425
165,167,189,425,429
165,167,285,388,405
165,167,285,401,405
165,167,285,425,429
165,172,185,189,425
165,172,189,425,429
165,285,388,401,405
166,167,168,190,430
166,167,264,286,384
166,167,264,286,430
166,167,284,286,406
166,167,284,286,430
166,167,286,384,406
166,264,277,286,384
166,264,277,286,430
166,271,283,286,391
166,271,283,286,430
166,277,286,384,406
166,280,284,286,400
166,280,284,286,430
166,283,286,391,406
166,284,286,400,406
167,168,176,191,431
167,168,176,416,431
167,168,190,191,430
167,168,191,430,431
167,168,408,416,431
167,168,408,430,431
167,172,182,191,422
167,172,189,191,431
167,172,189,429,431
167,172,191,422,431
167,172,412,422,431
167,172,412,429,431
167,176,182,191,422
167,176,191,422,431
167,176,416,422,431
167,184,185,191,425
167,184,188,191,431
167,184,188,428,431
167,184,191,425,431
167,184,424,425,431
167,184,424,428,431
167,185,189,191,425
167,188,190,191,430
167,188,191,430,431
167,188,428,430,431
167,189,191,425,431
167,189,425,429,431
167,264,272,287,384
167,264,272,287,408
167,264,286,287,384
167,264,286,287,430
167,264,287,408,430
167,268,278,287,388
167,268,278,287,422
167,268,285,287,388
167,268,285,287,412
167,268,287,412,422
167,272,278,287,407
167,272,278,287,422
167,272,278,398,407
167,272,287,384,407
167,272,287,408,431
167,272,287,422,431
167,272,384,392,407
167,272,392,398,407
167,272,408,416,431
167,272,416,422,431
167,278,287,388,407
167,278,388,398,407
167,280,281,287,400
167,280,281,287,425
167,280,284,287,400
167,280,284,287,424
167,280,287,424,425
167,281,285,287,407
167,281,285,287,425
167,281,285,401,407
167,281,287,400,407
167,281,400,401,407
167,284,286,287,407
167,284,286,287,430
167,284,286,406,407
167,284,287,400,407
167,284,287,424,431
167,284,287,430,431
167,284,400,404,407
167,284,404,406,407
167,284,424,428,431
167,284,428,430,431
167,285,287,388,407
167,285,287,412,431
167,285,287,425,431
167,285,388,405,407
167,285,401,405,407
167,285,412,429,431
167,285,425,429,431
167,286,287,384,407
167,286,384,406,407
167,287,408,430,431
167,287,412,422,431
167,287,424,425,431
168,170,173,290,413
168,170,173,290,434
168,170,173,341,362
168,170,173,362,458
168,170,173,434,533
168,170,173,458,533
168,170,174,290,414
168,170,174,290,438
168,170,174,342,366
168,170,174,366,458
168,170,174,438,534
168,170,174,458,534
168,170,290,410,413
168,170,290,410,414
168,170,290,434,438
168,170,338,341,362
168,170,338,342,366
168,170,338,362,366
168,170,362,366,458
168,170,434,438,530
168,170,434,530,533
168,170,438,530,534
168,170,458,530,533
168,170,458,530,534
168,173,186,293,413
168,173,186,293,450
168,173,186,341,378
168,173,186,378,461
168,173,186,450,533
168,173,186,461,533
168,173,290,293,413
168,173,290,293,437
168,173,290,434,437
168,173,293,437,450
168,173,341,362,365
168,173,341,365,378
168,173,362,365,458
168,173,365,378,461
168,173,365,458,461
168,173,434,437,533
168,173,437,450,533
168,173,458,461,533
168,174,182,302,422
168,174,182,302,438
168,174,182,350,366
168,174,182,366,470
168,174,182,438,542
168,174,182,470,542
168,174,290,294,414
168,174,290,294,438
168,174,294,302,422
168,174,294,302,438
168,174,294,414,422
168,174,342,350,366
168,174,366,458,462
168,174,366,462,470
168,174,438,534,542
168,174,458,462,534
168,174,462,470,542
168,174,462,534,542
168,176,182,296,422
168,176,182,296,440
168,176,182,350,368
168,176,182,368,464
168,176,182,440,542
168,176,182,464,542
168,176,191,296,431
168,176,191,296,455
168,176,191,359,383
168,176,191,383,464
168,176,191,455,551
168,176,191,464,551
168,176,296,416,422
168,176,296,416,431
168,176,296,440,455
168,176,344,350,368
168,176,344,359,383
168,176,344,368,383
168,176,368,383,464
168,176,440,455,536
168,176,440,536,542
168,176,455,536,551
168,176,464,536,542
168,176,464,536,551
168,181,186,301,426
168,181,186,301,450
168,181,186,354,378
168,181,186,378,469
168,181,186,450,546
168,181,186,469,546
168,181,190,301,430
168,181,190,301,445
168,181,190,358,373
168,181,190,373,469
168,181,190,445,550
168,181,190,469,550
168,181,301,421,426
168,181,301,421,430
168,181,301,445,450
168,181,349,354,378
168,181,349,358,373
168,181,349,373,378
168,181,373,378,469
168,181,445,450,541
168,181,445,541,550
168,181,450,541,546
168,181,469,541,546
168,181,469,541,550
168,182,296,302,422
168,182,296,302,446
168,182,296,440,446
168,182,302,438,446
168,182,350,366,374
168,182,350,368,374
168,182,366,374,470
168,182,368,374,464
168,182,374,464,470
168,182,438,446,542
168,182,440,446,542
168,182,464,470,542
168,186,293,306,413
168,186,293,306,450
168,186,301,306,426
168,186,301,306,450
168,186,306,413,426
168,186,341,354,378
168,186,378,461,474
168,186,378,469,474
168,186,450,533,546
168,186,461,474,533
168,186,469,474,546
168,186,474,533,546
168,190,191,310,430
168,190,191,310,455
168,190,191,358,383
168,190,191,383,478
168,190,191,455,550
168,190,191,478,550
168,190,301,310,430
168,190,301,310,454
168,190,301,445,454
168,190,310,454,455
168,190,358,373,382
168,190,358,382,383
168,190,373,382,469
168,190,382,383,478
168,190,382,469,478
168,190,445,454,550
168,190,454,455,550
168,190,469,478,550
168,191,296,311,431
168,191,296,311,455
168,191,310,311,430
168,191,310,311,455
168,191,311,430,431
168,191,358,359,383
168,191,383,464,479
168,191,383,478,479
168,191,455,550,551
168,191,464,479,551
168,191,478,479,550
168,191,479,550,551
168,288,290,293,413
168,288,290,293,437
168,288,290,294,408
168,288,290,294,438
168,288,290,408,413
168,288,290,432,437
168,288,290,432,438
168,288,293,306,413
168,288,293,306,450
168,288,293,437,450
168,288,294,302,422
168,288,294,302,438
168,288,294,408,422
168,288,296,302,422
168,288,296,302,446
168,288,296,311,408
168,288,296,311,455
168,288,296,408,422
168,288,296,432,446
168,288,296,432,455
168,288,301,306,408
168,288,301,306,450
168,288,301,310,430
168,288,301,310,454
168,288,301,408,430
168,288,301,432,450
168,288,301,432,454
168,288,302,438,446
168,288,306,408,413
168,288,310,311,430
168,288,310,311,455
168,288,310,454,455
168,288,311,408,430
168,288,432,437,450
168,288,432,438,446
168,288,432,454,455
168,290,294,408,414
168,290,408,410,413
168,290,408,410,414
168,290,432,434,437
168,290,432,434,438
168,294,408,414,422
168,296,311,408,431
168,296,408,416,422
168,296,408,416,431
168,296,432,440,446
168,296,432,440,455
168,301,306,408,426
168,301,408,421,426
168,301,408,421,430
168,301,432,445,450
168,301,432,445,454
168,306,408,413,426
168,311,408,430,431
168,336,338,341,360
168,336,338,342,366
168,336,338,360,366
168,336,341,354,378
168,336,341,360,378
168,336,342,350,366
168,336,344,350,360
168,336,344,359,383
168,336,344,360,383
168,336,349,354,378
168,336,349,358,360
168,336,349,360,378
168,336,350,360,366
168,336,358,359,383
168,336,358,360,383
168,338,341,360,362
168,338,360,362,366
168,341,360,362,365
168,341,360,365,378
168,344,350,360,368
168,344,360,368,383
168,349,358,360,373
168,349,360,373,378
168,350,360,366,374
168,350,360,368,374
168,358,360,373,382
168,358,360,382,383
168,360,362,365,458
168,360,362,366,458
168,360,365,378,456
168,360,365,456,458
168,360,366,374,456
168,360,366,456,458
168,360,368,374,464
168,360,368,383,464
168,360,373,378,469
168,360,373,382,469
168,360,374,456,464
168,360,378,456,469
168,360,382,383,456
168,360,382,456,469
168,360,383,456,464
168,365,378,456,461
168,365,456,458,461
168,366,374,456,470
168,366,456,458,462
168,366,456,462,470
168,374,456,464,470
168,378,456,461,474
168,378,456,469,474
168,382,383,456,478
168,382,456,469,478
168,383,456,464,479
168,383,456,478,479
168,432,434,437,533
168,432,434,438,530
168,432,434,530,533
168,432,437,450,533
168,432,438,446,542
168,432,438,528,530
168,432,438,528,542
168,432,440,446,542
168,432,440,455,536
168,432,440,536,542
168,432,445,450,541
168,432,445,454,550
168,432,445,541,550
168,432,450,528,533
168,432,450,528,541
168,432,454,455,550
168,432,455,528,536
168,432,455,528,550
168,432,528,530,533
168,432,528,536,542
168,432,528,541,550
168,438,528,530,534
168,438,528,534,542
168,450,528,533,546
168,450,528,541,546
168,455,528,536,551
168,455,528,550,551
168,456,458,461,533
168,456,458,462,528
168,456,458,528,533
168,456,461,474,533
168,456,462,470,542
168,456,462,528,542
168,456,464,470,542
168,456,464,479,528
168,456,464,528,542
168,456,469,474,528
168,456,469,478,550
168,456,469,528,550
168,456,474,528,533
168,456,478,479,550
168,456,479,528,550
168,458,462,528,534
168,458,528,530,533
168,458,528,530,534
168,462,528,534,542
168,464,479,528,551
168,464,528,536,542
168,464,528,536,551
168,469,474,528,546
168,469,528,541,546
168,469,528,541,550
168,474,528,533,546
168,479,528,550,551
169,172,173,289,413
169,172,173,289,433
169,172,173,341,361
169,172,173,361,457
169,172,173,433,533
169,172,173,457,533
169,172,186,289,426
169,172,186,289,450
169,172,186,354,378
169,172,186,378,457
169,172,186,450,546
169,172,186,457,546
169,172,289,409,413
169,172,289,409,426
169,172,289,433,450
169,172,337,341,361
169,172,337,354,378
169,172,337,361,378
169,172,361,378,457
169,172,433,450,529
169,172,433,529,533
169,172,450,529,546
169,172,457,529,533
169,172,457,529,546
169,173,186,289,413
169,173,186,289,450
169,173,186,341,378
169,173,186,378,457
169,173,186,450,533
169,173,186,457,533
169,173,289,433,450
169,173,341,361,378
169,173,361,378,457
169,173,433,450,533
169,186,289,413,426
169,186,341,354,378
169,186,450,533,546
169,186,457,533,546
169,289,409,413,426
169,337,341,354,378
169,337,341,361,378
169,433,450,529,533
169,450,529,533,546
169,457,529,533,546
170,173,174,290,413
170,173,174,290,438
170,173,174,341,366
170,173,174,366,458
170,173,174,438,533
170,173,174,458,533
170,173,290,434,438
170,173,341,362,366
170,173,362,366,458
170,173,434,438,533
170,174,290,413,414
170,174,341,342,366
170,174,438,533,534
170,174,458,533,534
170,290,410,413,414
170,338,341,342,366
170,338,341,362,366
170,434,438,530,533
170,438,530,533,534
170,458,530,533,534
171,174,175,291,414
171,174,175,291,438
171,174,175,342,366
171,174,175,366,459
171,174,175,438,534
171,174,175,459,534
171,174,182,291,422
171,174,182,291,438
171,174,182,350,366
171,174,182,366,459
171,174,182,438,542
171,174,182,459,542
171,174,291,414,422
171,174,342,350,366
171,174,438,534,542
171,174,459,534,542
171,175,182,291,422
171,175,182,291,435
171,175,182,350,363
171,175,182,363,459
171,175,182,435,542
171,175,182,459,542
171,175,291,411,414
171,175,291,411,422
171,175,291,435,438
171,175,339,342,366
171,175,339,350,363
171,175,339,363,366
171,175,363,366,459
171,175,435,438,531
171,175,435,531,542
171,175,438,531,534
171,175,459,531,534
171,175,459,531,542
171,182,291,435,438
171,182,350,363,366
171,182,363,366,459
171,182,435,438,542
171,291,411,414,422
171,339,342,350,366
171,339,350,363,366
171,435,438,531,542
171,438,531,534,542
171,459,531,534,542
172,173,183,293,413
172,173,183,293,447
172,173,183,341,375
172,173,183,375,461
172,173,183,447,533
172,173,183,461,533
172,173,289,293,413
172,173,289,293,437
172,173,289,433,437
172,173,293,437,447
172,173,341,361,365
172,173,341,365,375
172,173,361,365,457
172,173,365,375,461
172,173,365,457,461
172,173,433,437,533
172,173,437,447,533
172,173,457,461,533
172,177,182,297,422
172,177,182,297,441
172,177,182,350,369
172,177,182,369,465
172,177,182,441,542
172,177,182,465,542
172,177,183,297,423
172,177,183,297,447
172,177,183,351,375
172,177,183,375,465
172,177,183,447,543
172,177,183,465,543
172,177,297,417,422
172,177,297,417,423
172,177,297,441,447
172,177,345,350,369
172,177,345,351,375
172,177,345,369,375
172,177,369,375,465
172,177,441,447,537
172,177,441,537,542
172,177,447,537,543
172,177,465,537,542
172,177,465,537,543
172,182,191,302,422
172,182,191,302,455
172,182,191,350,383
172,182,191,383,470
172,182,191,455,542
172,182,191,470,542
172,182,297,302,422
172,182,297,302,446
172,182,297,441,446
172,182,302,446,455
172,182,350,369,374
172,182,350,374,383
172,182,369,374,465
172,182,374,383,470
172,182,374,465,470
172,182,441,446,542
172,182,446,455,542
172,182,465,470,542
172,183,293,303,413
172,183,293,303,447
172,183,297,303,423
172,183,297,303,447
172,183,303,413,423
172,183,341,351,375
172,183,375,461,471
172,183,375,465,471
172,183,447,533,543
172,183,461,471,533
172,183,465,471,543
172,183,471,533,543
172,185,186,305,425
172,185,186,305,450
172,185,186,353,378
172,185,186,378,473
172,185,186,450,545
172,185,186,473,545
172,185,189,309,425
172,185,189,309,453
172,185,189,353,381
172,185,189,381,477
172,185,189,453,545
172,185,189,477,545
172,185,305,309,425
172,185,305,309,449
172,185,305,449,450
172,185,309,449,453
172,185,353,377,378
172,185,353,377,381
172,185,377,378,473
172,185,377,381,477
172,185,377,473,477
172,185,449,450,545
172,185,449,453,545
172,185,473,477,545
172,186,289,306,426
172,186,289,306,450
172,186,305,306,425
172,186,305,306,450
172,186,306,425,426
172,186,353,354,378
172,186,378,457,474
172,186,378,473,474
172,186,450,545,546
172,186,457,474,546
172,186,473,474,545
172,186,474,545,546
172,189,191,309,431
172,189,191,309,455
172,189,191,359,383
172,189,191,383,477
172,189,191,455,551
172,189,191,477,551
172,189,309,425,429
172,189,309,429,431
172,189,309,453,455
172,189,353,357,381
172,189,357,359,383
172,189,357,381,383
172,189,381,383,477
172,189,453,455,549
172,189,453,545,549
172,189,455,549,551
172,189,477,545,549
172,189,477,549,551
172,191,302,311,422
172,191,302,311,455
172,191,309,311,431
172,191,309,311,455
172,191,311,422,431
172,191,350,359,383
172,191,383,470,479
172,191,383,477,479
172,191,455,542,551
172,191,470,479,542
172,191,477,479,551
172,191,479,542,551
172,289,292,293,413
172,289,292,293,437
172,289,292,306,412
172,289,292,306,450
172,289,292,412,413
172,289,292,436,437
172,289,292,436,450
172,289,306,412,426
172,289,409,412,413
172,289,409,412,426
172,289,433,436,437
172,289,433,436,450
172,292,293,303,413
172,292,293,303,447
172,292,293,437,447
172,292,297,302,422
172,292,297,302,446
172,292,297,303,412
172,292,297,303,447
172,292,297,412,422
172,292,297,436,446
172,292,297,436,447
172,292,302,311,422
172,292,302,311,455
172,292,302,446,455
172,292,303,412,413
172,292,305,306,425
172,292,305,306,450
172,292,305,309,425
172,292,305,309,449
172,292,305,449,450
172,292,306,412,425
172,292,309,311,412
172,292,309,311,455
172,292,309,412,425
172,292,309,436,449
172,292,309,436,455
172,292,311,412,422
172,292,436,437,447
172,292,436,446,455
172,292,436,449,450
172,297,303,412,423
172,297,412,417,422
172,297,412,417,423
172,297,436,441,446
172,297,436,441,447
172,303,412,413,423
172,306,412,425,426
172,309,311,412,431
172,309,412,425,429
172,309,412,429,431
172,309,436,449,453
172,309,436,453,455
172,311,412,422,431
172,337,340,341,364
172,337,340,354,378
172,337,340,364,378
172,337,341,361,364
172,337,361,364,378
172,340,341,351,375
172,340,341,364,375
172,340,345,350,364
172,340,345,351,375
172,340,345,364,375
172,340,350,359,383
172,340,350,364,383
172,340,353,354,378
172,340,353,357,364
172,340,353,364,378
172,340,357,359,383
172,340,357,364,383
172,341,361,364,365
172,341,364,365,375
172,345,350,364,369
172,345,364,369,375
172,350,364,369,374
172,350,364,374,383
172,353,357,364,381
172,353,364,377,378
172,353,364,377,381
172,357,364,381,383
172,361,364,365,457
172,361,364,378,457
172,364,365,375,460
172,364,365,457,460
172,364,369,374,465
172,364,369,375,465
172,364,374,383,460
172,364,374,460,465
172,364,375,460,465
172,364,377,378,460
172,364,377,381,477
172,364,377,460,477
172,364,378,457,460
172,364,381,383,477
172,364,383,460,477
172,365,375,460,461
172,365,457,460,461
172,374,383,460,470
172,374,460,465,470
172,375,460,461,471
172,375,460,465,471
172,377,378,460,473
172,377,460,473,477
172,378,457,460,474
172,378,460,473,474
172,383,460,470,479
172,383,460,477,479
172,433,436,437,533
172,433,436,450,529
172,433,436,529,533
172,436,437,447,533
172,436,441,446,542
172,436,441,447,537
172,436,441,537,542
172,436,446,455,542
172,436,447,532,533
172,436,447,532,537
172,436,449,450,545
172,436,449,453,545
172,436,450,529,532
172,436,450,532,545
172,436,453,455,549
172,436,453,545,549
172,436,455,532,542
172,436,455,532,549
172,436,529,532,533
172,436,532,537,542
172,436,532,545,549
172,447,532,533,543
172,447,532,537,543
172,450,529,532,546
172,450,532,545,546
172,455,532,542,551
172,455,532,549,551
172,457,460,461,533
172,457,460,474,532
172,457,460,532,533
172,457,474,532,546
172,457,529,532,533
172,457,529,532,546
172,460,461,471,533
172,460,465,470,542
172,460,465,471,532
172,460,465,532,542
172,460,470,479,542
172,460,471,532,533
172,460,473,474,545
172,460,473,477,545
172,460,474,532,545
172,460,477,479,532
172,460,477,532,545
172,460,479,532,542
172,465,471,532,543
172,465,532,537,542
172,465,532,537,543
172,471,532,533,543
172,474,532,545,546
172,477,479,532,551
172,477,532,545,549
172,477,532,549,551
172,479,532,542,551
173,174,184,293,413
173,174,184,293,438
173,174,184,341,366
173,174,184,366,461
173,174,184,438,533
173,174,184,461,533
173,174,290,293,413
173,174,290,293,438
173,174,366,458,461
173,174,458,461,533
173,178,183,298,413
173,178,183,298,447
173,178,183,341,375
173,178,183,375,466
173,178,183,447,533
173,178,183,466,533
173,178,184,298,413
173,178,184,298,442
173,178,184,341,370
173,178,184,370,466
173,178,184,442,533
173,178,184,466,533
173,178,298,442,447
173,178,341,370,375
173,178,370,375,466
173,178,442,447,533
173,183,293,298,413
173,183,293,298,447
173,183,375,461,466
173,183,461,466,533
173,184,293,298,413
173,184,293,298,437
173,184,293,437,438
173,184,298,437,442
173,184,341,365,366
173,184,341,365,370
173,184,365,366,461
173,184,365,370,466
173,184,365,461,466
173,184,437,438,533
173,184,437,442,533
173,184,461,466,533
173,186,289,293,413
173,186,289,293,450
173,186,378,457,461
173,186,457,461,533
173,289,293,437,450
173,289,433,437,450
173,290,293,437,438
173,290,434,437,438
173,293,298,437,447
173,298,437,442,447
173,341,361,365,378
173,341,362,365,366
173,341,365,370,375
173,361,365,378,457
173,362,365,366,458
173,365,366,458,461
173,365,370,375,466
173,365,375,461,466
173,365,378,457,461
173,433,437,450,533
173,434,437,438,533
173,437,442,447,533
174,175,185,305,425
174,175,185,305,438
174,175,185,353,366
174,175,185,366,473
174,175,185,438,545
174,175,185,473,545
174,175,291,294,414
174,175,291,294,438
174,175,294,305,425
174,175,294,305,438
174,175,294,414,425
174,175,342,353,366
174,175,366,459,462
174,175,366,462,473
174,175,438,534,545
174,175,459,462,534
174,175,462,473,545
174,175,462,534,545
174,179,184,299,414
174,179,184,299,438
174,179,184,342,366
174,179,184,366,467
174,179,184,438,534
174,179,184,467,534
174,179,185,299,425
174,179,185,299,438
174,179,185,353,366
174,179,185,366,467
174,179,185,438,545
174,179,185,467,545
174,179,299,414,425
174,179,342,353,366
174,179,438,534,545
174,179,467,534,545
174,182,291,302,422
174,182,291,302,438
174,182,366,459,470
174,182,459,470,542
174,184,293,294,413
174,184,293,294,438
174,184,294,299,414
174,184,294,299,438
174,184,294,413,414
174,184,341,342,366
174,184,366,461,462
174,184,366,462,467
174,184,438,533,534
174,184,461,462,533
174,184,462,467,534
174,184,462,533,534
174,185,299,305,425
174,185,299,305,438
174,185,366,467,473
174,185,467,473,545
174,290,293,294,413
174,290,293,294,438
174,290,294,413,414
174,291,294,302,422
174,291,294,302,438
174,291,294,414,422
174,294,299,305,425
174,294,299,305,438
174,294,299,414,425
174,366,458,461,462
174,366,459,462,470
174,366,462,467,473
174,458,461,462,533
174,458,462,533,534
174,459,462,470,542
174,459,462,534,542
174,462,467,473,545
174,462,467,534,545
175,180,185,300,425
175,180,185,300,444
175,180,185,353,372
175,180,185,372,468
175,180,185,444,545
175,180,185,468,545
175,180,186,300,426
175,180,186,300,450
175,180,186,354,378
175,180,186,378,468
175,180,186,450,546
175,180,186,468,546
175,180,300,420,425
175,180,300,420,426
175,180,300,444,450
175,180,348,353,372
175,180,348,354,378
175,180,348,372,378
175,180,372,378,468
175,180,444,450,540
175,180,444,540,545
175,180,450,540,546
175,180,468,540,545
175,180,468,540,546
175,182,183,302,422
175,182,183,302,447
175,182,183,350,375
175,182,183,375,470
175,182,183,447,542
175,182,183,470,542
175,182,291,302,422
175,182,291,302,446
175,182,291,435,446
175,182,302,446,447
175,182,350,363,374
175,182,350,374,375
175,182,363,374,459
175,182,374,375,470
175,182,374,459,470
175,182,435,446,542
175,182,446,447,542
175,182,459,470,542
175,183,187,307,423
175,183,187,307,447
175,183,187,351,375
175,183,187,375,475
175,183,187,447,543
175,183,187,475,543
175,183,302,303,422
175,183,302,303,447
175,183,303,307,423
175,183,303,307,447
175,183,303,422,423
175,183,350,351,375
175,183,375,470,471
175,183,375,471,475
175,183,447,542,543
175,183,470,471,542
175,183,471,475,543
175,183,471,542,543
175,185,300,305,425
175,185,300,305,449
175,185,300,444,449
175,185,305,438,449
175,185,353,366,377
175,185,353,372,377
175,185,366,377,473
175,185,372,377,468
175,185,377,468,473
175,185,438,449,545
175,185,444,449,545
175,185,468,473,545
175,186,190,310,430
175,186,190,310,450
175,186,190,358,378
175,186,190,378,478
175,186,190,450,550
175,186,190,478,550
175,186,300,306,426
175,186,300,306,450
175,186,306,310,430
175,186,306,310,450
175,186,306,426,430
175,186,354,358,378
175,186,378,468,474
175,186,378,474,478
175,186,450,546,550
175,186,468,474,546
175,186,474,478,550
175,186,474,546,550
175,187,190,307,430
175,187,190,307,451
175,187,190,358,379
175,187,190,379,475
175,187,190,451,550
175,187,190,475,550
175,187,307,423,427
175,187,307,427,430
175,187,307,447,451
175,187,351,355,375
175,187,355,358,379
175,187,355,375,379
175,187,375,379,475
175,187,447,451,547
175,187,447,543,547
175,187,451,547,550
175,187,475,543,547
175,187,475,547,550
175,190,307,310,430
175,190,307,310,454
175,190,307,451,454
175,190,310,450,454
175,190,358,378,382
175,190,358,379,382
175,190,378,382,478
175,190,379,382,475
175,190,382,475,478
175,190,450,454,550
175,190,451,454,550
175,190,475,478,550
175,291,294,295,415
175,291,294,295,438
175,291,294,414,415
175,291,295,302,422
175,291,295,302,446
175,291,295,415,422
175,291,295,438,439
175,291,295,439,446
175,291,411,414,415
175,291,411,415,422
175,291,435,438,439
175,291,435,439,446
175,294,295,305,425
175,294,295,305,438
175,294,295,415,425
175,294,414,415,425
175,295,300,305,425
175,295,300,305,449
175,295,300,306,415
175,295,300,306,450
175,295,300,415,425
175,295,300,439,449
175,295,300,439,450
175,295,302,303,422
175,295,302,303,447
175,295,302,446,447
175,295,303,307,415
175,295,303,307,447
175,295,303,415,422
175,295,305,438,449
175,295,306,310,430
175,295,306,310,450
175,295,306,415,430
175,295,307,310,430
175,295,307,310,454
175,295,307,415,430
175,295,307,439,447
175,295,307,439,454
175,295,310,450,454
175,295,438,439,449
175,295,439,446,447
175,295,439,450,454
175,300,306,415,426
175,300,415,420,425
175,300,415,420,426
175,300,439,444,449
175,300,439,444,450
175,303,307,415,423
175,303,415,422,423
175,306,415,426,430
175,307,415,423,427
175,307,415,427,430
175,307,439,447,451
175,307,439,451,454
175,339,342,343,366
175,339,343,350,367
175,339,343,366,367
175,339,350,363,367
175,339,363,366,367
175,342,343,353,366
175,343,348,353,367
175,343,348,354,378
175,343,348,367,378
175,343,350,351,375
175,343,350,367,375
175,343,351,355,375
175,343,353,366,367
175,343,354,358,378
175,343,355,358,367
175,343,355,367,375
175,343,358,367,378
175,348,353,367,372
175,348,367,372,378
175,350,363,367,374
175,350,367,374,375
175,353,366,367,377
175,353,367,372,377
175,355,358,367,379
175,355,367,375,379
175,358,367,378,382
175,358,367,379,382
175,363,366,367,459
175,363,367,374,459
175,366,367,377,463
175,366,367,459,463
175,366,377,463,473
175,366,459,462,463
175,366,462,463,473
175,367,372,377,468
175,367,372,378,468
175,367,374,375,463
175,367,374,459,463
175,367,375,379,475
175,367,375,463,475
175,367,377,463,468
175,367,378,382,463
175,367,378,463,468
175,367,379,382,475
175,367,382,463,475
175,374,375,463,470
175,374,459,463,470
175,375,463,470,471
175,375,463,471,475
175,377,463,468,473
175,378,382,463,478
175,378,463,468,474
175,378,463,474,478
175,382,463,475,478
175,435,438,439,531
175,435,439,446,542
175,435,439,531,542
175,438,439,449,545
175,438,439,531,535
175,438,439,535,545
175,438,531,534,535
175,438,534,535,545
175,439,444,449,545
175,439,444,450,540
175,439,444,540,545
175,439,446,447,542
175,439,447,451,547
175,439,447,535,542
175,439,447,535,547
175,439,450,454,550
175,439,450,535,540
175,439,450,535,550
175,439,451,454,550
175,439,451,547,550
175,439,531,535,542
175,439,535,540,545
175,439,535,547,550
175,447,535,542,543
175,447,535,543,547
175,450,535,540,546
175,450,535,546,550
175,459,462,463,535
175,459,462,534,535
175,459,463,470,542
175,459,463,535,542
175,459,531,534,535
175,459,531,535,542
175,462,463,473,545
175,462,463,535,545
175,462,534,535,545
175,463,468,473,545
175,463,468,474,535
175,463,468,535,545
175,463,470,471,542
175,463,471,475,535
175,463,471,535,542
175,463,474,478,550
175,463,474,535,550
175,463,475,478,550
175,463,475,535,550
175,468,474,535,546
175,468,535,540,545
175,468,535,540,546
175,471,475,535,543
175,471,535,542,543
175,474,535,546,550
175,475,535,543,547
175,475,535,547,550
176,182,191,296,422
176,182,191,296,455
176,182,191,350,383
176,182,191,383,464
176,182,191,455,542
176,182,191,464,542
176,182,296,440,455
176,182,350,368,383
176,182,368,383,464
176,182,440,455,542
176,191,296,422,431
176,191,350,359,383
176,191,455,542,551
176,191,464,542,551
176,296,416,422,431
176,344,350,359,383
176,344,350,368,383
176,440,455,536,542
176,455,536,542,551
176,464,536,542,551
177,182,183,297,422
177,182,183,297,447
177,182,183,350,375
177,182,183,375,465
177,182,183,447,542
177,182,183,465,542
177,182,297,441,447
177,182,350,369,375
177,182,369,375,465
177,182,441,447,542
177,183,297,422,423
177,183,350,351,375
177,183,447,542,543
177,183,465,542,543
177,297,417,422,423
177,345,350,351,375
177,345,350,369,375
177,441,447,537,542
177,447,537,542,543
177,465,537,542,543
178,183,184,298,423
178,183,184,298,447
178,183,184,351,375
178,183,184,375,466
178,183,184,447,543
178,183,184,466,543
178,183,298,413,423
178,183,341,351,375
178,183,447,533,543
178,183,466,533,543
178,184,298,413,418
178,184,298,418,423
178,184,298,442,447
178,184,341,346,370
178,184,346,351,375
178,184,346,370,375
178,184,370,375,466
178,184,442,447,538
178,184,442,533,538
178,184,447,538,543
178,184,466,533,538
178,184,466,538,543
178,298,413,418,423
178,341,346,351,375
178,341,346,370,375
178,442,447,533,538
178,447,533,538,543
178,466,533,538,543
179,184,185,299,425
179,184,185,299,443
179,184,185,353,371
179,184,185,371,467
179,184,185,443,545
179,184,185,467,545
179,184,299,414,419
179,184,299,419,425
179,184,299,438,443
179,184,342,347,366
179,184,347,353,371
179,184,347,366,371
179,184,366,371,467
179,184,438,443,539
179,184,438,534,539
179,184,443,539,545
179,184,467,534,539
179,184,467,539,545
179,185,299,438,443
179,185,353,366,371
179,185,366,371,467
179,185,438,443,545
179,299,414,419,425
179,342,347,353,366
179,347,353,366,371
179,438,443,539,545
179,438,534,539,545
179,467,534,539,545
180,185,186,300,425
180,185,186,300,450
180,185,186,353,378
180,185,186,378,468
180,185,186,450,545
180,185,186,468,545
180,185,300,444,450
180,185,353,372,378
180,185,372,378,468
180,185,444,450,545
180,186,300,425,426
180,186,353,354,378
180,186,450,545,546
180,186,468,545,546
180,300,420,425,426
180,348,353,354,378
180,348,353,372,378
180,444,450,540,545
180,450,540,545,546
180,468,540,545,546
181,186,190,301,430
181,186,190,301,450
181,186,190,358,378
181,186,190,378,469
181,186,190,450,550
181,186,190,469,550
181,186,301,426,430
181,186,354,358,378
181,186,450,546,550
181,186,469,546,550
181,190,301,445,450
181,190,358,373,378
181,190,373,378,469
181,190,445,450,550
181,301,421,426,430
181,349,354,358,378
181,349,358,373,378
181,445,450,541,550
181,450,541,546,550
181,469,541,546,550
182,183,297,302,422
182,183,297,302,447
182,183,375,465,470
182,183,465,470,542
182,191,296,302,422
182,191,296,302,455
182,191,383,464,470
182,191,464,470,542
182,291,302,438,446
182,291,435,438,446
182,296,302,446,455
182,296,440,446,455
182,297,302,446,447
182,297,441,446,447
182,350,363,366,374
182,350,368,374,383
182,350,369,374,375
182,363,366,374,459
182,366,374,459,470
182,368,374,383,464
182,369,374,375,465
182,374,375,465,470
182,374,383,464,470
182,435,438,446,542
182,440,446,455,542
182,441,446,447,542
183,184,190,310,430
183,184,190,310,447
183,184,190,358,375
183,184,190,375,478
183,184,190,447,550
183,184,190,478,550
183,184,298,303,423
183,184,298,303,447
183,184,303,310,430
183,184,303,310,447
183,184,303,423,430
183,184,351,358,375
183,184,375,466,471
183,184,375,471,478
183,184,447,543,550
183,184,466,471,543
183,184,471,478,550
183,184,471,543,550
183,187,190,307,430
183,187,190,307,447
183,187,190,358,375
183,187,190,375,475
183,187,190,447,550
183,187,190,475,550
183,187,307,423,430
183,187,351,358,375
183,187,447,543,550
183,187,475,543,550
183,190,307,310,430
183,190,307,310,447
183,190,375,475,478
183,190,475,478,550
183,293,298,303,413
183,293,298,303,447
183,297,302,303,422
183,297,302,303,447
183,297,303,422,423
183,298,303,413,423
183,303,307,310,430
183,303,307,310,447
183,303,307,423,430
183,375,461,466,471
183,375,465,470,471
183,375,471,475,478
183,461,466,471,533
183,465,470,471,542
183,465,471,542,543
183,466,471,533,543
183,471,475,478,550
183,471,475,543,550
184,185,191,305,425
184,185,191,305,455
184,185,191,353,383
184,185,191,383,473
184,185,191,455,545
184,185,191,473,545
184,185,299,305,425
184,185,299,305,449
184,185,299,443,449
184,185,305,449,455
184,185,353,371,377
184,185,353,377,383
184,185,371,377,467
184,185,377,383,473
184,185,377,467,473
184,185,443,449,545
184,185,449,455,545
184,185,467,473,545
184,188,190,308,430
184,188,190,308,452
184,188,190,358,380
184,188,190,380,476
184,188,190,452,550
184,188,190,476,550
184,188,191,308,431
184,188,191,308,455
184,188,191,359,383
184,188,191,383,476
184,188,191,455,551
184,188,191,476,551
184,188,308,428,430
184,188,308,428,431
184,188,308,452,455
184,188,356,358,380
184,188,356,359,383
184,188,356,380,383
184,188,380,383,476
184,188,452,455,548
184,188,452,548,550
184,188,455,548,551
184,188,476,548,550
184,188,476,548,551
184,190,308,310,430
184,190,308,310,454
184,190,308,452,454
184,190,310,447,454
184,190,358,375,382
184,190,358,380,382
184,190,375,382,478
184,190,380,382,476
184,190,382,476,478
184,190,447,454,550
184,190,452,454,550
184,190,476,478,550
184,191,305,311,425
184,191,305,311,455
184,191,308,311,431
184,191,308,311,455
184,191,311,425,431
184,191,353,359,383
184,191,383,473,479
184,191,383,476,479
184,191,455,545,551
184,191,473,479,545
184,191,476,479,551
184,191,479,545,551
184,293,294,304,413
184,293,294,304,438
184,293,298,304,413
184,293,298,304,437
184,293,304,437,438
184,294,299,304,424
184,294,299,304,438
184,294,299,414,424
184,294,304,413,424
184,294,413,414,424
184,298,303,304,424
184,298,303,304,447
184,298,303,423,424
184,298,304,413,424
184,298,304,437,448
184,298,304,447,448
184,298,413,418,424
184,298,418,423,424
184,298,437,442,448
184,298,442,447,448
184,299,304,305,425
184,299,304,305,449
184,299,304,424,425
184,299,304,438,448
184,299,304,448,449
184,299,414,419,424
184,299,419,424,425
184,299,438,443,448
184,299,443,448,449
184,303,304,310,430
184,303,304,310,447
184,303,304,424,430
184,303,423,424,430
184,304,305,311,425
184,304,305,311,455
184,304,305,449,455
184,304,308,310,430
184,304,308,310,454
184,304,308,311,424
184,304,308,311,455
184,304,308,424,430
184,304,308,448,454
184,304,308,448,455
184,304,310,447,454
184,304,311,424,425
184,304,437,438,448
184,304,447,448,454
184,304,448,449,455
184,308,311,424,431
184,308,424,428,430
184,308,424,428,431
184,308,448,452,454
184,308,448,452,455
184,311,424,425,431
184,341,342,352,366
184,341,346,352,376
184,341,346,370,376
184,341,352,366,376
184,341,365,366,376
184,341,365,370,376
184,342,347,352,366
184,346,351,352,375
184,346,352,375,376
184,346,370,375,376
184,347,352,353,376
184,347,352,366,376
184,347,353,371,376
184,347,366,371,376
184,351,352,358,375
184,352,353,359,383
184,352,353,376,383
184,352,356,358,376
184,352,356,359,383
184,352,356,376,383
184,352,358,375,376
184,353,371,376,377
184,353,376,377,383
184,356,358,376,380
184,356,376,380,383
184,358,375,376,382
184,358,376,380,382
184,365,366,376,472
184,365,366,461,472
184,365,370,376,466
184,365,376,466,472
184,365,461,466,472
184,366,371,376,467
184,366,376,467,472
184,366,461,462,472
184,366,462,467,472
184,370,375,376,466
184,371,376,377,467
184,375,376,382,472
184,375,376,466,472
184,375,382,472,478
184,375,466,471,472
184,375,471,472,478
184,376,377,383,472
184,376,377,467,472
184,376,380,382,476
184,376,380,383,476
184,376,382,472,476
184,376,383,472,476
184,377,383,472,473
184,377,467,472,473
184,382,472,476,478
184,383,472,473,479
184,383,472,476,479
184,437,438,448,533
184,437,442,448,533
184,438,443,448,539
184,438,448,533,544
184,438,448,539,544
184,438,533,534,544
184,438,534,539,544
184,442,447,448,538
184,442,448,533,538
184,443,448,449,545
184,443,448,539,545
184,447,448,454,550
184,447,448,538,544
184,447,448,544,550
184,447,538,543,544
184,447,543,544,550
184,448,449,455,545
184,448,452,454,550
184,448,452,455,548
184,448,452,548,550
184,448,455,544,545
184,448,455,544,548
184,448,533,538,544
184,448,539,544,545
184,448,544,548,550
184,455,544,545,551
184,455,544,548,551
184,461,462,472,533
184,461,466,472,533
184,462,467,472,544
184,462,467,534,544
184,462,472,533,544
184,462,533,534,544
184,466,471,472,544
184,466,471,543,544
184,466,472,533,544
184,466,533,538,544
184,466,538,543,544
184,467,472,473,545
184,467,472,544,545
184,467,534,539,544
184,467,539,544,545
184,471,472,478,550
184,471,472,544,550
184,471,543,544,550
184,472,473,479,545
184,472,476,478,550
184,472,476,479,544
184,472,476,544,550
184,472,479,544,545
184,476,479,544,551
184,476,544,548,550
184,476,544,548,551
184,479,544,545,551
185,186,300,305,425
185,186,300,305,450
185,186,378,468,473
185,186,468,473,545
185,189,191,309,425
185,189,191,309,455
185,189,191,353,383
185,189,191,383,477
185,189,191,455,545
185,189,191,477,545
185,189,309,453,455
185,189,353,381,383
185,189,381,383,477
185,189,453,455,545
185,191,305,309,425
185,191,305,309,455
185,191,383,473,477
185,191,473,477,545
185,299,305,438,449
185,299,438,443,449
185,300,305,449,450
185,300,444,449,450
185,305,309,449,455
185,309,449,453,455
185,353,366,371,377
185,353,372,377,378
185,353,377,381,383
185,366,371,377,467
185,366,377,467,473
185,372,377,378,468
185,377,378,468,473
185,377,381,383,477
185,377,383,473,477
185,438,443,449,545
185,444,449,450,545
185,449,453,455,545
186,190,301,310,430
186,190,301,310,450
186,190,378,469,478
186,190,469,478,550
186,289,293,306,413
186,289,293,306,450
186,289,306,413,426
186,300,305,306,425
186,300,305,306,450
186,300,306,425,426
186,301,306,310,430
186,301,306,310,450
186,301,306,426,430
186,378,457,461,474
186,378,468,473,474
186,378,469,474,478
186,457,461,474,533
186,457,474,533,546
186,468,473,474,545
186,468,474,545,546
186,469,474,478,550
186,469,474,546,550
187,190,307,447,451
187,190,358,375,379
187,190,375,379,475
187,190,447,451,550
187,307,423,427,430
187,351,355,358,375
187,355,358,375,379
187,447,451,547,550
187,447,543,547,550
187,475,543,547,550
188,190,191,308,430
188,190,191,308,455
188,190,191,358,383
188,190,191,383,476
188,190,191,455,550
188,190,191,476,550
188,190,308,452,455
188,190,358,380,383
188,190,380,383,476
188,190,452,455,550
188,191,308,430,431
188,191,358,359,383
188,191,455,550,551
188,191,476,550,551
188,308,428,430,431
188,356,358,359,383
188,356,358,380,383
188,452,455,548,550
188,455,548,550,551
188,476,548,550,551
189,191,309,425,431
189,191,353,359,383
189,191,455,545,551
189,191,477,545,551
189,309,425,429,431
189,353,357,359,383
189,353,357,381,383
189,453,455,545,549
189,455,545,549,551
189,477,545,549,551
190,191,308,310,430
190,191,308,310,455
190,191,383,476,478
190,191,476,478,550
190,301,310,450,454
190,301,445,450,454
190,307,310,447,454
190,307,447,451,454
190,308,310,454,455
190,308,452,454,455
190,358,373,378,382
190,358,375,379,382
190,358,380,382,383
190,373,378,382,469
190,375,379,382,475
190,375,382,475,478
190,378,382,469,478
190,380,382,383,476
190,382,383,476,478
190,445,450,454,550
190,447,451,454,550
190,452,454,455,550
191,296,302,311,422
191,296,302,311,455
191,296,311,422,431
191,305,309,311,425
191,305,309,311,455
191,308,310,311,430
191,308,310,311,455
191,308,311,430,431
191,309,311,425,431
191,383,464,470,479
191,383,473,477,479
191,383,476,478,479
191,464,470,479,542
191,464,479,542,551
191,473,477,479,545
191,476,478,479,550
191,476,479,550,551
191,477,479,545,551
192,194,197,341,557
192,194,198,336,558
192,194,336,341,552
192,194,336,552,558
192,194,341,552,557
192,197,210,341,570
192,197,341,557,570
192,198,206,350,558
192,198,336,350,558
192,200,206,350,566
192,200,215,336,575
192,200,336,350,552
192,200,336,552,575
192,200,350,552,566
192,205,210,336,570
192,205,214,358,574
192,205,336,358,552
192,205,336,552,570
192,205,358,552,574
192,206,350,558,566
192,210,336,341,570
192,214,215,358,575
192,214,358,574,575
192,215,336,358,575
192,336,341,552,570
192,336,350,552,558
192,336,358,552,575
192,341,552,557,570
192,350,552,558,566
192,358,552,574,575
193,196,197,341,557
193,196,210,340,570
193,196,340,341,556
193,196,340,556,570
193,196,341,556,557
193,197,210,341,570
193,197,341,557,570
193,210,340,354,570
193,210,341,354,570
193,337,340,341,556
193,337,340,354,570
193,337,340,556,570
193,337,341,354,570
193,337,341,553,556
193,337,341,553,570
193,337,553,556,570
193,341,553,556,557
193,341,553,557,570
194,197,198,341,558
194,197,341,557,558
194,198,336,342,558
194,198,341,342,558
194,336,338,341,552
194,336,338,342,558
194,336,338,552,558
194,338,341,342,558
194,338,341,552,554
194,338,341,554,558
194,338,552,554,558
194,341,552,554,557
194,341,554,557,558
195,198,199,343,558
195,198,206,350,558
195,198,342,343,558
195,198,342,350,558
195,199,206,350,566
195,199,343,350,559
195,199,343,558,559
195,199,350,559,566
195,206,350,558,566
195,339,342,343,558
195,339,342,350,558
195,339,343,350,559
195,339,343,558,559
195,339,350,555,558
195,339,350,555,559
195,339,555,558,559
195,350,555,558,566
195,350,555,559,566
196,197,207,341,567
196,197,341,557,567
196,201,206,350,566
196,201,207,340,567
196,201,340,350,556
196,201,340,556,567
196,201,350,556,566
196,206,215,350,575
196,206,350,566,575
196,207,340,341,567
196,209,210,353,570
196,209,213,353,569
196,209,353,569,570
196,210,340,353,570
196,213,215,340,575
196,213,340,353,556
196,213,340,556,575
196,213,353,556,569
196,215,340,350,575
196,340,341,556,567
196,340,350,556,575
196,340,353,556,570
196,341,556,557,567
196,350,556,566,575
196,353,556,569,570
197,198,208,341,558
197,202,207,341,567
197,202,208,341,557
197,202,341,557,567
197,208,341,557,558
198,199,209,353,558
198,199,343,353,558
198,203,208,352,558
198,203,209,353,558
198,203,342,352,558
198,203,342,353,558
198,208,341,352,558
198,336,342,350,558
198,341,342,352,558
198,342,343,353,558
199,204,209,353,569
199,204,210,343,570
199,204,343,353,559
199,204,343,559,570
199,204,353,559,569
199,206,207,350,567
199,206,350,566,567
199,207,211,343,567
199,207,343,350,567
199,209,353,558,569
199,210,214,358,570
199,210,343,358,570
199,211,214,358,574
199,211,343,358,559
199,211,343,559,567
199,211,358,559,574
199,214,358,570,574
199,343,350,559,567
199,343,353,558,559
199,343,358,559,570
199,350,559,566,567
199,353,558,559,569
199,358,559,570,574
200,206,215,350,575
200,206,350,566,575
200,215,336,359,575
200,215,350,359,575
200,336,344,350,552
200,336,344,359,575
200,336,344,552,575
200,344,350,359,575
200,344,350,552,560
200,344,350,560,575
200,344,552,560,575
200,350,552,560,566
200,350,560,566,575
201,206,207,350,567
201,206,350,566,567
201,207,340,351,567
201,207,350,351,567
201,340,345,350,556
201,340,345,351,567
201,340,345,556,567
201,345,350,351,567
201,345,350,556,561
201,345,350,561,567
201,345,556,561,567
201,350,556,561,566
201,350,561,566,567
202,207,208,352,567
202,207,341,351,567
202,207,351,352,567
202,208,341,352,568
202,208,341,557,568
202,208,352,567,568
202,341,346,351,567
202,341,346,352,568
202,341,346,562,567
202,341,346,562,568
202,341,557,562,567
202,341,557,562,568
202,346,351,352,567
202,346,352,567,568
202,346,562,567,568
203,208,209,353,569
203,208,352,353,568
203,208,352,558,568
203,208,353,568,569
203,209,353,558,569
203,342,347,352,558
203,342,347,353,558
203,347,352,353,568
203,347,352,558,568
203,347,353,558,563
203,347,353,563,568
203,347,558,563,568
203,353,558,563,569
203,353,563,568,569
204,209,210,353,570
204,209,353,569,570
204,210,343,354,570
204,210,353,354,570
204,343,348,353,559
204,343,348,354,570
204,343,348,559,570
204,348,353,354,570
204,348,353,559,564
204,348,353,564,570
204,348,559,564,570
204,353,559,564,569
204,353,564,569,570
205,210,214,358,570
205,210,336,354,570
205,210,354,358,570
205,214,358,570,574
205,336,349,354,570
205,336,349,358,552
205,336,349,552,570
205,349,354,358,570
205,349,358,552,565
205,349,358,565,570
205,349,552,565,570
205,358,552,565,574
205,358,565,570,574
207,208,214,358,567
207,208,352,358,567
207,211,214,358,567
207,211,343,351,567
207,211,351,358,567
207,340,341,351,567
207,343,350,351,567
207,351,352,358,567
208,209,215,353,575
208,209,353,569,575
208,212,214,358,574
208,212,215,352,575
208,212,352,358,568
208,212,352,568,575
208,212,358,568,574
208,214,358,567,574
208,215,352,353,575
208,341,352,558,568
208,341,557,558,568
208,352,353,568,575
208,352,358,567,568
208,353,568,569,575
208,358,567,568,574
209,213,215,353,575
209,213,353,569,575
210,336,341,354,570
210,340,353,354,570
210,343,354,358,570
211,214,358,567,574
211,343,351,355,567
211,343,355,358,559
211,343,355,559,567
211,351,355,358,567
211,355,358,559,571
211,355,358,567,571
211,355,559,567,571
211,358,559,571,574
211,358,567,571,574
212,214,215,358,575
212,214,358,574,575
212,215,352,359,575
212,215,358,359,575
212,352,356,358,568
212,352,356,359,575
212,352,356,568,575
212,356,358,359,575
212,356,358,568,572
212,356,358,572,575
212,356,568,572,575
212,358,568,572,574
212,358,572,574,575
213,215,340,359,575
213,215,353,359,575
213,340,353,357,556
213,340,357,359,575
213,340,357,556,575
213,353,357,359,575
213,353,357,556,573
213,353,357,573,575
213,353,556,569,573
213,353,569,573,575
213,357,556,573,575
215,336,358,359,575
215,340,350,359,575
215,352,353,359,575
216,218,221,341,365
216,218,222,336,366
216,218,336,341,360
216,218,336,360,366
216,218,341,360,365
216,221,234,341,378
216,221,341,365,378
216,222,230,350,366
216,222,336,350,366
216,224,230,350,374
216,224,239,336,383
216,224,336,350,360
216,224,336,360,383
216,224,350,360,374
216,229,234,336,378
216,229,238,358,382
216,229,336,358,360
216,229,336,360,378
216,229,358,360,382
216,230,350,366,374
216,234,336,341,378
216,238,239,358,383
216,238,358,382,383
216,239,336,358,383
216,336,341,360,378
216,336,350,360,366
216,336,358,360,383
216,341,360,365,378
216,350,360,366,374
216,358,360,382,383
217,220,221,341,365
217,220,234,340,378
217,220,340,341,364
217,220,340,364,378
217,220,341,364,365
217,221,234,341,378
217,221,341,365,378
217,234,340,354,378
217,234,341,354,378
217,337,340,341,364
217,337,340,354,378
217,337,340,364,378
217,337,341,354,378
217,337,341,361,364
217,337,341,361,378
217,337,361,364,378
217,341,361,364,365
217,341,361,365,378
218,221,222,341,366
218,221,341,365,366
218,222,336,342,366
218,222,341,342,366
218,336,338,341,360
218,336,338,342,366
218,336,338,360,366
218,338,341,342,366
218,338,341,360,362
218,338,341,362,366
218,338,360,362,366
218,341,360,362,365
218,341,362,365,366
219,222,223,343,366
219,222,230,350,366
219,222,342,343,366
219,222,342,350,366
219,223,230,350,374
219,223,343,350,367
219,223,343,366,367
219,223,350,367,374
219,230,350,366,374
219,339,342,343,366
219,339,342,350,366
219,339,343,350,367
219,339,343,366,367
219,339,350,363,366
219,339,350,363,367
219,339,363,366,367
219,350,363,366,374
219,350,363,367,374
220,221,231,341,375
220,221,341,365,375
220,225,230,350,374
220,225,231,340,375
220,225,340,350,364
220,225,340,364,375
220,225,350,364,374
220,230,239,350,383
220,230,350,374,383
220,231,340,341,375
220,233,234,353,378
220,233,237,353,377
220,233,353,377,378
220,234,340,353,378
220,237,239,340,383
220,237,340,353,364
220,237,340,364,383
220,237,353,364,377
220,239,340,350,383
220,340,341,364,375
220,340,350,364,383
220,340,353,364,378
220,341,364,365,375
220,350,364,374,383
220,353,364,377,378
221,222,232,341,366
221,226,231,341,375
221,226,232,341,365
221,226,341,365,375
221,232,341,365,366
222,223,233,353,366
222,223,343,353,366
222,227,232,352,366
222,227,233,353,366
222,227,342,352,366
222,227,342,353,366
222,232,341,352,366
222,336,342,350,366
222,341,342,352,366
222,342,343,353,366
223,228,233,353,377
223,228,234,343,378
223,228,343,353,367
223,228,343,367,378
223,228,353,367,377
223,230,231,350,375
223,230,350,374,375
223,231,235,343,375
223,231,343,350,375
223,233,353,366,377
223,234,238,358,378
223,234,343,358,378
223,235,238,358,382
223,235,343,358,367
223,235,343,367,375
223,235,358,367,382
223,238,358,378,382
223,343,350,367,375
223,343,353,366,367
223,343,358,367,378
223,350,367,374,375
223,353,366,367,377
223,358,367,378,382
224,230,239,350,383
224,230,350,374,383
224,239,336,359,383
224,239,350,359,383
224,336,344,350,360
224,336,344,359,383
224,336,344,360,383
224,344,350,359,383
224,344,350,360,368
224,344,350,368,383
224,344,360,368,383
224,350,360,368,374
224,350,368,374,383
225,230,231,350,375
225,230,350,374,375
225,231,340,351,375
225,231,350,351,375
225,340,345,350,364
225,340,345,351,375
225,340,345,364,375
225,345,350,351,375
225,345,350,364,369
225,345,350,369,375
225,345,364,369,375
225,350,364,369,374
225,350,369,374,375
226,231,232,352,375
226,231,341,351,375
226,231,351,352,375
226,232,341,352,376
226,232,341,365,376
226,232,352,375,376
226,341,346,351,375
226,341,346,352,376
226,341,346,370,375
226,341,346,370,376
226,341,365,370,375
226,341,365,370,376
226,346,351,352,375
226,346,352,375,376
226,346,370,375,376
227,232,233,353,377
227,232,352,353,376
227,232,352,366,376
227,232,353,376,377
227,233,353,366,377
227,342,347,352,366
227,342,347,353,366
227,347,352,353,376
227,347,352,366,376
227,347,353,366,371
227,347,353,371,376
227,347,366,371,376
227,353,366,371,377
227,353,371,376,377
228,233,234,353,378
228,233,353,377,378
228,234,343,354,378
228,234,353,354,378
228,343,348,353,367
228,343,348,354,378
228,343,348,367,378
228,348,353,354,378
228,348,353,367,372
228,348,353,372,378
228,348,367,372,378
228,353,367,372,377
228,353,372,377,378
229,234,238,358,378
229,234,336,354,378
229,234,354,358,378
229,238,358,378,382
229,336,349,354,378
229,336,349,358,360
229,336,349,360,378
229,349,354,358,378
229,349,358,360,373
229,349,358,373,378
229,349,360,373,378
229,358,360,373,382
229,358,373,378,382
231,232,238,358,375
231,232,352,358,375
231,235,238,358,375
231,235,343,351,375
231,235,351,358,375
231,340,341,351,375
231,343,350,351,375
231,351,352,358,375
232,233,239,353,383
232,233,353,377,383
232,236,238,358,382
232,236,239,352,383
232,236,352,358,376
232,236,352,376,383
232,236,358,376,382
232,238,358,375,382
232,239,352,353,383
232,341,352,366,376
232,341,365,366,376
232,352,353,376,383
232,352,358,375,376
232,353,376,377,383
232,358,375,376,382
233,237,239,353,383
233,237,353,377,383
234,336,341,354,378
234,340,353,354,378
234,343,354,358,378
235,238,358,375,382
235,343,351,355,375
235,343,355,358,367
235,343,355,367,375
235,351,355,358,375
235,355,358,367,379
235,355,358,375,379
235,355,367,375,379
235,358,367,379,382
235,358,375,379,382
236,238,239,358,383
236,238,358,382,383
236,239,352,359,383
236,239,358,359,383
236,352,356,358,376
236,352,356,359,383
236,352,356,376,383
236,356,358,359,383
236,356,358,376,380
236,356,358,380,383
236,356,376,380,383
236,358,376,380,382
236,358,380,382,383
237,239,340,359,383
237,239,353,359,383
237,340,353,357,364
237,340,357,359,383
237,340,357,364,383
237,353,357,359,383
237,353,357,364,381
237,353,357,381,383
237,353,364,377,381
237,353,377,381,383
237,357,364,381,383
239,336,358,359,383
239,340,350,359,383
239,352,353,359,383
240,242,245,365,384
240,242,246,366,384
240,242,360,365,384
240,242,360,366,384
240,245,258,378,384
240,245,365,378,384
240,246,254,366,384
240,248,254,374,384
240,248,263,383,384
240,248,360,374,384
240,248,360,383,384
240,253,258,378,384
240,253,262,382,384
240,253,360,378,384
240,253,360,382,384
240,254,366,374,384
240,262,263,383,384
240,262,382,383,384
240,360,365,378,384
240,360,366,374,384
240,360,382,383,384
241,244,245,365,388
241,244,258,378,388
241,244,364,365,388
241,244,364,378,388
241,245,258,378,402
241,245,365,378,389
241,245,365,388,389
241,245,378,389,402
241,258,378,388,402
241,361,364,365,388
241,361,364,378,388
241,361,365,378,389
241,361,365,388,389
241,361,378,385,388
241,361,378,385,389
241,361,385,388,389
241,378,385,388,402
241,378,385,389,402
242,245,246,366,390
242,245,365,366,389
242,245,365,384,389
242,245,366,389,390
242,246,366,384,390
242,360,362,365,384
242,360,362,366,384
242,362,365,366,389
242,362,365,384,389
242,362,366,384,386
242,362,366,386,389
242,362,384,386,389
242,366,384,386,390
242,366,386,389,390
243,246,247,366,391
243,246,254,366,390
243,246,366,390,391
243,247,254,374,391
243,247,366,367,391
243,247,367,374,391
243,254,366,374,398
243,254,366,390,398
243,254,374,391,398
243,363,366,367,391
243,363,366,374,398
243,363,366,387,391
243,363,366,387,398
243,363,367,374,391
243,363,374,391,398
243,363,387,391,398
243,366,387,390,391
243,366,387,390,398
244,245,255,375,388
244,245,365,375,388
244,249,254,374,388
244,249,255,375,388
244,249,364,374,388
244,249,364,375,388
244,254,263,383,388
244,254,374,383,388
244,257,258,378,388
244,257,261,377,388
244,257,377,378,388
244,261,263,383,388
244,261,364,377,388
244,261,364,383,388
244,364,365,375,388
244,364,374,383,388
244,364,377,378,388
245,246,256,366,400
245,246,366,390,400
245,250,255,375,399
245,250,256,365,400
245,250,365,375,389
245,250,365,389,400
245,250,375,389,399
245,255,375,388,399
245,256,365,366,400
245,258,378,384,402
245,365,366,389,400
245,365,375,388,389
245,365,378,384,389
245,366,389,390,400
245,375,388,389,399
245,378,384,389,402
246,247,257,366,391
246,251,256,366,400
246,251,257,366,390
246,251,366,390,400
246,254,366,384,390
246,257,366,390,391
247,252,257,377,391
247,252,258,378,391
247,252,367,377,391
247,252,367,378,391
247,254,255,375,391
247,254,374,375,391
247,255,259,375,391
247,257,366,377,391
247,258,262,378,391
247,259,262,382,391
247,259,367,375,391
247,259,367,382,391
247,262,378,382,391
247,366,367,377,391
247,367,374,375,391
247,367,378,382,391
248,254,263,383,407
248,254,374,383,398
248,254,374,384,398
248,254,383,398,407
248,263,383,384,407
248,360,368,374,384
248,360,368,383,384
248,368,374,383,398
248,368,374,384,398
248,368,383,384,392
248,368,383,392,398
248,368,384,392,398
248,383,384,392,407
248,383,392,398,407
249,254,255,375,399
249,254,374,375,398
249,254,374,388,398
249,254,375,398,399
249,255,375,388,399
249,364,369,374,388
249,364,369,375,388
249,369,374,375,398
249,369,374,388,398
249,369,375,388,393
249,369,375,393,398
249,369,388,393,398
249,375,388,393,399
249,375,393,398,399
250,255,256,375,400
250,255,375,399,400
250,256,365,376,400
250,256,375,376,400
250,365,370,375,389
250,365,370,376,400
250,365,370,389,400
250,370,375,376,400
250,370,375,389,394
250,370,375,394,400
250,370,389,394,400
250,375,389,394,399
250,375,394,399,400
251,256,257,377,400
251,256,366,376,400
251,256,376,377,400
251,257,366,377,401
251,257,366,390,401
251,257,377,400,401
251,366,371,376,400
251,366,371,377,401
251,366,371,395,400
251,366,371,395,401
251,366,390,395,400
251,366,390,395,401
251,371,376,377,400
251,371,377,400,401
251,371,395,400,401
252,257,258,378,402
252,257,377,378,401
252,257,377,391,401
252,257,378,401,402
252,258,378,391,402
252,367,372,377,391
252,367,372,378,391
252,372,377,378,401
252,372,377,391,401
252,372,378,391,396
252,372,378,396,401
252,372,391,396,401
252,378,391,396,402
252,378,396,401,402
253,258,262,378,402
253,258,378,384,402
253,262,378,382,406
253,262,378,402,406
253,262,382,384,406
253,360,373,378,384
253,360,373,382,384
253,373,378,382,406
253,373,378,384,397
253,373,378,397,406
253,373,382,384,406
253,373,384,397,406
253,378,384,397,402
253,378,397,402,406
254,255,375,391,399
254,263,383,388,407
254,366,374,384,398
254,366,384,390,398
254,374,375,391,398
254,374,383,388,398
254,375,391,398,399
254,383,388,398,407
255,256,262,375,400
255,259,262,375,399
255,259,375,391,399
255,262,375,399,400
256,257,263,383,400
256,257,377,383,400
256,260,262,382,400
256,260,263,383,400
256,260,376,382,400
256,260,376,383,400
256,262,375,382,400
256,365,366,376,400
256,375,376,382,400
256,376,377,383,400
257,258,378,388,402
257,261,263,383,407
257,261,377,383,401
257,261,377,388,401
257,261,383,401,407
257,263,383,400,407
257,366,377,391,401
257,366,390,391,401
257,377,378,388,401
257,377,383,400,401
257,378,388,401,402
257,383,400,401,407
258,262,378,391,402
259,262,375,382,406
259,262,375,399,406
259,262,382,391,406
259,367,375,379,391
259,367,379,382,391
259,375,379,382,406
259,375,379,391,403
259,375,379,403,406
259,375,391,399,403
259,375,399,403,406
259,379,382,391,406
259,379,391,403,406
260,262,263,383,407
260,262,382,383,406
260,262,382,400,406
260,262,383,406,407
260,263,383,400,407
260,376,380,382,400
260,376,380,383,400
260,380,382,383,406
260,380,382,400,406
260,380,383,400,404
260,380,383,404,406
260,380,400,404,406
260,383,400,404,407
260,383,404,406,407
261,263,383,388,407
261,364,377,381,388
261,364,381,383,388
261,377,381,383,401
261,377,381,388,401
261,381,383,388,405
261,381,383,401,405
261,381,388,401,405
261,383,388,405,407
261,383,401,405,407
262,263,383,384,407
262,375,382,400,406
262,375,399,400,406
262,378,382,391,406
262,378,391,402,406
262,382,383,384,406
262,383,384,406,407
264,266,269,384,413
264,266,270,384,408
264,266,384,408,413
264,269,282,384,413
264,270,278,384,422
264,270,384,408,422
264,272,278,384,422
264,272,287,384,408
264,272,384,408,422
264,277,282,384,408
264,277,286,384,430
264,277,384,408,430
264,282,384,408,413
264,286,287,384,430
264,287,384,408,430
265,268,269,388,413
265,268,282,388,412
265,268,388,412,413
265,269,282,402,413
265,269,388,389,413
265,269,389,402,413
265,282,388,402,426
265,282,388,412,426
265,282,402,413,426
265,385,388,389,413
265,385,388,402,426
265,385,388,409,413
265,385,388,409,426
265,385,389,402,413
265,385,402,413,426
265,385,409,413,426
265,388,409,412,413
265,388,409,412,426
266,269,270,390,413
266,269,384,389,413
266,269,389,390,413
266,270,384,390,414
266,270,384,408,414
266,270,390,413,414
266,384,386,389,413
266,384,386,390,414
266,384,386,410,413
266,384,386,410,414
266,384,408,410,413
266,384,408,410,414
266,386,389,390,413
266,386,390,413,414
266,386,410,413,414
267,270,271,391,415
267,270,278,390,422
267,270,390,391,414
267,270,390,414,422
267,270,391,414,415
267,271,278,391,422
267,271,391,415,422
267,278,390,398,422
267,278,391,398,422
267,387,390,391,414
267,387,390,398,422
267,387,390,414,422
267,387,391,398,422
267,387,391,411,414
267,387,391,411,422
267,387,411,414,422
267,391,411,414,415
267,391,411,415,422
268,269,279,388,413
268,273,278,388,422
268,273,279,388,412
268,273,388,412,422
268,278,287,388,422
268,279,388,412,413
268,281,282,388,425
268,281,285,388,425
268,282,388,412,425
268,285,287,388,412
268,285,388,412,425
268,287,388,412,422
269,270,280,400,413
269,270,390,400,413
269,274,279,399,413
269,274,280,400,413
269,274,389,399,413
269,274,389,400,413
269,279,388,399,413
269,282,384,402,413
269,384,389,402,413
269,388,389,399,413
269,389,390,400,413
270,271,281,391,425
270,271,391,415,425
270,275,280,400,424
270,275,281,390,425
270,275,390,400,414
270,275,390,414,425
270,275,400,414,424
270,278,384,390,422
270,280,400,413,424
270,281,390,391,425
270,384,390,414,422
270,384,408,414,422
270,390,391,414,425
270,390,400,413,414
270,391,414,415,425
270,400,413,414,424
271,276,281,391,425
271,276,282,391,415
271,276,391,415,425
271,278,279,391,422
271,279,283,391,415
271,279,391,415,422
271,282,286,391,430
271,282,391,415,430
271,283,286,391,430
271,283,391,415,430
272,278,287,407,422
272,278,384,398,422
272,278,398,407,422
272,287,384,407,431
272,287,384,408,431
272,287,407,422,431
272,384,392,398,422
272,384,392,407,431
272,384,392,416,422
272,384,392,416,431
272,384,408,416,422
272,384,408,416,431
272,392,398,407,422
272,392,407,422,431
272,392,416,422,431
273,278,279,399,422
273,278,388,398,422
273,278,398,399,422
273,279,388,399,423
273,279,388,412,423
273,279,399,422,423
273,388,393,398,422
273,388,393,399,423
273,388,393,417,422
273,388,393,417,423
273,388,412,417,422
273,388,412,417,423
273,393,398,399,422
273,393,399,422,423
273,393,417,422,423
274,279,280,400,424
274,279,399,400,423
274,279,399,413,423
274,279,400,423,424
274,280,400,413,424
274,389,394,399,413
274,389,394,400,413
274,394,399,400,423
274,394,399,413,423
274,394,400,413,418
274,394,400,418,423
274,394,413,418,423
274,400,413,418,424
274,400,418,423,424
275,280,281,400,425
275,280,400,424,425
275,281,390,401,425
275,281,400,401,425
275,390,395,400,414
275,390,395,401,425
275,390,395,414,425
275,395,400,401,425
275,395,400,414,419
275,395,400,419,425
275,395,414,419,425
275,400,414,419,424
275,400,419,424,425
276,281,282,402,425
276,281,391,401,425
276,281,401,402,425
276,282,391,402,426
276,282,391,415,426
276,282,402,425,426
276,391,396,401,425
276,391,396,402,426
276,391,396,420,425
276,391,396,420,426
276,391,415,420,425
276,391,415,420,426
276,396,401,402,425
276,396,402,425,426
276,396,420,425,426
277,282,286,402,430
277,282,384,402,426
277,282,384,408,426
277,282,402,426,430
277,286,384,406,430
277,286,402,406,430
277,384,397,402,426
277,384,397,406,430
277,384,397,421,426
277,384,397,421,430
277,384,408,421,426
277,384,408,421,430
277,397,402,406,430
277,397,402,426,430
277,397,421,426,430
278,279,391,399,422
278,287,388,407,422
278,384,390,398,422
278,388,398,407,422
278,391,398,399,422
279,280,286,400,430
279,280,400,424,430
279,283,286,399,430
279,283,391,399,423
279,283,391,415,423
279,283,399,423,430
279,286,399,400,430
279,388,399,413,423
279,388,412,413,423
279,391,399,422,423
279,391,415,422,423
279,399,400,423,430
279,400,423,424,430
280,281,287,400,425
280,284,286,400,430
280,284,287,400,424
280,284,400,424,430
280,287,400,424,425
281,282,388,402,425
281,285,287,407,425
281,285,388,401,425
281,285,401,407,425
281,287,400,407,425
281,388,401,402,425
281,390,391,401,425
281,400,401,407,425
282,286,391,402,430
282,384,402,413,426
282,384,408,413,426
282,388,402,425,426
282,388,412,425,426
282,391,402,426,430
282,391,415,426,430
283,286,391,406,430
283,286,399,406,430
283,391,399,403,423
283,391,403,406,430
283,391,403,423,427
283,391,403,427,430
283,391,415,423,427
283,391,415,427,430
283,399,403,406,430
283,399,403,423,430
283,403,423,427,430
284,286,287,407,430
284,286,400,406,430
284,286,406,407,430
284,287,400,407,431
284,287,400,424,431
284,287,407,430,431
284,400,404,406,430
284,400,404,407,431
284,400,404,428,430
284,400,404,428,431
284,400,424,428,430
284,400,424,428,431
284,404,406,407,430
284,404,407,430,431
284,404,428,430,431
285,287,388,407,431
285,287,388,412,431
285,287,407,425,431
285,388,401,405,425
285,388,405,407,431
285,388,405,425,429
285,388,405,429,431
285,388,412,425,429
285,388,412,429,431
285,401,405,407,425
285,405,407,425,431
285,405,425,429,431
286,287,384,407,430
286,384,406,407,430
286,391,402,406,430
286,399,400,406,430
287,384,407,430,431
287,384,408,430,431
287,388,407,422,431
287,388,412,422,431
287,400,407,425,431
287,400,424,425,431
288,290,293,413,437
288,290,294,408,438
288,290,408,413,432
288,290,408,432,438
288,290,413,432,437
288,293,306,413,450
288,293,413,437,450
288,294,302,422,438
288,294,408,422,438
288,296,302,422,446
288,296,311,408,455
288,296,408,422,432
288,296,408,432,455
288,296,422,432,446
288,301,306,408,450
288,301,310,430,454
288,301,408,430,432
288,301,408,432,450
288,301,430,432,454
288,302,422,438,446
288,306,408,413,450
288,310,311,430,455
288,310,430,454,455
288,311,408,430,455
288,408,413,432,450
288,408,422,432,438
288,408,430,432,455
288,413,432,437,450
288,422,432,438,446
288,430,432,454,455
289,292,293,413,437
289,292,306,412,450
289,292,412,413,436
289,292,412,436,450
289,292,413,436,437
289,293,306,413,450
289,293,413,437,450
289,306,412,426,450
289,306,413,426,450
289,409,412,413,436
289,409,412,426,450
289,409,412,436,450
289,409,413,426,450
289,409,413,433,436
289,409,413,433,450
289,409,433,436,450
289,413,433,436,437
289,413,433,437,450
290,293,294,413,438
290,293,413,437,438
290,294,408,414,438
290,294,413,414,438
290,408,410,413,432
290,408,410,414,438
290,408,410,432,438
290,410,413,414,438
290,410,413,432,434
290,410,413,434,438
290,410,432,434,438
290,413,432,434,437
290,413,434,437,438
291,294,295,415,438
291,294,302,422,438
291,294,414,415,438
291,294,414,422,438
291,295,302,422,446
291,295,415,422,439
291,295,415,438,439
291,295,422,439,446
291,302,422,438,446
291,411,414,415,438
291,411,414,422,438
291,411,415,422,439
291,411,415,438,439
291,411,422,435,438
291,411,422,435,439
291,411,435,438,439
291,422,435,438,446
291,422,435,439,446
292,293,303,413,447
292,293,413,437,447
292,297,302,422,446
292,297,303,412,447
292,297,412,422,436
292,297,412,436,447
292,297,422,436,446
292,302,311,422,455
292,302,422,446,455
292,303,412,413,447
292,305,306,425,450
292,305,309,425,449
292,305,425,449,450
292,306,412,425,450
292,309,311,412,455
292,309,412,425,436
292,309,412,436,455
292,309,425,436,449
292,311,412,422,455
292,412,413,436,447
292,412,422,436,455
292,412,425,436,450
292,413,436,437,447
292,422,436,446,455
292,425,436,449,450
293,294,304,413,438
293,298,303,413,447
293,298,304,413,437
293,298,413,437,447
293,304,413,437,438
294,295,305,425,438
294,295,415,425,438
294,299,304,424,438
294,299,305,425,438
294,299,414,424,438
294,299,414,425,438
294,304,413,424,438
294,408,414,422,438
294,413,414,424,438
294,414,415,425,438
295,300,305,425,449
295,300,306,415,450
295,300,415,425,439
295,300,415,439,450
295,300,425,439,449
295,302,303,422,447
295,302,422,446,447
295,303,307,415,447
295,303,415,422,447
295,305,425,438,449
295,306,310,430,450
295,306,415,430,450
295,307,310,430,454
295,307,415,430,439
295,307,415,439,447
295,307,430,439,454
295,310,430,450,454
295,415,422,439,447
295,415,425,438,439
295,415,430,439,450
295,422,439,446,447
295,425,438,439,449
295,430,439,450,454
296,302,311,422,455
296,302,422,446,455
296,311,408,431,455
296,311,422,431,455
296,408,416,422,432
296,408,416,431,455
296,408,416,432,455
296,416,422,431,455
296,416,422,432,440
296,416,422,440,455
296,416,432,440,455
296,422,432,440,446
296,422,440,446,455
297,302,303,422,447
297,302,422,446,447
297,303,412,423,447
297,303,422,423,447
297,412,417,422,436
297,412,417,423,447
297,412,417,436,447
297,417,422,423,447
297,417,422,436,441
297,417,422,441,447
297,417,436,441,447
297,422,436,441,446
297,422,441,446,447
298,303,304,424,447
298,303,413,423,447
298,303,423,424,447
298,304,413,424,448
298,304,413,437,448
298,304,424,447,448
298,413,418,423,447
298,413,418,424,448
298,413,418,442,447
298,413,418,442,448
298,413,437,442,447
298,413,437,442,448
298,418,423,424,447
298,418,424,447,448
298,418,442,447,448
299,304,305,425,449
299,304,424,425,448
299,304,424,438,448
299,304,425,448,449
299,305,425,438,449
299,414,419,424,438
299,414,419,425,438
299,419,424,425,448
299,419,424,438,448
299,419,425,438,443
299,419,425,443,448
299,419,438,443,448
299,425,438,443,449
299,425,443,448,449
300,305,306,425,450
300,305,425,449,450
300,306,415,426,450
300,306,425,426,450
300,415,420,425,439
300,415,420,426,450
300,415,420,439,450
300,420,425,426,450
300,420,425,439,444
300,420,425,444,450
300,420,439,444,450
300,425,439,444,449
300,425,444,449,450
301,306,310,430,450
301,306,408,426,450
301,306,426,430,450
301,310,430,450,454
301,408,421,426,450
301,408,421,430,432
301,408,421,432,450
301,421,426,430,450
301,421,430,432,445
301,421,430,445,450
301,421,432,445,450
301,430,432,445,454
301,430,445,450,454
303,304,310,430,447
303,304,424,430,447
303,307,310,430,447
303,307,415,423,447
303,307,423,430,447
303,412,413,423,447
303,415,422,423,447
303,423,424,430,447
304,305,311,425,455
304,305,425,449,455
304,308,310,430,454
304,308,311,424,455
304,308,424,430,448
304,308,424,448,455
304,308,430,448,454
304,310,430,447,454
304,311,424,425,455
304,413,424,438,448
304,413,437,438,448
304,424,425,448,455
304,424,430,447,448
304,425,448,449,455
304,430,447,448,454
305,309,311,425,455
305,309,425,449,455
306,408,413,426,450
306,412,425,426,450
306,415,426,430,450
307,310,430,447,454
307,415,423,427,447
307,415,427,430,439
307,415,427,439,447
307,423,427,430,447
307,427,430,439,451
307,427,430,447,451
307,427,439,447,451
307,430,439,451,454
307,430,447,451,454
308,310,311,430,455
308,310,430,454,455
308,311,424,431,455
308,311,430,431,455
308,424,428,430,448
308,424,428,431,455
308,424,428,448,455
308,428,430,431,455
308,428,430,448,452
308,428,430,452,455
308,428,448,452,455
308,430,448,452,454
308,430,452,454,455
309,311,412,431,455
309,311,425,431,455
309,412,425,429,436
309,412,429,431,455
309,412,429,436,455
309,425,429,431,455
309,425,429,436,453
309,425,429,453,455
309,425,436,449,453
309,425,449,453,455
309,429,436,453,455
311,408,430,431,455
311,412,422,431,455
311,424,425,431,455
312,314,317,437,533
312,314,318,438,528
312,314,432,437,533
312,314,432,438,528
312,314,432,528,533
312,317,330,450,533
312,317,437,450,533
312,318,326,438,542
312,318,438,528,542
312,320,326,446,542
312,320,335,455,528
312,320,432,446,542
312,320,432,455,528
312,320,432,528,542
312,325,330,450,528
312,325,334,454,550
312,325,432,450,528
312,325,432,454,550
312,325,432,528,550
312,326,438,446,542
312,330,450,528,533
312,334,335,455,550
312,334,454,455,550
312,335,455,528,550
312,432,437,450,533
312,432,438,446,542
312,432,438,528,542
312,432,450,528,533
312,432,454,455,550
312,432,455,528,550
313,316,317,437,533
313,316,330,450,532
313,316,436,437,533
313,316,436,450,532
313,316,436,532,533
313,317,330,450,533
313,317,437,450,533
313,330,450,532,546
313,330,450,533,546
313,433,436,437,533
313,433,436,450,529
313,433,436,529,533
313,433,437,450,533
313,433,450,529,533
313,436,450,529,532
313,436,529,532,533
313,450,529,532,546
313,450,529,533,546
314,317,318,438,533
314,317,437,438,533
314,318,438,528,534
314,318,438,533,534
314,432,434,437,533
314,432,434,438,530
314,432,434,530,533
314,432,438,528,530
314,432,528,530,533
314,434,437,438,533
314,434,438,530,533
314,438,528,530,534
314,438,530,533,534
315,318,319,438,535
315,318,326,438,542
315,318,438,534,535
315,318,438,534,542
315,319,326,446,542
315,319,438,439,535
315,319,439,446,542
315,319,439,535,542
315,326,438,446,542
315,435,438,439,531
315,435,438,446,542
315,435,438,531,542
315,435,439,446,542
315,435,439,531,542
315,438,439,531,535
315,438,531,534,535
315,438,531,534,542
315,439,531,535,542
316,317,327,447,533
316,317,437,447,533
316,321,326,446,542
316,321,327,447,532
316,321,436,446,542
316,321,436,447,532
316,321,436,532,542
316,326,335,455,542
316,326,446,455,542
316,327,447,532,533
316,329,330,450,545
316,329,333,449,545
316,329,449,450,545
316,330,450,532,545
316,333,335,455,532
316,333,436,449,545
316,333,436,455,532
316,333,436,532,545
316,335,455,532,542
316,436,437,447,533
316,436,446,455,542
316,436,447,532,533
316,436,449,450,545
316,436,450,532,545
316,436,455,532,542
317,318,328,438,533
317,322,327,447,533
317,322,328,437,533
317,322,437,447,533
317,328,437,438,533
318,319,329,438,545
318,319,438,535,545
318,323,328,438,544
318,323,329,438,545
318,323,438,534,544
318,323,438,534,545
318,328,438,533,544
318,438,528,534,542
318,438,533,534,544
318,438,534,535,545
319,324,329,449,545
319,324,330,450,535
319,324,439,449,545
319,324,439,450,535
319,324,439,535,545
319,326,327,447,542
319,326,446,447,542
319,327,331,447,535
319,327,447,535,542
319,329,438,449,545
319,330,334,450,550
319,330,450,535,550
319,331,334,454,550
319,331,439,447,535
319,331,439,454,550
319,331,439,535,550
319,334,450,454,550
319,438,439,449,545
319,438,439,535,545
319,439,446,447,542
319,439,447,535,542
319,439,450,454,550
319,439,450,535,550
320,326,335,455,542
320,326,446,455,542
320,335,455,528,551
320,335,455,542,551
320,432,440,446,542
320,432,440,455,536
320,432,440,536,542
320,432,455,528,536
320,432,528,536,542
320,440,446,455,542
320,440,455,536,542
320,455,528,536,551
320,455,536,542,551
321,326,327,447,542
321,326,446,447,542
321,327,447,532,543
321,327,447,542,543
321,436,441,446,542
321,436,441,447,537
321,436,441,537,542
321,436,447,532,537
321,436,532,537,542
321,441,446,447,542
321,441,447,537,542
321,447,532,537,543
321,447,537,542,543
322,327,328,447,544
322,327,447,533,543
322,327,447,543,544
322,328,437,448,533
322,328,447,448,544
322,328,448,533,544
322,437,442,447,533
322,437,442,448,533
322,442,447,448,538
322,442,447,533,538
322,442,448,533,538
322,447,448,538,544
322,447,533,538,543
322,447,538,543,544
322,448,533,538,544
323,328,329,449,545
323,328,438,448,544
323,328,448,449,545
323,328,448,544,545
323,329,438,449,545
323,438,443,448,539
323,438,443,449,545
323,438,443,539,545
323,438,448,539,544
323,438,534,539,544
323,438,534,539,545
323,443,448,449,545
323,443,448,539,545
323,448,539,544,545
324,329,330,450,545
324,329,449,450,545
324,330,450,535,546
324,330,450,545,546
324,439,444,449,545
324,439,444,450,540
324,439,444,540,545
324,439,450,535,540
324,439,535,540,545
324,444,449,450,545
324,444,450,540,545
324,450,535,540,546
324,450,540,545,546
325,330,334,450,550
325,330,450,528,546
325,330,450,546,550
325,334,450,454,550
325,432,445,450,541
325,432,445,454,550
325,432,445,541,550
325,432,450,528,541
325,432,528,541,550
325,445,450,454,550
325,445,450,541,550
325,450,528,541,546
325,450,541,546,550
327,328,334,447,550
327,328,447,544,550
327,331,334,447,550
327,331,447,535,543
327,331,447,543,550
327,447,532,533,543
327,447,535,542,543
327,447,543,544,550
328,329,335,455,545
328,329,449,455,545
328,332,334,454,550
328,332,335,455,544
328,332,448,454,550
328,332,448,455,544
328,332,448,544,550
328,334,447,454,550
328,335,455,544,545
328,437,438,448,533
328,438,448,533,544
328,447,448,454,550
328,447,448,544,550
328,448,449,455,545
328,448,455,544,545
329,333,335,455,545
329,333,449,455,545
330,450,528,533,546
330,450,532,545,546
330,450,535,546,550
331,334,447,454,550
331,439,447,451,547
331,439,447,535,547
331,439,451,454,550
331,439,451,547,550
331,439,535,547,550
331,447,451,454,550
331,447,451,547,550
331,447,535,543,547
331,447,543,547,550
332,334,335,455,550
332,334,454,455,550
332,335,455,544,551
332,335,455,550,551
332,448,452,454,550
332,448,452,455,548
332,448,452,548,550
332,448,455,544,548
332,448,544,548,550
332,452,454,455,550
332,452,455,548,550
332,455,544,548,551
332,455,548,550,551
333,335,455,532,551
333,335,455,545,551
333,436,449,453,545
333,436,453,455,549
333,436,453,545,549
333,436,455,532,549
333,436,532,545,549
333,449,453,455,545
333,453,455,545,549
333,455,532,549,551
333,455,545,549,551
335,455,528,550,551
335,455,532,542,551
335,455,544,545,551
360,362,365,384,533
360,362,365,458,533
360,362,366,384,530
360,362,366,458,530
360,362,384,530,533
360,362,458,530,533
360,365,378,384,533
360,365,378,456,533
360,365,456,458,533
360,366,374,384,542
360,366,374,456,542
360,366,384,528,530
360,366,384,528,542
360,366,456,458,528
360,366,456,528,542
360,366,458,528,530
360,368,374,384,542
360,368,374,464,542
360,368,383,384,536
360,368,383,464,536
360,368,384,536,542
360,368,464,536,542
360,373,378,384,541
360,373,378,469,541
360,373,382,384,550
360,373,382,469,550
360,373,384,541,550
360,373,469,541,550
360,374,456,464,542
360,378,384,528,533
360,378,384,528,541
360,378,456,469,528
360,378,456,528,533
360,378,469,528,541
360,382,383,384,550
360,382,383,456,550
360,382,456,469,550
360,383,384,528,536
360,383,384,528,550
360,383,456,464,528
360,383,456,528,550
360,383,464,528,536
360,384,528,530,533
360,384,528,536,542
360,384,528,541,550
360,456,458,528,533
360,456,464,528,542
360,456,469,528,550
360,458,528,530,533
360,464,528,536,542
360,469,528,541,550
361,364,365,388,533
361,364,365,457,533
361,364,378,388,529
361,364,378,457,529
361,364,388,529,533
361,364,457,529,533
361,365,378,389,533
361,365,378,457,533
361,365,388,389,533
361,378,385,388,529
361,378,385,389,533
361,378,385,529,533
361,378,457,529,533
361,385,388,389,533
361,385,388,529,533
362,365,366,389,533
362,365,366,458,533
362,365,384,389,533
362,366,384,386,530
362,366,386,389,533
362,366,386,530,533
362,366,458,530,533
362,384,386,389,533
362,384,386,530,533
363,366,367,391,531
363,366,367,459,531
363,366,374,398,542
363,366,374,459,542
363,366,387,391,531
363,366,387,398,542
363,366,387,531,542
363,366,459,531,542
363,367,374,391,542
363,367,374,459,542
363,367,391,531,542
363,367,459,531,542
363,374,391,398,542
363,387,391,398,542
363,387,391,531,542
364,365,375,388,533
364,365,375,460,533
364,365,457,460,533
364,369,374,388,542
364,369,374,465,542
364,369,375,388,537
364,369,375,465,537
364,369,388,537,542
364,369,465,537,542
364,374,383,388,542
364,374,383,460,542
364,374,460,465,542
364,375,388,532,533
364,375,388,532,537
364,375,460,465,532
364,375,460,532,533
364,375,465,532,537
364,377,378,388,545
364,377,378,460,545
364,377,381,388,545
364,377,381,477,545
364,377,460,477,545
364,378,388,529,532
364,378,388,532,545
364,378,457,460,532
364,378,457,529,532
364,378,460,532,545
364,381,383,388,549
364,381,383,477,549
364,381,388,545,549
364,381,477,545,549
364,383,388,532,542
364,383,388,532,549
364,383,460,477,532
364,383,460,532,542
364,383,477,532,549
364,388,529,532,533
364,388,532,537,542
364,388,532,545,549
364,457,460,532,533
364,457,529,532,533
364,460,465,532,542
364,460,477,532,545
364,465,532,537,542
364,477,532,545,549
365,366,376,400,533
365,366,376,472,533
365,366,389,400,533
365,366,458,461,533
365,366,461,472,533
365,370,375,389,533
365,370,375,466,533
365,370,376,400,533
365,370,376,466,533
365,370,389,400,533
365,375,388,389,533
365,375,460,461,533
365,375,461,466,533
365,376,466,472,533
365,378,384,389,533
365,378,456,461,533
365,378,457,461,533
365,456,458,461,533
365,457,460,461,533
365,461,466,472,533
366,367,377,391,545
366,367,377,463,545
366,367,391,531,535
366,367,391,535,545
366,367,459,463,535
366,367,459,531,535
366,367,463,535,545
366,371,376,400,539
366,371,376,467,539
366,371,377,401,545
366,371,377,467,545
366,371,395,400,539
366,371,395,401,545
366,371,395,539,545
366,371,467,539,545
366,374,384,398,542
366,374,456,470,542
366,374,459,470,542
366,376,400,533,544
366,376,400,539,544
366,376,467,472,544
366,376,467,539,544
366,376,472,533,544
366,377,391,401,545
366,377,463,473,545
366,377,467,473,545
366,384,386,390,534
366,384,386,530,534
366,384,390,398,542
366,384,390,534,542
366,384,528,530,534
366,384,528,534,542
366,386,389,390,533
366,386,390,533,534
366,386,530,533,534
366,387,390,391,534
366,387,390,398,542
366,387,390,534,542
366,387,391,531,534
366,387,531,534,542
366,389,390,400,533
366,390,391,401,545
366,390,391,534,545
366,390,395,400,534
366,390,395,401,545
366,390,395,534,545
366,390,400,533,534
366,391,531,534,535
366,391,534,535,545
366,395,400,534,539
366,395,534,539,545
366,400,533,534,544
366,400,534,539,544
366,456,458,462,528
366,456,462,470,542
366,456,462,528,542
366,458,461,462,533
366,458,462,528,534
366,458,462,533,534
366,458,528,530,534
366,458,530,533,534
366,459,462,463,535
366,459,462,470,542
366,459,462,534,535
366,459,462,534,542
366,459,531,534,535
366,459,531,534,542
366,461,462,472,533
366,462,463,473,545
366,462,463,535,545
366,462,467,472,544
366,462,467,473,545
366,462,467,534,544
366,462,467,534,545
366,462,472,533,544
366,462,528,534,542
366,462,533,534,544
366,462,534,535,545
366,467,534,539,544
366,467,534,539,545
367,372,377,391,545
367,372,377,468,545
367,372,378,391,540
367,372,378,468,540
367,372,391,540,545
367,372,468,540,545
367,374,375,391,542
367,374,375,463,542
367,374,459,463,542
367,375,379,391,547
367,375,379,475,547
367,375,391,535,542
367,375,391,535,547
367,375,463,475,535
367,375,463,535,542
367,375,475,535,547
367,377,463,468,545
367,378,382,391,550
367,378,382,463,550
367,378,391,535,540
367,378,391,535,550
367,378,463,468,535
367,378,463,535,550
367,378,468,535,540
367,379,382,391,550
367,379,382,475,550
367,379,391,547,550
367,379,475,547,550
367,382,463,475,550
367,391,531,535,542
367,391,535,540,545
367,391,535,547,550
367,459,463,535,542
367,459,531,535,542
367,463,468,535,545
367,463,475,535,550
367,468,535,540,545
367,475,535,547,550
368,374,383,398,542
368,374,383,464,542
368,374,384,398,542
368,383,384,392,536
368,383,392,398,542
368,383,392,536,542
368,383,464,536,542
368,384,392,398,542
368,384,392,536,542
369,374,375,398,542
369,374,375,465,542
369,374,388,398,542
369,375,388,393,537
369,375,393,398,542
369,375,393,537,542
369,375,465,537,542
369,388,393,398,542
369,388,393,537,542
370,375,376,400,538
370,375,376,466,538
370,375,389,394,533
370,375,394,400,538
370,375,394,533,538
370,375,466,533,538
370,376,400,533,538
370,376,466,533,538
370,389,394,400,533
370,394,400,533,538
371,376,377,400,545
371,376,377,467,545
371,376,400,539,545
371,376,467,539,545
371,377,400,401,545
371,395,400,401,545
371,395,400,539,545
372,377,378,401,545
372,377,378,468,545
372,377,391,401,545
372,378,391,396,540
372,378,396,401,545
372,378,396,540,545
372,378,468,540,545
372,391,396,401,545
372,391,396,540,545
373,378,382,406,550
373,378,382,469,550
373,378,384,397,541
373,378,397,406,550
373,378,397,541,550
373,378,469,541,550
373,382,384,406,550
373,384,397,406,550
373,384,397,541,550
374,375,391,398,542
374,375,463,470,542
374,375,465,470,542
374,383,388,398,542
374,383,460,470,542
374,383,464,470,542
374,456,464,470,542
374,459,463,470,542
374,460,465,470,542
375,376,382,400,550
375,376,382,472,550
375,376,400,538,544
375,376,400,544,550
375,376,466,472,544
375,376,466,538,544
375,376,472,544,550
375,379,382,406,550
375,379,382,475,550
375,379,391,403,547
375,379,403,406,550
375,379,403,547,550
375,379,475,547,550
375,382,400,406,550
375,382,472,478,550
375,382,475,478,550
375,388,389,399,533
375,388,393,399,543
375,388,393,537,543
375,388,399,533,543
375,388,532,533,543
375,388,532,537,543
375,389,394,399,533
375,391,398,399,542
375,391,399,403,543
375,391,399,542,543
375,391,403,543,547
375,391,535,542,543
375,391,535,543,547
375,393,398,399,542
375,393,399,542,543
375,393,537,542,543
375,394,399,400,543
375,394,399,533,543
375,394,400,538,543
375,394,533,538,543
375,399,400,406,550
375,399,400,543,550
375,399,403,406,550
375,399,403,543,550
375,400,538,543,544
375,400,543,544,550
375,403,543,547,550
375,460,461,471,533
375,460,465,471,532
375,460,471,532,533
375,461,466,471,533
375,463,470,471,542
375,463,471,475,535
375,463,471,535,542
375,465,470,471,542
375,465,471,532,543
375,465,471,542,543
375,465,532,537,543
375,465,537,542,543
375,466,471,472,544
375,466,471,533,543
375,466,471,543,544
375,466,533,538,543
375,466,538,543,544
375,471,472,478,550
375,471,472,544,550
375,471,475,478,550
375,471,475,535,543
375,471,475,543,550
375,471,532,533,543
375,471,535,542,543
375,471,543,544,550
375,475,535,543,547
375,475,543,547,550
376,377,383,400,545
376,377,383,472,545
376,377,467,472,545
376,380,382,400,550
376,380,382,476,550
376,380,383,400,548
376,380,383,476,548
376,380,400,548,550
376,380,476,548,550
376,382,472,476,550
376,383,400,544,545
376,383,400,544,548
376,383,472,476,544
376,383,472,544,545
376,383,476,544,548
376,400,533,538,544
376,400,539,544,545
376,400,544,548,550
376,466,472,533,544
376,466,533,538,544
376,467,472,544,545
376,467,539,544,545
376,472,476,544,550
376,476,544,548,550
377,378,388,401,545
377,378,460,473,545
377,378,468,473,545
377,381,383,401,545
377,381,383,477,545
377,381,388,401,545
377,383,400,401,545
377,383,472,473,545
377,383,473,477,545
377,460,473,477,545
377,463,468,473,545
377,467,472,473,545
378,382,391,406,550
378,382,463,478,550
378,382,469,478,550
378,384,389,402,533
378,384,397,402,546
378,384,397,541,546
378,384,402,533,546
378,384,528,533,546
378,384,528,541,546
378,385,388,402,546
378,385,388,529,546
378,385,389,402,533
378,385,402,533,546
378,385,529,533,546
378,388,401,402,545
378,388,402,545,546
378,388,529,532,546
378,388,532,545,546
378,391,396,402,546
378,391,396,540,546
378,391,402,406,550
378,391,402,546,550
378,391,535,540,546
378,391,535,546,550
378,396,401,402,545
378,396,402,545,546
378,396,540,545,546
378,397,402,406,550
378,397,402,546,550
378,397,541,546,550
378,456,461,474,533
378,456,469,474,528
378,456,474,528,533
378,457,460,474,532
378,457,461,474,533
378,457,474,532,546
378,457,474,533,546
378,457,529,532,546
378,457,529,533,546
378,460,473,474,545
378,460,474,532,545
378,463,468,474,535
378,463,474,478,550
378,463,474,535,550
378,468,473,474,545
378,468,474,535,546
378,468,474,545,546
378,468,535,540,546
378,468,540,545,546
378,469,474,478,550
378,469,474,528,546
378,469,474,546,550
378,469,528,541,546
378,469,541,546,550
378,474,528,533,546
378,474,532,545,546
378,474,535,546,550
379,382,391,406,550
379,391,403,406,550
379,391,403,547,550
380,382,383,406,550
380,382,383,476,550
380,382,400,406,550
380,383,400,404,548
380,383,404,406,550
380,383,404,548,550
380,383,476,548,550
380,400,404,406,550
380,400,404,548,550
381,383,388,405,549
381,383,401,405,545
381,383,405,545,549
381,383,477,545,549
381,388,401,405,545
381,388,405,545,549
382,383,384,406,550
382,383,456,478,550
382,383,476,478,550
382,456,469,478,550
382,463,475,478,550
382,472,476,478,550
383,384,392,407,551
383,384,392,536,551
383,384,406,407,550
383,384,407,550,551
383,384,528,536,551
383,384,528,550,551
383,388,398,407,542
383,388,405,407,551
383,388,405,549,551
383,388,407,542,551
383,388,532,542,551
383,388,532,549,551
383,392,398,407,542
383,392,407,542,551
383,392,536,542,551
383,400,401,407,545
383,400,404,407,551
383,400,404,548,551
383,400,407,545,551
383,400,544,545,551
383,400,544,548,551
383,401,405,407,545
383,404,406,407,550
383,404,407,550,551
383,404,548,550,551
383,405,407,545,551
383,405,545,549,551
383,456,464,479,528
383,456,478,479,550
383,456,479,528,550
383,460,470,479,542
383,460,477,479,532
383,460,479,532,542
383,464,470,479,542
383,464,479,528,551
383,464,479,542,551
383,464,528,536,551
383,464,536,542,551
383,472,473,479,545
383,472,476,479,544
383,472,479,544,545
383,473,477,479,545
383,476,478,479,550
383,476,479,544,551
383,476,479,550,551
383,476,544,548,551
383,476,548,550,551
383,477,479,532,551
383,477,479,545,551
383,477,532,549,551
383,477,545,549,551
383,479,528,550,551
383,479,532,542,551
383,479,544,545,551
384,386,389,413,554
384,386,389,482,533
384,386,389,482,554
384,386,390,414,558
384,386,390,482,534
384,386,390,482,558
384,386,410,413,554
384,386,410,414,558
384,386,410,554,558
384,386,482,530,533
384,386,482,530,534
384,386,482,554,558
384,389,402,413,570
384,389,402,485,533
384,389,402,485,570
384,389,413,554,557
384,389,413,557,570
384,389,482,485,533
384,389,482,485,557
384,389,482,554,557
384,389,485,557,570
384,390,398,422,558
384,390,398,494,542
384,390,398,494,558
384,390,414,422,558
384,390,482,486,534
384,390,482,486,558
384,390,486,494,542
384,390,486,494,558
384,390,486,534,542
384,392,398,422,560
384,392,398,488,542
384,392,398,488,560
384,392,407,431,575
384,392,407,488,551
384,392,407,488,575
384,392,416,422,560
384,392,416,431,575
384,392,416,560,575
384,392,488,536,542
384,392,488,536,551
384,392,488,560,575
384,397,402,426,570
384,397,402,493,546
384,397,402,493,570
384,397,406,430,565
384,397,406,493,550
384,397,406,493,565
384,397,421,426,570
384,397,421,430,565
384,397,421,565,570
384,397,493,541,546
384,397,493,541,550
384,397,493,565,570
384,398,422,558,566
384,398,422,560,566
384,398,488,494,542
384,398,488,494,566
384,398,488,560,566
384,398,494,558,566
384,402,413,426,570
384,402,485,498,533
384,402,485,498,570
384,402,493,498,546
384,402,493,498,570
384,402,498,533,546
384,406,407,430,575
384,406,407,502,550
384,406,407,502,575
384,406,430,565,574
384,406,430,574,575
384,406,493,502,550
384,406,493,502,574
384,406,493,565,574
384,406,502,574,575
384,407,430,431,575
384,407,488,503,551
384,407,488,503,575
384,407,502,503,550
384,407,502,503,575
384,407,503,550,551
384,408,410,413,552
384,408,410,414,558
384,408,410,552,558
384,408,413,426,570
384,408,413,552,570
384,408,414,422,558
384,408,416,422,552
384,408,416,431,575
384,408,416,552,575
384,408,421,426,570
384,408,421,430,552
384,408,421,552,570
384,408,422,552,558
384,408,430,431,575
384,408,430,552,575
384,410,413,552,554
384,410,552,554,558
384,413,552,554,557
384,413,552,557,570
384,416,422,552,560
384,416,552,560,575
384,421,430,552,565
384,421,552,565,570
384,422,552,558,566
384,422,552,560,566
384,430,552,565,574
384,430,552,574,575
384,480,482,485,533
384,480,482,485,557
384,480,482,486,528
384,480,482,486,558
384,480,482,528,533
384,480,482,552,557
384,480,482,552,558
384,480,485,498,533
384,480,485,498,570
384,480,485,557,570
384,480,486,494,542
384,480,486,494,558
384,480,486,528,542
384,480,488,494,542
384,480,488,494,566
384,480,488,503,528
384,480,488,503,575
384,480,488,528,542
384,480,488,552,566
384,480,488,552,575
384,480,493,498,528
384,480,493,498,570
384,480,493,502,550
384,480,493,502,574
384,480,493,528,550
384,480,493,552,570
384,480,493,552,574
384,480,494,558,566
384,480,498,528,533
384,480,502,503,550
384,480,502,503,575
384,480,502,574,575
384,480,503,528,550
384,480,552,557,570
384,480,552,558,566
384,480,552,574,575
384,482,486,528,534
384,482,528,530,533
384,482,528,530,534
384,482,552,554,557
384,482,552,554,558
384,486,528,534,542
384,488,503,528,551
384,488,528,536,542
384,488,528,536,551
384,488,552,560,566
384,488,552,560,575
384,493,498,528,546
384,493,528,541,546
384,493,528,541,550
384,493,552,565,570
384,493,552,565,574
384,498,528,533,546
384,503,528,550,551
385,388,389,413,553
385,388,389,481,533
385,388,389,481,553
385,388,402,426,570
385,388,402,481,546
385,388,402,481,570
385,388,409,413,553
385,388,409,426,570
385,388,409,553,570
385,388,481,529,533
385,388,481,529,546
385,388,481,553,570
385,389,402,413,570
385,389,402,481,533
385,389,402,481,570
385,389,413,553,570
385,389,481,553,570
385,402,413,426,570
385,402,481,533,546
385,409,413,426,570
385,409,413,553,570
385,481,529,533,546
386,389,390,413,558
386,389,390,482,533
386,389,390,482,558
386,389,413,554,558
386,389,482,554,558
386,390,413,414,558
386,390,482,533,534
386,410,413,414,558
386,410,413,554,558
386,482,530,533,534
387,390,391,414,558
387,390,391,483,534
387,390,391,483,558
387,390,398,422,558
387,390,398,483,542
387,390,398,483,558
387,390,414,422,558
387,390,483,534,542
387,391,398,422,555
387,391,398,483,542
387,391,398,483,555
387,391,411,414,558
387,391,411,422,555
387,391,411,555,558
387,391,483,531,534
387,391,483,531,542
387,391,483,555,558
387,398,422,555,558
387,398,483,555,558
387,411,414,422,558
387,411,422,555,558
387,483,531,534,542
388,389,399,413,567
388,389,399,485,533
388,389,399,485,567
388,389,413,553,557
388,389,413,557,567
388,389,481,485,533
388,389,481,485,557
388,389,481,553,557
388,389,485,557,567
388,393,398,422,561
388,393,398,489,542
388,393,398,489,561
388,393,399,423,567
388,393,399,489,543
388,393,399,489,567
388,393,417,422,561
388,393,417,423,567
388,393,417,561,567
388,393,489,537,542
388,393,489,537,543
388,393,489,561,567
388,398,407,422,575
388,398,407,494,542
388,398,407,494,575
388,398,422,561,566
388,398,422,566,575
388,398,489,494,542
388,398,489,494,566
388,398,489,561,566
388,398,494,566,575
388,399,413,423,567
388,399,485,495,533
388,399,485,495,567
388,399,489,495,543
388,399,489,495,567
388,399,495,533,543
388,401,402,425,570
388,401,402,497,545
388,401,402,497,570
388,401,405,425,573
388,401,405,501,545
388,401,405,501,573
388,401,425,569,570
388,401,425,569,573
388,401,497,501,545
388,401,497,501,569
388,401,497,569,570
388,401,501,569,573
388,402,425,426,570
388,402,481,498,546
388,402,481,498,570
388,402,497,498,545
388,402,497,498,570
388,402,498,545,546
388,405,407,431,575
388,405,407,501,551
388,405,407,501,575
388,405,425,429,573
388,405,429,431,575
388,405,429,573,575
388,405,501,545,549
388,405,501,549,551
388,405,501,573,575
388,407,422,431,575
388,407,494,503,542
388,407,494,503,575
388,407,501,503,551
388,407,501,503,575
388,407,503,542,551
388,409,412,413,556
388,409,412,426,570
388,409,412,556,570
388,409,413,553,556
388,409,553,556,570
388,412,413,423,567
388,412,413,556,567
388,412,417,422,556
388,412,417,423,567
388,412,417,556,567
388,412,422,431,575
388,412,422,556,575
388,412,425,426,570
388,412,425,429,556
388,412,425,556,570
388,412,429,431,575
388,412,429,556,575
388,413,553,556,557
388,413,556,557,567
388,417,422,556,561
388,417,556,561,567
388,422,556,561,566
388,422,556,566,575
388,425,429,556,573
388,425,556,569,570
388,425,556,569,573
388,429,556,573,575
388,481,484,485,533
388,481,484,485,557
388,481,484,498,532
388,481,484,498,570
388,481,484,532,533
388,481,484,556,557
388,481,484,556,570
388,481,498,532,546
388,481,529,532,533
388,481,529,532,546
388,481,553,556,557
388,481,553,556,570
388,484,485,495,533
388,484,485,495,567
388,484,485,557,567
388,484,489,494,542
388,484,489,494,566
388,484,489,495,532
388,484,489,495,567
388,484,489,532,542
388,484,489,556,566
388,484,489,556,567
388,484,494,503,542
388,484,494,503,575
388,484,494,566,575
388,484,495,532,533
388,484,497,498,545
388,484,497,498,570
388,484,497,501,545
388,484,497,501,569
388,484,497,569,570
388,484,498,532,545
388,484,501,503,532
388,484,501,503,575
388,484,501,532,545
388,484,501,556,569
388,484,501,556,575
388,484,503,532,542
388,484,556,557,567
388,484,556,566,575
388,484,556,569,570
388,489,495,532,543
388,489,532,537,542
388,489,532,537,543
388,489,556,561,566
388,489,556,561,567
388,495,532,533,543
388,498,532,545,546
388,501,503,532,551
388,501,532,545,549
388,501,532,549,551
388,501,556,569,573
388,501,556,573,575
388,503,532,542,551
389,390,400,413,558
389,390,400,485,533
389,390,400,485,558
389,390,482,485,533
389,390,482,485,558
389,394,399,413,567
389,394,399,490,533
389,394,399,490,567
389,394,400,413,562
389,394,400,490,533
389,394,400,490,562
389,394,413,562,567
389,394,490,562,567
389,399,485,490,533
389,399,485,490,567
389,400,413,557,558
389,400,413,557,562
389,400,485,490,533
389,400,485,490,557
389,400,485,557,558
389,400,490,557,562
389,402,481,485,533
389,402,481,485,570
389,413,553,557,570
389,413,554,557,558
389,413,557,562,567
389,481,485,557,570
389,481,553,557,570
389,482,485,557,558
389,482,554,557,558
389,485,490,557,567
389,490,557,562,567
390,391,401,425,558
390,391,401,497,545
390,391,401,497,558
390,391,414,425,558
390,391,483,486,534
390,391,483,486,558
390,391,486,497,545
390,391,486,497,558
390,391,486,534,545
390,395,400,414,558
390,395,400,491,534
390,395,400,491,558
390,395,401,425,558
390,395,401,491,545
390,395,401,491,558
390,395,414,425,558
390,395,491,534,545
390,398,483,494,542
390,398,483,494,558
390,400,413,414,558
390,400,485,486,533
390,400,485,486,558
390,400,486,491,534
390,400,486,491,558
390,400,486,533,534
390,401,491,497,545
390,401,491,497,558
390,482,485,486,533
390,482,485,486,558
390,482,486,533,534
390,483,486,494,542
390,483,486,494,558
390,483,486,534,542
390,486,491,497,545
390,486,491,497,558
390,486,491,534,545
391,396,401,425,564
391,396,401,492,545
391,396,401,492,564
391,396,402,426,570
391,396,402,492,546
391,396,402,492,570
391,396,420,425,564
391,396,420,426,570
391,396,420,564,570
391,396,492,540,545
391,396,492,540,546
391,396,492,564,570
391,398,399,422,567
391,398,399,494,542
391,398,399,494,567
391,398,422,555,566
391,398,422,566,567
391,398,483,494,542
391,398,483,494,566
391,398,483,555,566
391,398,494,566,567
391,399,403,423,567
391,399,403,499,543
391,399,403,499,567
391,399,422,423,567
391,399,494,495,542
391,399,494,495,567
391,399,495,499,543
391,399,495,499,567
391,399,495,542,543
391,401,425,558,569
391,401,425,564,569
391,401,492,497,545
391,401,492,497,569
391,401,492,564,569
391,401,497,558,569
391,402,406,430,570
391,402,406,502,550
391,402,406,502,570
391,402,426,430,570
391,402,492,498,546
391,402,492,498,570
391,402,498,502,550
391,402,498,502,570
391,402,498,546,550
391,403,406,430,571
391,403,406,499,550
391,403,406,499,571
391,403,423,427,567
391,403,427,430,571
391,403,427,567,571
391,403,499,543,547
391,403,499,547,550
391,403,499,567,571
391,406,430,570,574
391,406,430,571,574
391,406,499,502,550
391,406,499,502,574
391,406,499,571,574
391,406,502,570,574
391,411,414,415,558
391,411,415,422,559
391,411,415,558,559
391,411,422,555,559
391,411,555,558,559
391,414,415,425,558
391,415,420,425,559
391,415,420,426,570
391,415,420,559,570
391,415,422,423,567
391,415,422,559,567
391,415,423,427,567
391,415,425,558,559
391,415,426,430,570
391,415,427,430,559
391,415,427,559,567
391,415,430,559,570
391,420,425,559,564
391,420,559,564,570
391,422,555,559,566
391,422,559,566,567
391,425,558,559,569
391,425,559,564,569
391,427,430,559,571
391,427,559,567,571
391,430,559,570,574
391,430,559,571,574
391,483,486,487,535
391,483,486,487,558
391,483,486,534,535
391,483,487,494,542
391,483,487,494,566
391,483,487,535,542
391,483,487,558,559
391,483,487,559,566
391,483,531,534,535
391,483,531,535,542
391,483,555,558,559
391,483,555,559,566
391,486,487,497,545
391,486,487,497,558
391,486,487,535,545
391,486,534,535,545
391,487,492,497,545
391,487,492,497,569
391,487,492,498,535
391,487,492,498,570
391,487,492,535,545
391,487,492,559,569
391,487,492,559,570
391,487,494,495,542
391,487,494,495,567
391,487,494,566,567
391,487,495,499,535
391,487,495,499,567
391,487,495,535,542
391,487,497,558,569
391,487,498,502,550
391,487,498,502,570
391,487,498,535,550
391,487,499,502,550
391,487,499,502,574
391,487,499,535,550
391,487,499,559,567
391,487,499,559,574
391,487,502,570,574
391,487,558,559,569
391,487,559,566,567
391,487,559,570,574
391,492,498,535,546
391,492,535,540,545
391,492,535,540,546
391,492,559,564,569
391,492,559,564,570
391,495,499,535,543
391,495,535,542,543
391,498,535,546,550
391,499,535,543,547
391,499,535,547,550
391,499,559,567,571
391,499,559,571,574
392,398,407,422,575
392,398,407,488,542
392,398,407,488,575
392,398,422,560,575
392,398,488,560,575
392,407,422,431,575
392,407,488,542,551
392,416,422,431,575
392,416,422,560,575
392,488,536,542,551
393,398,399,422,567
393,398,399,489,542
393,398,399,489,567
393,398,422,561,567
393,398,489,561,567
393,399,422,423,567
393,399,489,542,543
393,417,422,423,567
393,417,422,561,567
393,489,537,542,543
394,399,400,423,567
394,399,400,490,543
394,399,400,490,567
394,399,413,423,567
394,399,490,533,543
394,400,413,418,562
394,400,418,423,567
394,400,418,562,567
394,400,490,533,538
394,400,490,538,543
394,400,490,562,567
394,413,418,423,567
394,413,418,562,567
394,490,533,538,543
395,400,401,425,563
395,400,401,491,545
395,400,401,491,563
395,400,414,419,558
395,400,419,425,563
395,400,419,558,563
395,400,491,534,539
395,400,491,539,545
395,400,491,558,563
395,401,425,558,563
395,401,491,558,563
395,414,419,425,558
395,419,425,558,563
395,491,534,539,545
396,401,402,425,570
396,401,402,492,545
396,401,402,492,570
396,401,425,564,570
396,401,492,564,570
396,402,425,426,570
396,402,492,545,546
396,420,425,426,570
396,420,425,564,570
396,492,540,545,546
397,402,406,430,570
397,402,406,493,550
397,402,406,493,570
397,402,426,430,570
397,402,493,546,550
397,406,430,565,570
397,406,493,565,570
397,421,426,430,570
397,421,430,565,570
397,493,541,546,550
398,399,489,494,542
398,399,489,494,567
398,407,488,494,542
398,407,488,494,575
398,422,555,558,566
398,422,560,566,575
398,422,561,566,567
398,483,494,558,566
398,483,555,558,566
398,488,494,566,575
398,488,560,566,575
398,489,494,566,567
398,489,561,566,567
399,400,406,430,567
399,400,406,502,550
399,400,406,502,567
399,400,423,430,567
399,400,490,495,543
399,400,490,495,567
399,400,495,502,550
399,400,495,502,567
399,400,495,543,550
399,403,406,430,567
399,403,406,499,550
399,403,406,499,567
399,403,423,430,567
399,403,499,543,550
399,406,499,502,550
399,406,499,502,567
399,485,490,495,533
399,485,490,495,567
399,489,494,495,542
399,489,494,495,567
399,489,495,542,543
399,490,495,533,543
399,495,499,502,550
399,495,499,502,567
399,495,499,543,550
400,401,407,425,575
400,401,407,497,545
400,401,407,497,575
400,401,425,563,569
400,401,425,569,575
400,401,491,497,545
400,401,491,497,569
400,401,491,563,569
400,401,497,569,575
400,404,406,430,572
400,404,406,500,550
400,404,406,500,572
400,404,407,431,575
400,404,407,500,551
400,404,407,500,575
400,404,428,430,572
400,404,428,431,575
400,404,428,572,575
400,404,500,548,550
400,404,500,548,551
400,404,500,572,575
400,406,430,567,574
400,406,430,572,574
400,406,500,502,550
400,406,500,502,574
400,406,500,572,574
400,406,502,567,574
400,407,425,431,575
400,407,497,503,545
400,407,497,503,575
400,407,500,503,551
400,407,500,503,575
400,407,503,545,551
400,413,414,424,558
400,413,418,424,568
400,413,418,562,568
400,413,424,558,568
400,413,557,558,568
400,413,557,562,568
400,414,419,424,558
400,418,423,424,567
400,418,424,567,568
400,418,562,567,568
400,419,424,425,568
400,419,424,558,568
400,419,425,563,568
400,419,558,563,568
400,423,424,430,567
400,424,425,431,575
400,424,425,568,575
400,424,428,430,568
400,424,428,431,575
400,424,428,568,575
400,424,430,567,568
400,425,563,568,569
400,425,568,569,575
400,428,430,568,572
400,428,568,572,575
400,430,567,568,574
400,430,568,572,574
400,485,486,496,533
400,485,486,496,558
400,485,490,496,533
400,485,490,496,557
400,485,496,557,558
400,486,491,496,544
400,486,491,496,558
400,486,491,534,544
400,486,496,533,544
400,486,533,534,544
400,490,495,496,544
400,490,495,496,567
400,490,495,543,544
400,490,496,533,544
400,490,496,557,568
400,490,496,567,568
400,490,533,538,544
400,490,538,543,544
400,490,557,562,568
400,490,562,567,568
400,491,496,497,545
400,491,496,497,569
400,491,496,544,545
400,491,496,558,568
400,491,496,568,569
400,491,534,539,544
400,491,539,544,545
400,491,558,563,568
400,491,563,568,569
400,495,496,502,550
400,495,496,502,567
400,495,496,544,550
400,495,543,544,550
400,496,497,503,545
400,496,497,503,575
400,496,497,569,575
400,496,500,502,550
400,496,500,502,574
400,496,500,503,544
400,496,500,503,575
400,496,500,544,550
400,496,500,568,574
400,496,500,568,575
400,496,502,567,574
400,496,503,544,545
400,496,557,558,568
400,496,567,568,574
400,496,568,569,575
400,500,503,544,551
400,500,544,548,550
400,500,544,548,551
400,500,568,572,574
400,500,568,572,575
400,503,544,545,551
401,402,492,497,545
401,402,492,497,570
401,405,407,425,575
401,405,407,501,545
401,405,407,501,575
401,405,425,573,575
401,405,501,573,575
401,407,497,501,545
401,407,497,501,575
401,425,558,563,569
401,425,564,569,570
401,425,569,573,575
401,491,497,558,569
401,491,558,563,569
401,492,497,569,570
401,492,564,569,570
401,497,501,569,575
401,501,569,573,575
402,406,493,502,550
402,406,493,502,570
402,481,485,498,533
402,481,485,498,570
402,481,498,533,546
402,492,497,498,545
402,492,497,498,570
402,492,498,545,546
402,493,498,502,550
402,493,498,502,570
402,493,498,546,550
403,406,430,567,571
403,406,499,567,571
403,423,427,430,567
403,427,430,567,571
403,499,543,547,550
404,406,407,430,575
404,406,407,500,550
404,406,407,500,575
404,406,430,572,575
404,406,500,572,575
404,407,430,431,575
404,407,500,550,551
404,428,430,431,575
404,428,430,572,575
404,500,548,550,551
405,407,425,431,575
405,407,501,545,551
405,425,429,431,575
405,425,429,573,575
405,501,545,549,551
406,407,500,502,550
406,407,500,502,575
406,430,565,570,574
406,430,567,571,574
406,430,572,574,575
406,493,502,570,574
406,493,565,570,574
406,499,502,567,574
406,499,567,571,574
406,500,502,574,575
406,500,572,574,575
407,488,494,503,542
407,488,494,503,575
407,488,503,542,551
407,497,501,503,545
407,497,501,503,575
407,500,502,503,550
407,500,502,503,575
407,500,503,550,551
407,501,503,545,551
408,410,413,506,552
408,410,414,506,558
408,410,506,552,558
408,413,426,522,570
408,413,504,506,552
408,413,504,522,570
408,413,504,552,570
408,414,422,510,558
408,414,506,510,558
408,416,422,512,552
408,416,431,512,575
408,416,512,552,575
408,421,426,517,570
408,421,430,517,552
408,421,517,552,570
408,422,504,510,558
408,422,504,512,552
408,422,504,552,558
408,426,517,522,570
408,430,431,527,575
408,430,504,517,552
408,430,504,527,575
408,430,504,552,575
408,431,512,527,575
408,504,506,510,558
408,504,506,552,558
408,504,512,527,575
408,504,512,552,575
408,504,517,522,570
408,504,517,552,570
409,412,413,505,556
409,412,426,505,570
409,412,505,556,570
409,413,426,505,570
409,413,505,553,556
409,413,505,553,570
409,505,553,556,570
410,413,414,506,558
410,413,506,552,554
410,413,506,554,558
410,506,552,554,558
411,414,415,507,558
411,414,422,507,558
411,415,422,507,559
411,415,507,558,559
411,422,507,555,558
411,422,507,555,559
411,507,555,558,559
412,413,423,519,567
412,413,505,508,556
412,413,508,519,567
412,413,508,556,567
412,417,422,513,556
412,417,423,513,567
412,417,513,556,567
412,422,431,527,575
412,422,508,513,556
412,422,508,527,575
412,422,508,556,575
412,423,513,519,567
412,425,426,522,570
412,425,429,525,556
412,425,508,522,570
412,425,508,525,556
412,425,508,556,570
412,426,505,522,570
412,429,431,525,575
412,429,525,556,575
412,431,525,527,575
412,505,508,522,570
412,505,508,556,570
412,508,513,519,567
412,508,513,556,567
412,508,525,527,575
412,508,525,556,575
413,414,424,510,558
413,414,506,510,558
413,418,423,514,567
413,418,424,514,568
413,418,514,562,567
413,418,514,562,568
413,423,514,519,567
413,424,510,520,558
413,424,514,520,568
413,424,520,558,568
413,426,505,522,570
413,504,506,509,557
413,504,506,552,557
413,504,509,522,570
413,504,509,557,570
413,504,552,557,570
413,505,508,509,557
413,505,508,556,557
413,505,509,522,570
413,505,509,557,570
413,505,553,556,557
413,505,553,557,570
413,506,509,510,558
413,506,509,557,558
413,506,552,554,557
413,506,554,557,558
413,508,509,519,567
413,508,509,557,567
413,508,556,557,567
413,509,510,520,558
413,509,514,519,567
413,509,514,520,557
413,509,514,557,567
413,509,520,557,558
413,514,520,557,568
413,514,557,562,567
413,514,557,562,568
413,520,557,558,568
414,415,425,510,558
414,415,507,510,558
414,419,424,515,558
414,419,425,515,558
414,422,507,510,558
414,424,510,515,558
414,425,510,515,558
415,420,425,516,559
415,420,426,516,570
415,420,516,559,570
415,422,423,519,567
415,422,507,511,559
415,422,511,519,567
415,422,511,559,567
415,423,427,523,567
415,423,519,523,567
415,425,510,511,558
415,425,511,516,559
415,425,511,558,559
415,426,430,522,570
415,426,516,522,570
415,427,430,523,559
415,427,523,559,567
415,430,511,522,570
415,430,511,523,559
415,430,511,559,570
415,507,510,511,558
415,507,511,558,559
415,511,516,522,570
415,511,516,559,570
415,511,519,523,567
415,511,523,559,567
416,422,431,512,575
416,422,512,552,560
416,422,512,560,575
416,512,552,560,575
417,422,423,513,567
417,422,513,556,561
417,422,513,561,567
417,513,556,561,567
418,423,424,514,567
418,424,514,567,568
418,514,562,567,568
419,424,425,515,568
419,424,515,558,568
419,425,515,558,563
419,425,515,563,568
419,515,558,563,568
420,425,426,516,570
420,425,516,559,564
420,425,516,564,570
420,516,559,564,570
421,426,430,517,570
421,430,517,552,565
421,430,517,565,570
421,517,552,565,570
422,423,513,519,567
422,431,512,527,575
422,504,510,518,558
422,504,512,518,566
422,504,512,552,566
422,504,518,558,566
422,504,552,558,566
422,507,510,518,558
422,507,511,518,566
422,507,511,559,566
422,507,518,558,566
422,507,555,558,566
422,507,555,559,566
422,508,513,518,566
422,508,513,556,566
422,508,518,527,575
422,508,518,566,575
422,508,556,566,575
422,511,518,519,567
422,511,518,566,567
422,511,559,566,567
422,512,518,527,575
422,512,518,566,575
422,512,552,560,566
422,512,560,566,575
422,513,518,519,567
422,513,518,566,567
422,513,556,561,566
422,513,561,566,567
423,424,430,519,567
423,424,514,519,567
423,427,430,523,567
423,430,519,523,567
424,425,431,527,575
424,425,515,520,568
424,425,520,527,575
424,425,520,568,575
424,428,430,524,568
424,428,431,524,575
424,428,524,568,575
424,430,519,520,567
424,430,520,524,568
424,430,520,567,568
424,431,524,527,575
424,510,515,520,558
424,514,519,520,567
424,514,520,567,568
424,515,520,558,568
424,520,524,527,575
424,520,524,568,575
425,426,516,522,570
425,429,431,525,575
425,429,525,556,573
425,429,525,573,575
425,431,525,527,575
425,508,521,522,570
425,508,521,525,569
425,508,521,569,570
425,508,525,556,569
425,508,556,569,570
425,510,511,521,558
425,510,515,521,558
425,511,516,521,569
425,511,516,559,569
425,511,521,558,569
425,511,558,559,569
425,515,520,521,569
425,515,520,568,569
425,515,521,558,569
425,515,558,563,569
425,515,563,568,569
425,516,521,522,570
425,516,521,569,570
425,516,559,564,569
425,516,564,569,570
425,520,521,527,575
425,520,521,569,575
425,520,568,569,575
425,521,525,527,575
425,521,525,569,575
425,525,556,569,573
425,525,569,573,575
426,430,517,522,570
427,430,523,559,571
427,430,523,567,571
427,523,559,567,571
428,430,431,524,575
428,430,524,568,572
428,430,524,572,575
428,524,568,572,575
429,525,556,573,575
430,431,524,527,575
430,504,517,526,574
430,504,517,552,574
430,504,526,527,575
430,504,526,574,575
430,504,552,574,575
430,511,522,526,570
430,511,523,526,574
430,511,523,559,574
430,511,526,570,574
430,511,559,570,574
430,517,522,526,570
430,517,526,570,574
430,517,552,565,574
430,517,565,570,574
430,519,520,526,567
430,519,523,526,567
430,520,524,526,574
430,520,524,568,574
430,520,526,567,574
430,520,567,568,574
430,523,526,567,574
430,523,559,571,574
430,523,567,571,574
430,524,526,527,575
430,524,526,574,575
430,524,568,572,574
430,524,572,574,575
480,482,485,533,557
480,482,486,528,558
480,482,528,533,552
480,482,528,552,558
480,482,533,552,557
480,485,498,533,570
480,485,533,557,570
480,486,494,542,558
480,486,528,542,558
480,488,494,542,566
480,488,503,528,575
480,488,528,542,552
480,488,528,552,575
480,488,542,552,566
480,493,498,528,570
480,493,502,550,574
480,493,528,550,552
480,493,528,552,570
480,493,550,552,574
480,494,542,558,566
480,498,528,533,570
480,502,503,550,575
480,502,550,574,575
480,503,528,550,575
480,528,533,552,570
480,528,542,552,558
480,528,550,552,575
480,533,552,557,570
480,542,552,558,566
480,550,552,574,575
481,484,485,533,557
481,484,498,532,570
481,484,532,533,556
481,484,532,556,570
481,484,533,556,557
481,485,498,533,570
481,485,533,557,570
481,498,532,546,570
481,498,533,546,570
481,529,532,533,556
481,529,532,546,570
481,529,532,556,570
481,529,533,546,570
481,529,533,553,556
481,529,533,553,570
481,529,553,556,570
481,533,553,556,557
481,533,553,557,570
482,485,486,533,558
482,485,533,557,558
482,486,528,534,558
482,486,533,534,558
482,528,530,533,552
482,528,530,534,558
482,528,530,552,558
482,530,533,534,558
482,530,533,552,554
482,530,533,554,558
482,530,552,554,558
482,533,552,554,557
482,533,554,557,558
483,486,487,535,558
483,486,494,542,558
483,486,534,535,558
483,486,534,542,558
483,487,494,542,566
483,487,535,542,559
483,487,535,558,559
483,487,542,559,566
483,494,542,558,566
483,531,534,535,558
483,531,534,542,558
483,531,535,542,559
483,531,535,558,559
483,531,542,555,558
483,531,542,555,559
483,531,555,558,559
483,542,555,558,566
483,542,555,559,566
484,485,495,533,567
484,485,533,557,567
484,489,494,542,566
484,489,495,532,567
484,489,532,542,556
484,489,532,556,567
484,489,542,556,566
484,494,503,542,575
484,494,542,566,575
484,495,532,533,567
484,497,498,545,570
484,497,501,545,569
484,497,545,569,570
484,498,532,545,570
484,501,503,532,575
484,501,532,545,556
484,501,532,556,575
484,501,545,556,569
484,503,532,542,575
484,532,533,556,567
484,532,542,556,575
484,532,545,556,570
484,533,556,557,567
484,542,556,566,575
484,545,556,569,570
485,486,496,533,558
485,490,495,533,567
485,490,496,533,557
485,490,533,557,567
485,496,533,557,558
486,487,497,545,558
486,487,535,545,558
486,491,496,544,558
486,491,497,545,558
486,491,534,544,558
486,491,534,545,558
486,496,533,544,558
486,528,534,542,558
486,533,534,544,558
486,534,535,545,558
487,492,497,545,569
487,492,498,535,570
487,492,535,545,559
487,492,535,559,570
487,492,545,559,569
487,494,495,542,567
487,494,542,566,567
487,495,499,535,567
487,495,535,542,567
487,497,545,558,569
487,498,502,550,570
487,498,535,550,570
487,499,502,550,574
487,499,535,550,559
487,499,535,559,567
487,499,550,559,574
487,502,550,570,574
487,535,542,559,567
487,535,545,558,559
487,535,550,559,570
487,542,559,566,567
487,545,558,559,569
487,550,559,570,574
488,494,503,542,575
488,494,542,566,575
488,503,528,551,575
488,503,542,551,575
488,528,536,542,552
488,528,536,551,575
488,528,536,552,575
488,536,542,551,575
488,536,542,552,560
488,536,542,560,575
488,536,552,560,575
488,542,552,560,566
488,542,560,566,575
489,494,495,542,567
489,494,542,566,567
489,495,532,543,567
489,495,542,543,567
489,532,537,542,556
489,532,537,543,567
489,532,537,556,567
489,537,542,543,567
489,537,542,556,561
489,537,542,561,567
489,537,556,561,567
489,542,556,561,566
489,542,561,566,567
490,495,496,544,567
490,495,533,543,567
490,495,543,544,567
490,496,533,544,568
490,496,533,557,568
490,496,544,567,568
490,533,538,543,567
490,533,538,544,568
490,533,538,562,567
490,533,538,562,568
490,533,557,562,567
490,533,557,562,568
490,538,543,544,567
490,538,544,567,568
490,538,562,567,568
491,496,497,545,569
491,496,544,545,568
491,496,544,558,568
491,496,545,568,569
491,497,545,558,569
491,534,539,544,558
491,534,539,545,558
491,539,544,545,568
491,539,544,558,568
491,539,545,558,563
491,539,545,563,568
491,539,558,563,568
491,545,558,563,569
491,545,563,568,569
492,497,498,545,570
492,497,545,569,570
492,498,535,546,570
492,498,545,546,570
492,535,540,545,559
492,535,540,546,570
492,535,540,559,570
492,540,545,546,570
492,540,545,559,564
492,540,545,564,570
492,540,559,564,570
492,545,559,564,569
492,545,564,569,570
493,498,502,550,570
493,498,528,546,570
493,498,546,550,570
493,502,550,570,574
493,528,541,546,570
493,528,541,550,552
493,528,541,552,570
493,541,546,550,570
493,541,550,552,565
493,541,550,565,570
493,541,552,565,570
493,550,552,565,574
493,550,565,570,574
495,496,502,550,567
495,496,544,550,567
495,499,502,550,567
495,499,535,543,567
495,499,543,550,567
495,532,533,543,567
495,535,542,543,567
495,543,544,550,567
496,497,503,545,575
496,497,545,569,575
496,500,502,550,574
496,500,503,544,575
496,500,544,550,568
496,500,544,568,575
496,500,550,568,574
496,502,550,567,574
496,503,544,545,575
496,533,544,558,568
496,533,557,558,568
496,544,545,568,575
496,544,550,567,568
496,545,568,569,575
496,550,567,568,574
497,501,503,545,575
497,501,545,569,575
498,528,533,546,570
498,532,545,546,570
498,535,546,550,570
499,502,550,567,574
499,535,543,547,567
499,535,547,550,559
499,535,547,559,567
499,543,547,550,567
499,547,550,559,571
499,547,550,567,571
499,547,559,567,571
499,550,559,571,574
499,550,567,571,574
500,502,503,550,575
500,502,550,574,575
500,503,544,551,575
500,503,550,551,575
500,544,548,550,568
500,544,548,551,575
500,544,548,568,575
500,548,550,551,575
500,548,550,568,572
500,548,550,572,575
500,548,568,572,575
500,550,568,572,574
500,550,572,574,575
501,503,532,551,575
501,503,545,551,575
501,532,545,549,556
501,532,549,551,575
501,532,549,556,575
501,545,549,551,575
501,545,549,556,573
501,545,549,573,575
501,545,556,569,573
501,545,569,573,575
501,549,556,573,575
503,528,550,551,575
503,532,542,551,575
503,544,545,551,575
