# 24576 facets of the lifted triangulation on the finite torus cover, vertex ids as above
0,1,9,33,297
0,1,9,33,969
0,1,9,97,169
0,1,9,97,873
0,1,9,169,361
0,1,9,201,257
0,1,9,201,297
0,1,9,257,361
0,1,9,769,809
0,1,9,769,937
0,1,9,809,969
0,1,9,873,937
0,1,30,33,289
0,1,30,33,990
0,1,30,97,190
0,1,30,97,865
0,1,30,190,353
0,1,30,222,257
0,1,30,222,289
0,1,30,257,353
0,1,30,769,801
0,1,30,769,958
0,1,30,801,990
0,1,30,865,958
0,1,33,289,297
0,1,33,961,969
0,1,33,961,990
0,1,97,161,169
0,1,97,161,190
0,1,97,865,873
0,1,161,169,361
0,1,161,190,353
0,1,161,353,361
0,1,193,201,257
0,1,193,201,297
0,1,193,222,257
0,1,193,222,289
0,1,193,289,297
0,1,257,353,361
0,1,769,801,809
0,1,769,929,937
0,1,769,929,958
0,1,801,809,961
0,1,801,961,990
0,1,809,961,969
0,1,865,873,929
0,1,865,929,958
0,1,873,929,937
0,3,5,35,291
0,3,5,35,965
0,3,5,99,165
0,3,5,99,867
0,3,5,165,355
0,3,5,197,259
0,3,5,197,291
0,3,5,259,355
0,3,5,771,803
0,3,5,771,933
0,3,5,803,965
0,3,5,867,933
0,3,27,35,315
0,3,27,35,987
0,3,27,99,187
0,3,27,99,891
0,3,27,187,379
0,3,27,219,259
0,3,27,219,315
0,3,27,259,379
0,3,27,771,827
0,3,27,771,955
0,3,27,827,987
0,3,27,891,955
0,3,35,291,315
0,3,35,963,965
0,3,35,963,987
0,3,99,163,165
0,3,99,163,187
0,3,99,867,891
0,3,163,165,355
0,3,163,187,379
0,3,163,355,379
0,3,195,197,259
0,3,195,197,291
0,3,195,219,259
0,3,195,219,315
0,3,195,291,315
0,3,259,355,379
0,3,771,803,827
0,3,771,931,933
0,3,771,931,955
0,3,803,827,963
0,3,803,963,965
0,3,827,963,987
0,3,867,891,931
0,3,867,931,933
0,3,891,931,955
0,5,11,37,299
0,5,11,37,965
0,5,11,101,165
0,5,11,101,875
0,5,11,165,363
0,5,11,197,261
0,5,11,197,299
0,5,11,261,363
0,5,11,773,811
0,5,11,773,933
0,5,11,811,965
0,5,11,875,933
0,5,35,37,293
0,5,35,37,965
0,5,35,291,293
0,5,37,293,299
0,5,99,101,165
0,5,99,101,869
0,5,99,867,869
0,5,101,869,875
0,5,165,355,357
0,5,165,357,363
0,5,197,259,261
0,5,197,291,293
0,5,197,293,299
0,5,259,261,357
0,5,259,355,357
0,5,261,357,363
0,5,771,773,805
0,5,771,773,933
0,5,771,803,805
0,5,773,805,811
0,5,803,805,965
0,5,805,811,965
0,5,867,869,933
0,5,869,875,933
0,6,8,40,296
0,6,8,40,966
0,6,8,104,166
0,6,8,104,872
0,6,8,166,360
0,6,8,198,264
0,6,8,198,296
0,6,8,264,360
0,6,8,776,808
0,6,8,776,934
0,6,8,808,966
0,6,8,872,934
0,6,9,38,297
0,6,9,38,966
0,6,9,102,166
0,6,9,102,873
0,6,9,166,361
0,6,9,198,262
0,6,9,198,297
0,6,9,262,361
0,6,9,774,809
0,6,9,774,934
0,6,9,809,966
0,6,9,873,934
0,6,38,40,294
0,6,38,40,966
0,6,38,294,297
0,6,40,294,296
0,6,102,104,166
0,6,102,104,870
0,6,102,870,873
0,6,104,870,872
0,6,166,358,360
0,6,166,358,361
0,6,198,262,264
0,6,198,294,296
0,6,198,294,297
0,6,262,264,358
0,6,262,358,361
0,6,264,358,360
0,6,774,776,806
0,6,774,776,934
0,6,774,806,809
0,6,776,806,808
0,6,806,808,966
0,6,806,809,966
0,6,870,872,934
0,6,870,873,934
0,8,11,40,299
0,8,11,40,971
0,8,11,104,171
0,8,11,104,875
0,8,11,171,363
0,8,11,203,264
0,8,11,203,299
0,8,11,264,363
0,8,11,776,811
0,8,11,776,939
0,8,11,811,971
0,8,11,875,939
0,8,40,296,299
0,8,40,966,968
0,8,40,968,971
0,8,104,166,168
0,8,104,168,171
0,8,104,872,875
0,8,166,168,360
0,8,168,171,363
0,8,168,360,363
0,8,198,200,264
0,8,198,200,296
0,8,200,203,264
0,8,200,203,299
0,8,200,296,299
0,8,264,360,363
0,8,776,808,811
0,8,776,934,936
0,8,776,936,939
0,8,808,811,968
0,8,808,966,968
0,8,811,968,971
0,8,872,875,936
0,8,872,934,936
0,8,875,936,939
0,9,33,41,297
0,9,33,41,969
0,9,38,41,297
0,9,38,41,966
0,9,41,966,969
0,9,97,105,169
0,9,97,105,873
0,9,102,105,166
0,9,102,105,873
0,9,105,166,169
0,9,166,169,361
0,9,198,201,265
0,9,198,201,297
0,9,198,262,265
0,9,201,257,265
0,9,257,265,361
0,9,262,265,361
0,9,769,777,809
0,9,769,777,937
0,9,774,777,809
0,9,774,777,934
0,9,777,934,937
0,9,809,966,969
0,9,873,934,937
0,11,37,43,299
0,11,37,43,965
0,11,40,43,299
0,11,40,43,971
0,11,43,965,971
0,11,101,107,165
0,11,101,107,875
0,11,104,107,171
0,11,104,107,875
0,11,107,165,171
0,11,165,171,363
0,11,197,203,267
0,11,197,203,299
0,11,197,261,267
0,11,203,264,267
0,11,261,267,363
0,11,264,267,363
0,11,773,779,811
0,11,773,779,933
0,11,776,779,811
0,11,776,779,939
0,11,779,933,939
0,11,811,965,971
0,11,875,933,939
0,24,25,56,313
0,24,25,56,985
0,24,25,120,185
0,24,25,120,889
0,24,25,185,377
0,24,25,217,280
0,24,25,217,313
0,24,25,280,377
0,24,25,792,825
0,24,25,792,953
0,24,25,825,985
0,24,25,889,953
0,24,29,56,312
0,24,29,56,989
0,24,29,120,189
0,24,29,120,888
0,24,29,189,376
0,24,29,221,280
0,24,29,221,312
0,24,29,280,376
0,24,29,792,824
0,24,29,792,957
0,24,29,824,989
0,24,29,888,957
0,24,56,312,313
0,24,56,984,985
0,24,56,984,989
0,24,120,184,185
0,24,120,184,189
0,24,120,888,889
0,24,184,185,377
0,24,184,189,376
0,24,184,376,377
0,24,216,217,280
0,24,216,217,313
0,24,216,221,280
0,24,216,221,312
0,24,216,312,313
0,24,280,376,377
0,24,792,824,825
0,24,792,952,953
0,24,792,952,957
0,24,824,825,984
0,24,824,984,989
0,24,825,984,985
0,24,888,889,952
0,24,888,952,957
0,24,889,952,953
0,25,30,62,313
0,25,30,62,990
0,25,30,126,190
0,25,30,126,889
0,25,30,190,377
0,25,30,222,286
0,25,30,222,313
0,25,30,286,377
0,25,30,798,825
0,25,30,798,958
0,25,30,825,990
0,25,30,889,958
0,25,56,57,313
0,25,56,57,985
0,25,57,62,313
0,25,57,62,990
0,25,57,985,990
0,25,120,121,185
0,25,120,121,889
0,25,121,126,190
0,25,121,126,889
0,25,121,185,190
0,25,185,190,377
0,25,217,222,281
0,25,217,222,313
0,25,217,280,281
0,25,222,281,286
0,25,280,281,377
0,25,281,286,377
0,25,792,793,825
0,25,792,793,953
0,25,793,798,825
0,25,793,798,958
0,25,793,953,958
0,25,825,985,990
0,25,889,953,958
0,27,29,61,315
0,27,29,61,989
0,27,29,125,189
0,27,29,125,891
0,27,29,189,379
0,27,29,221,285
0,27,29,221,315
0,27,29,285,379
0,27,29,797,827
0,27,29,797,957
0,27,29,827,989
0,27,29,891,957
0,27,35,59,315
0,27,35,59,987
0,27,59,61,315
0,27,59,61,989
0,27,59,987,989
0,27,99,123,187
0,27,99,123,891
0,27,123,125,189
0,27,123,125,891
0,27,123,187,189
0,27,187,189,379
0,27,219,221,283
0,27,219,221,315
0,27,219,259,283
0,27,221,283,285
0,27,259,283,379
0,27,283,285,379
0,27,771,795,827
0,27,771,795,955
0,27,795,797,827
0,27,795,797,957
0,27,795,955,957
0,27,827,987,989
0,27,891,955,957
0,29,56,61,317
0,29,56,61,989
0,29,56,312,317
0,29,61,315,317
0,29,120,125,189
0,29,120,125,893
0,29,120,888,893
0,29,125,891,893
0,29,189,376,381
0,29,189,379,381
0,29,221,280,285
0,29,221,312,317
0,29,221,315,317
0,29,280,285,381
0,29,280,376,381
0,29,285,379,381
0,29,792,797,829
0,29,792,797,957
0,29,792,824,829
0,29,797,827,829
0,29,824,829,989
0,29,827,829,989
0,29,888,893,957
0,29,891,893,957
0,30,33,62,318
0,30,33,62,990
0,30,33,289,318
0,30,62,313,318
0,30,97,126,190
0,30,97,126,894
0,30,97,865,894
0,30,126,889,894
0,30,190,353,382
0,30,190,377,382
0,30,222,257,286
0,30,222,289,318
0,30,222,313,318
0,30,257,286,382
0,30,257,353,382
0,30,286,377,382
0,30,769,798,830
0,30,769,798,958
0,30,769,801,830
0,30,798,825,830
0,30,801,830,990
0,30,825,830,990
0,30,865,894,958
0,30,889,894,958
0,32,33,41,297
0,32,33,41,960
0,32,33,62,318
0,32,33,62,990
0,32,33,288,297
0,32,33,288,318
0,32,33,960,990
0,32,35,37,293
0,32,35,37,965
0,32,35,59,315
0,32,35,59,960
0,32,35,288,293
0,32,35,288,315
0,32,35,960,965
0,32,37,43,299
0,32,37,43,965
0,32,37,293,299
0,32,38,40,294
0,32,38,40,966
0,32,38,41,297
0,32,38,41,966
0,32,38,294,297
0,32,40,43,299
0,32,40,43,960
0,32,40,288,294
0,32,40,288,299
0,32,40,960,966
0,32,41,960,966
0,32,43,960,965
0,32,56,57,313
0,32,56,57,960
0,32,56,61,317
0,32,56,61,989
0,32,56,288,313
0,32,56,288,317
0,32,56,960,989
0,32,57,62,313
0,32,57,62,990
0,32,57,960,990
0,32,59,61,315
0,32,59,61,989
0,32,59,960,989
0,32,61,315,317
0,32,62,313,318
0,32,288,293,299
0,32,288,294,297
0,32,288,313,318
0,32,288,315,317
0,33,41,960,969
0,33,288,289,297
0,33,288,289,318
0,33,960,961,969
0,33,960,961,990
0,35,59,960,987
0,35,288,291,293
0,35,288,291,315
0,35,960,963,965
0,35,960,963,987
0,40,43,960,971
0,40,288,294,296
0,40,288,296,299
0,40,960,966,968
0,40,960,968,971
0,41,960,966,969
0,43,960,965,971
0,56,57,960,985
0,56,288,312,313
0,56,288,312,317
0,56,960,984,985
0,56,960,984,989
0,57,960,985,990
0,59,960,987,989
0,96,97,105,160
0,96,97,105,873
0,96,97,126,190
0,96,97,126,894
0,96,97,160,190
0,96,97,864,873
0,96,97,864,894
0,96,99,101,165
0,96,99,101,869
0,96,99,123,160
0,96,99,123,891
0,96,99,160,165
0,96,99,864,869
0,96,99,864,891
0,96,101,107,165
0,96,101,107,875
0,96,101,869,875
0,96,102,104,166
0,96,102,104,870
0,96,102,105,166
0,96,102,105,873
0,96,102,870,873
0,96,104,107,160
0,96,104,107,875
0,96,104,160,166
0,96,104,864,870
0,96,104,864,875
0,96,105,160,166
0,96,107,160,165
0,96,120,121,160
0,96,120,121,889
0,96,120,125,189
0,96,120,125,893
0,96,120,160,189
0,96,120,864,889
0,96,120,864,893
0,96,121,126,190
0,96,121,126,889
0,96,121,160,190
0,96,123,125,189
0,96,123,125,891
0,96,123,160,189
0,96,125,891,893
0,96,126,889,894
0,96,864,869,875
0,96,864,870,873
0,96,864,889,894
0,96,864,891,893
0,97,105,160,169
0,97,160,161,169
0,97,160,161,190
0,97,864,865,873
0,97,864,865,894
0,99,123,160,187
0,99,160,163,165
0,99,160,163,187
0,99,864,867,869
0,99,864,867,891
0,104,107,160,171
0,104,160,166,168
0,104,160,168,171
0,104,864,870,872
0,104,864,872,875
0,105,160,166,169
0,107,160,165,171
0,120,121,160,185
0,120,160,184,185
0,120,160,184,189
0,120,864,888,889
0,120,864,888,893
0,121,160,185,190
0,123,160,187,189
0,160,161,169,361
0,160,161,190,352
0,160,161,352,361
0,160,163,165,352
0,160,163,187,379
0,160,163,352,379
0,160,165,171,363
0,160,165,352,363
0,160,166,168,352
0,160,166,169,361
0,160,166,352,361
0,160,168,171,363
0,160,168,352,363
0,160,184,185,377
0,160,184,189,352
0,160,184,352,377
0,160,185,190,377
0,160,187,189,379
0,160,189,352,379
0,160,190,352,377
0,161,190,352,353
0,161,352,353,361
0,163,165,352,355
0,163,352,355,379
0,165,352,355,357
0,165,352,357,363
0,166,168,352,360
0,166,352,358,360
0,166,352,358,361
0,168,352,360,363
0,184,189,352,376
0,184,352,376,377
0,189,352,376,381
0,189,352,379,381
0,190,352,353,382
0,190,352,377,382
0,192,193,201,257
0,192,193,201,297
0,192,193,222,257
0,192,193,222,288
0,192,193,288,297
0,192,195,197,259
0,192,195,197,288
0,192,195,219,259
0,192,195,219,315
0,192,195,288,315
0,192,197,203,267
0,192,197,203,299
0,192,197,256,259
0,192,197,256,267
0,192,197,288,299
0,192,198,200,264
0,192,198,200,288
0,192,198,201,265
0,192,198,201,297
0,192,198,256,264
0,192,198,256,265
0,192,198,288,297
0,192,200,203,264
0,192,200,203,299
0,192,200,288,299
0,192,201,257,265
0,192,203,264,267
0,192,216,217,280
0,192,216,217,313
0,192,216,221,280
0,192,216,221,288
0,192,216,288,313
0,192,217,222,281
0,192,217,222,313
0,192,217,280,281
0,192,219,221,283
0,192,219,221,315
0,192,219,259,283
0,192,221,256,280
0,192,221,256,283
0,192,221,288,315
0,192,222,256,257
0,192,222,256,281
0,192,222,288,313
0,192,256,257,265
0,192,256,259,283
0,192,256,264,267
0,192,256,280,281
0,193,222,288,289
0,193,288,289,297
0,195,197,288,291
0,195,288,291,315
0,197,256,259,261
0,197,256,261,267
0,197,288,291,293
0,197,288,293,299
0,198,200,288,296
0,198,256,262,264
0,198,256,262,265
0,198,288,294,296
0,198,288,294,297
0,200,288,296,299
0,216,221,288,312
0,216,288,312,313
0,221,256,280,285
0,221,256,283,285
0,221,288,312,317
0,221,288,315,317
0,222,256,257,286
0,222,256,281,286
0,222,288,289,318
0,222,288,313,318
0,256,257,265,361
0,256,257,286,382
0,256,257,352,361
0,256,257,352,382
0,256,259,261,357
0,256,259,283,379
0,256,259,352,357
0,256,259,352,379
0,256,261,267,363
0,256,261,357,363
0,256,262,264,358
0,256,262,265,361
0,256,262,358,361
0,256,264,267,363
0,256,264,352,358
0,256,264,352,363
0,256,280,281,377
0,256,280,285,381
0,256,280,352,377
0,256,280,352,381
0,256,281,286,377
0,256,283,285,379
0,256,285,379,381
0,256,286,377,382
0,256,352,357,363
0,256,352,358,361
0,256,352,377,382
0,256,352,379,381
0,257,352,353,361
0,257,352,353,382
0,259,352,355,357
0,259,352,355,379
0,264,352,358,360
0,264,352,360,363
0,280,352,376,377
0,280,352,376,381
0,768,769,777,809
0,768,769,777,928
0,768,769,798,830
0,768,769,798,958
0,768,769,800,809
0,768,769,800,830
0,768,769,928,958
0,768,771,773,805
0,768,771,773,933
0,768,771,795,827
0,768,771,795,928
0,768,771,800,805
0,768,771,800,827
0,768,771,928,933
0,768,773,779,811
0,768,773,779,933
0,768,773,805,811
0,768,774,776,806
0,768,774,776,934
0,768,774,777,809
0,768,774,777,934
0,768,774,806,809
0,768,776,779,811
0,768,776,779,928
0,768,776,800,806
0,768,776,800,811
0,768,776,928,934
0,768,777,928,934
0,768,779,928,933
0,768,792,793,825
0,768,792,793,928
0,768,792,797,829
0,768,792,797,957
0,768,792,800,825
0,768,792,800,829
0,768,792,928,957
0,768,793,798,825
0,768,793,798,958
0,768,793,928,958
0,768,795,797,827
0,768,795,797,957
0,768,795,928,957
0,768,797,827,829
0,768,798,825,830
0,768,800,805,811
0,768,800,806,809
0,768,800,825,830
0,768,800,827,829
0,769,777,928,937
0,769,800,801,809
0,769,800,801,830
0,769,928,929,937
0,769,928,929,958
0,771,795,928,955
0,771,800,803,805
0,771,800,803,827
0,771,928,931,933
0,771,928,931,955
0,776,779,928,939
0,776,800,806,808
0,776,800,808,811
0,776,928,934,936
0,776,928,936,939
0,777,928,934,937
0,779,928,933,939
0,792,793,928,953
0,792,800,824,825
0,792,800,824,829
0,792,928,952,953
0,792,928,952,957
0,793,928,953,958
0,795,928,955,957
0,800,801,809,961
0,800,801,830,990
0,800,801,961,990
0,800,803,805,965
0,800,803,827,963
0,800,803,963,965
0,800,805,811,965
0,800,806,808,966
0,800,806,809,966
0,800,808,811,968
0,800,808,966,968
0,800,809,960,961
0,800,809,960,966
0,800,811,960,965
0,800,811,960,968
0,800,824,825,984
0,800,824,829,989
0,800,824,984,989
0,800,825,830,990
0,800,825,960,984
0,800,825,960,990
0,800,827,829,989
0,800,827,960,963
0,800,827,960,989
0,800,960,961,990
0,800,960,963,965
0,800,960,966,968
0,800,960,984,989
0,809,960,961,969
0,809,960,966,969
0,811,960,965,971
0,811,960,968,971
0,825,960,984,985
0,825,960,985,990
0,827,960,963,987
0,827,960,987,989
0,864,865,873,929
0,864,865,894,958
0,864,865,929,958
0,864,867,869,933
0,864,867,891,931
0,864,867,931,933
0,864,869,875,933
0,864,870,872,934
0,864,870,873,934
0,864,872,875,936
0,864,872,934,936
0,864,873,928,929
0,864,873,928,934
0,864,875,928,933
0,864,875,928,936
0,864,888,889,952
0,864,888,893,957
0,864,888,952,957
0,864,889,894,958
0,864,889,928,952
0,864,889,928,958
0,864,891,893,957
0,864,891,928,931
0,864,891,928,957
0,864,928,929,958
0,864,928,931,933
0,864,928,934,936
0,864,928,952,957
0,873,928,929,937
0,873,928,934,937
0,875,928,933,939
0,875,928,936,939
0,889,928,952,953
0,889,928,953,958
0,891,928,931,955
0,891,928,955,957
1,2,4,33,289
1,2,4,33,964
1,2,4,97,164
1,2,4,97,865
1,2,4,164,353
1,2,4,196,257
1,2,4,196,289
1,2,4,257,353
1,2,4,769,801
1,2,4,769,932
1,2,4,801,964
1,2,4,865,932
1,2,25,33,313
1,2,25,33,985
1,2,25,97,185
1,2,25,97,889
1,2,25,185,377
1,2,25,217,257
1,2,25,217,313
1,2,25,257,377
1,2,25,769,825
1,2,25,769,953
1,2,25,825,985
1,2,25,889,953
1,2,33,289,313
1,2,33,961,964
1,2,33,961,985
1,2,97,161,164
1,2,97,161,185
1,2,97,865,889
1,2,161,164,353
1,2,161,185,377
1,2,161,353,377
1,2,193,196,257
1,2,193,196,289
1,2,193,217,257
1,2,193,217,313
1,2,193,289,313
1,2,257,353,377
1,2,769,801,825
1,2,769,929,932
1,2,769,929,953
1,2,801,825,961
1,2,801,961,964
1,2,825,961,985
1,2,865,889,929
1,2,865,929,932
1,2,889,929,953
1,4,9,33,297
1,4,9,33,964
1,4,9,97,164
1,4,9,97,873
1,4,9,164,361
1,4,9,196,257
1,4,9,196,297
1,4,9,257,361
1,4,9,769,809
1,4,9,769,932
1,4,9,809,964
1,4,9,873,932
1,4,33,289,297
1,4,97,865,873
1,4,164,353,361
1,4,196,289,297
1,4,257,353,361
1,4,769,801,809
1,4,801,809,964
1,4,865,873,932
1,9,33,964,969
1,9,97,164,169
1,9,164,169,361
1,9,196,201,257
1,9,196,201,297
1,9,769,932,937
1,9,809,964,969
1,9,873,932,937
1,25,30,33,313
1,25,30,33,990
1,25,30,97,190
1,25,30,97,889
1,25,30,190,377
1,25,30,222,257
1,25,30,222,313
1,25,30,257,377
1,25,30,769,825
1,25,30,769,958
1,25,30,825,990
1,25,30,889,958
1,25,33,985,990
1,25,97,185,190
1,25,185,190,377
1,25,217,222,257
1,25,217,222,313
1,25,769,953,958
1,25,825,985,990
1,25,889,953,958
1,30,33,289,313
1,30,97,865,889
1,30,190,353,377
1,30,222,289,313
1,30,257,353,377
1,30,769,801,825
1,30,801,825,990
1,30,865,889,958
1,33,961,964,969
1,33,961,985,990
1,97,161,164,169
1,97,161,185,190
1,161,164,169,361
1,161,164,353,361
1,161,185,190,377
1,161,190,353,377
1,193,196,201,257
1,193,196,201,297
1,193,196,289,297
1,193,217,222,257
1,193,217,222,313
1,193,222,289,313
1,769,929,932,937
1,769,929,953,958
1,801,809,961,964
1,801,825,961,990
1,809,961,964,969
1,825,961,985,990
1,865,873,929,932
1,865,889,929,958
1,873,929,932,937
1,889,929,953,958
2,3,11,35,299
2,3,11,35,971
2,3,11,99,171
2,3,11,99,875
2,3,11,171,363
2,3,11,203,259
2,3,11,203,299
2,3,11,259,363
2,3,11,771,811
2,3,11,771,939
2,3,11,811,971
2,3,11,875,939
2,3,31,35,291
2,3,31,35,991
2,3,31,99,191
2,3,31,99,867
2,3,31,191,355
2,3,31,223,259
2,3,31,223,291
2,3,31,259,355
2,3,31,771,803
2,3,31,771,959
2,3,31,803,991
2,3,31,867,959
2,3,35,291,299
2,3,35,963,971
2,3,35,963,991
2,3,99,163,171
2,3,99,163,191
2,3,99,867,875
2,3,163,171,363
2,3,163,191,355
2,3,163,355,363
2,3,195,203,259
2,3,195,203,299
2,3,195,223,259
2,3,195,223,291
2,3,195,291,299
2,3,259,355,363
2,3,771,803,811
2,3,771,931,939
2,3,771,931,959
2,3,803,811,963
2,3,803,963,991
2,3,811,963,971
2,3,867,875,931
2,3,867,931,959
2,3,875,931,939
2,4,9,36,297
2,4,9,36,964
2,4,9,100,164
2,4,9,100,873
2,4,9,164,361
2,4,9,196,260
2,4,9,196,297
2,4,9,260,361
2,4,9,772,809
2,4,9,772,932
2,4,9,809,964
2,4,9,873,932
2,4,33,36,292
2,4,33,36,964
2,4,33,289,292
2,4,36,292,297
2,4,97,100,164
2,4,97,100,868
2,4,97,865,868
2,4,100,868,873
2,4,164,353,356
2,4,164,356,361
2,4,196,257,260
2,4,196,289,292
2,4,196,292,297
2,4,257,260,356
2,4,257,353,356
2,4,260,356,361
2,4,769,772,804
2,4,769,772,932
2,4,769,801,804
2,4,772,804,809
2,4,801,804,964
2,4,804,809,964
2,4,865,868,932
2,4,868,873,932
2,7,10,42,298
2,7,10,42,967
2,7,10,106,167
2,7,10,106,874
2,7,10,167,362
2,7,10,199,266
2,7,10,199,298
2,7,10,266,362
2,7,10,778,810
2,7,10,778,935
2,7,10,810,967
2,7,10,874,935
2,7,11,39,299
2,7,11,39,967
2,7,11,103,167
2,7,11,103,875
2,7,11,167,363
2,7,11,199,263
2,7,11,199,299
2,7,11,263,363
2,7,11,775,811
2,7,11,775,935
2,7,11,811,967
2,7,11,875,935
2,7,39,42,295
2,7,39,42,967
2,7,39,295,299
2,7,42,295,298
2,7,103,106,167
2,7,103,106,871
2,7,103,871,875
2,7,106,871,874
2,7,167,359,362
2,7,167,359,363
2,7,199,263,266
2,7,199,295,298
2,7,199,295,299
2,7,263,266,359
2,7,263,359,363
2,7,266,359,362
2,7,775,778,807
2,7,775,778,935
2,7,775,807,811
2,7,778,807,810
2,7,807,810,967
2,7,807,811,967
2,7,871,874,935
2,7,871,875,935
2,9,10,42,297
2,9,10,42,969
2,9,10,106,169
2,9,10,106,873
2,9,10,169,361
2,9,10,201,266
2,9,10,201,297
2,9,10,266,361
2,9,10,778,809
2,9,10,778,937
2,9,10,809,969
2,9,10,873,937
2,9,36,41,297
2,9,36,41,964
2,9,41,42,297
2,9,41,42,969
2,9,41,964,969
2,9,100,105,164
2,9,100,105,873
2,9,105,106,169
2,9,105,106,873
2,9,105,164,169
2,9,164,169,361
2,9,196,201,265
2,9,196,201,297
2,9,196,260,265
2,9,201,265,266
2,9,260,265,361
2,9,265,266,361
2,9,772,777,809
2,9,772,777,932
2,9,777,778,809
2,9,777,778,937
2,9,777,932,937
2,9,809,964,969
2,9,873,932,937
2,10,42,297,298
2,10,42,967,970
2,10,42,969,970
2,10,106,167,170
2,10,106,169,170
2,10,106,873,874
2,10,167,170,362
2,10,169,170,361
2,10,170,361,362
2,10,199,202,266
2,10,199,202,298
2,10,201,202,266
2,10,201,202,297
2,10,202,297,298
2,10,266,361,362
2,10,778,809,810
2,10,778,935,938
2,10,778,937,938
2,10,809,810,970
2,10,809,969,970
2,10,810,967,970
2,10,873,874,938
2,10,873,937,938
2,10,874,935,938
2,11,35,43,299
2,11,35,43,971
2,11,39,43,299
2,11,39,43,967
2,11,43,967,971
2,11,99,107,171
2,11,99,107,875
2,11,103,107,167
2,11,103,107,875
2,11,107,167,171
2,11,167,171,363
2,11,199,203,267
2,11,199,203,299
2,11,199,263,267
2,11,203,259,267
2,11,259,267,363
2,11,263,267,363
2,11,771,779,811
2,11,771,779,939
2,11,775,779,811
2,11,775,779,935
2,11,779,935,939
2,11,811,967,971
2,11,875,935,939
2,25,28,60,313
2,25,28,60,988
2,25,28,124,188
2,25,28,124,889
2,25,28,188,377
2,25,28,220,284
2,25,28,220,313
2,25,28,284,377
2,25,28,796,825
2,25,28,796,956
2,25,28,825,988
2,25,28,889,956
2,25,33,57,313
2,25,33,57,985
2,25,57,60,313
2,25,57,60,988
2,25,57,985,988
2,25,97,121,185
2,25,97,121,889
2,25,121,124,188
2,25,121,124,889
2,25,121,185,188
2,25,185,188,377
2,25,217,220,281
2,25,217,220,313
2,25,217,257,281
2,25,220,281,284
2,25,257,281,377
2,25,281,284,377
2,25,769,793,825
2,25,769,793,953
2,25,793,796,825
2,25,793,796,956
2,25,793,953,956
2,25,825,985,988
2,25,889,953,956
2,26,27,58,315
2,26,27,58,987
2,26,27,122,187
2,26,27,122,891
2,26,27,187,379
2,26,27,219,282
2,26,27,219,315
2,26,27,282,379
2,26,27,794,827
2,26,27,794,955
2,26,27,827,987
2,26,27,891,955
2,26,28,58,314
2,26,28,58,988
2,26,28,122,188
2,26,28,122,890
2,26,28,188,378
2,26,28,220,282
2,26,28,220,314
2,26,28,282,378
2,26,28,794,826
2,26,28,794,956
2,26,28,826,988
2,26,28,890,956
2,26,58,314,315
2,26,58,986,987
2,26,58,986,988
2,26,122,186,187
2,26,122,186,188
2,26,122,890,891
2,26,186,187,379
2,26,186,188,378
2,26,186,378,379
2,26,218,219,282
2,26,218,219,315
2,26,218,220,282
2,26,218,220,314
2,26,218,314,315
2,26,282,378,379
2,26,794,826,827
2,26,794,954,955
2,26,794,954,956
2,26,826,827,986
2,26,826,986,988
2,26,827,986,987
2,26,890,891,954
2,26,890,954,956
2,26,891,954,955
2,27,31,63,315
2,27,31,63,991
2,27,31,127,191
2,27,31,127,891
2,27,31,191,379
2,27,31,223,287
2,27,31,223,315
2,27,31,287,379
2,27,31,799,827
2,27,31,799,959
2,27,31,827,991
2,27,31,891,959
2,27,58,59,315
2,27,58,59,987
2,27,59,63,315
2,27,59,63,991
2,27,59,987,991
2,27,122,123,187
2,27,122,123,891
2,27,123,127,191
2,27,123,127,891
2,27,123,187,191
2,27,187,191,379
2,27,219,223,283
2,27,219,223,315
2,27,219,282,283
2,27,223,283,287
2,27,282,283,379
2,27,283,287,379
2,27,794,795,827
2,27,794,795,955
2,27,795,799,827
2,27,795,799,959
2,27,795,955,959
2,27,827,987,991
2,27,891,955,959
2,28,58,60,316
2,28,58,60,988
2,28,58,314,316
2,28,60,313,316
2,28,122,124,188
2,28,122,124,892
2,28,122,890,892
2,28,124,889,892
2,28,188,377,380
2,28,188,378,380
2,28,220,282,284
2,28,220,313,316
2,28,220,314,316
2,28,282,284,380
2,28,282,378,380
2,28,284,377,380
2,28,794,796,828
2,28,794,796,956
2,28,794,826,828
2,28,796,825,828
2,28,825,828,988
2,28,826,828,988
2,28,889,892,956
2,28,890,892,956
2,31,35,63,319
2,31,35,63,991
2,31,35,291,319
2,31,63,315,319
2,31,99,127,191
2,31,99,127,895
2,31,99,867,895
2,31,127,891,895
2,31,191,355,383
2,31,191,379,383
2,31,223,259,287
2,31,223,291,319
2,31,223,315,319
2,31,259,287,383
2,31,259,355,383
2,31,287,379,383
2,31,771,799,831
2,31,771,799,959
2,31,771,803,831
2,31,799,827,831
2,31,803,831,991
2,31,827,831,991
2,31,867,895,959
2,31,891,895,959
2,33,34,36,292
2,33,34,36,964
2,33,34,57,313
2,33,34,57,962
2,33,34,290,292
2,33,34,290,313
2,33,34,962,964
2,33,57,962,985
2,33,289,290,292
2,33,289,290,313
2,33,961,962,964
2,33,961,962,985
2,34,35,43,299
2,34,35,43,962
2,34,35,63,319
2,34,35,63,991
2,34,35,290,299
2,34,35,290,319
2,34,35,962,991
2,34,36,41,297
2,34,36,41,964
2,34,36,292,297
2,34,39,42,295
2,34,39,42,967
2,34,39,43,299
2,34,39,43,967
2,34,39,295,299
2,34,41,42,297
2,34,41,42,962
2,34,41,962,964
2,34,42,290,295
2,34,42,290,297
2,34,42,962,967
2,34,43,962,967
2,34,57,60,313
2,34,57,60,988
2,34,57,962,988
2,34,58,59,315
2,34,58,59,962
2,34,58,60,316
2,34,58,60,988
2,34,58,290,315
2,34,58,290,316
2,34,58,962,988
2,34,59,63,315
2,34,59,63,991
2,34,59,962,991
2,34,60,313,316
2,34,63,315,319
2,34,290,292,297
2,34,290,295,299
2,34,290,313,316
2,34,290,315,319
2,35,43,962,971
2,35,290,291,299
2,35,290,291,319
2,35,962,963,971
2,35,962,963,991
2,41,42,962,969
2,41,962,964,969
2,42,290,295,298
2,42,290,297,298
2,42,962,967,970
2,42,962,969,970
2,43,962,967,971
2,57,962,985,988
2,58,59,962,987
2,58,290,314,315
2,58,290,314,316
2,58,962,986,987
2,58,962,986,988
2,59,962,987,991
2,97,98,100,164
2,97,98,100,868
2,97,98,121,162
2,97,98,121,889
2,97,98,162,164
2,97,98,866,868
2,97,98,866,889
2,97,121,162,185
2,97,161,162,164
2,97,161,162,185
2,97,865,866,868
2,97,865,866,889
2,98,99,107,162
2,98,99,107,875
2,98,99,127,191
2,98,99,127,895
2,98,99,162,191
2,98,99,866,875
2,98,99,866,895
2,98,100,105,164
2,98,100,105,873
2,98,100,868,873
2,98,103,106,167
2,98,103,106,871
2,98,103,107,167
2,98,103,107,875
2,98,103,871,875
2,98,105,106,162
2,98,105,106,873
2,98,105,162,164
2,98,106,162,167
2,98,106,866,871
2,98,106,866,873
2,98,107,162,167
2,98,121,124,188
2,98,121,124,889
2,98,121,162,188
2,98,122,123,162
2,98,122,123,891
2,98,122,124,188
2,98,122,124,892
2,98,122,162,188
2,98,122,866,891
2,98,122,866,892
2,98,123,127,191
2,98,123,127,891
2,98,123,162,191
2,98,124,889,892
2,98,127,891,895
2,98,866,868,873
2,98,866,871,875
2,98,866,889,892
2,98,866,891,895
2,99,107,162,171
2,99,162,163,171
2,99,162,163,191
2,99,866,867,875
2,99,866,867,895
2,105,106,162,169
2,105,162,164,169
2,106,162,167,170
2,106,162,169,170
2,106,866,871,874
2,106,866,873,874
2,107,162,167,171
2,121,162,185,188
2,122,123,162,187
2,122,162,186,187
2,122,162,186,188
2,122,866,890,891
2,122,866,890,892
2,123,162,187,191
2,161,162,164,354
2,161,162,185,377
2,161,162,354,377
2,161,164,353,354
2,161,353,354,377
2,162,163,171,363
2,162,163,191,354
2,162,163,354,363
2,162,164,169,361
2,162,164,354,361
2,162,167,170,354
2,162,167,171,363
2,162,167,354,363
2,162,169,170,361
2,162,170,354,361
2,162,185,188,377
2,162,186,187,379
2,162,186,188,354
2,162,186,354,379
2,162,187,191,379
2,162,188,354,377
2,162,191,354,379
2,163,191,354,355
2,163,354,355,363
2,164,353,354,356
2,164,354,356,361
2,167,170,354,362
2,167,354,359,362
2,167,354,359,363
2,170,354,361,362
2,186,188,354,378
2,186,354,378,379
2,188,354,377,380
2,188,354,378,380
2,191,354,355,383
2,191,354,379,383
2,193,194,196,257
2,193,194,196,290
2,193,194,217,257
2,193,194,217,313
2,193,194,290,313
2,193,196,289,290
2,193,289,290,313
2,194,195,203,259
2,194,195,203,299
2,194,195,223,259
2,194,195,223,290
2,194,195,290,299
2,194,196,201,265
2,194,196,201,297
2,194,196,257,258
2,194,196,258,265
2,194,196,290,297
2,194,199,202,266
2,194,199,202,290
2,194,199,203,267
2,194,199,203,299
2,194,199,258,266
2,194,199,258,267
2,194,199,290,299
2,194,201,202,266
2,194,201,202,297
2,194,201,265,266
2,194,202,290,297
2,194,203,259,267
2,194,217,220,281
2,194,217,220,313
2,194,217,257,281
2,194,218,219,282
2,194,218,219,315
2,194,218,220,282
2,194,218,220,290
2,194,218,290,315
2,194,219,223,283
2,194,219,223,315
2,194,219,282,283
2,194,220,258,281
2,194,220,258,282
2,194,220,290,313
2,194,223,258,259
2,194,223,258,283
2,194,223,290,315
2,194,257,258,281
2,194,258,259,267
2,194,258,265,266
2,194,258,282,283
2,195,223,290,291
2,195,290,291,299
2,196,257,258,260
2,196,258,260,265
2,196,289,290,292
2,196,290,292,297
2,199,202,290,298
2,199,258,263,266
2,199,258,263,267
2,199,290,295,298
2,199,290,295,299
2,202,290,297,298
2,218,220,290,314
2,218,290,314,315
2,220,258,281,284
2,220,258,282,284
2,220,290,313,316
2,220,290,314,316
2,223,258,259,287
2,223,258,283,287
2,223,290,291,319
2,223,290,315,319
2,257,258,260,356
2,257,258,281,377
2,257,258,354,356
2,257,258,354,377
2,257,353,354,356
2,257,353,354,377
2,258,259,267,363
2,258,259,287,383
2,258,259,354,363
2,258,259,354,383
2,258,260,265,361
2,258,260,356,361
2,258,263,266,359
2,258,263,267,363
2,258,263,359,363
2,258,265,266,361
2,258,266,354,359
2,258,266,354,361
2,258,281,284,377
2,258,282,283,379
2,258,282,284,380
2,258,282,354,379
2,258,282,354,380
2,258,283,287,379
2,258,284,377,380
2,258,287,379,383
2,258,354,356,361
2,258,354,359,363
2,258,354,377,380
2,258,354,379,383
2,259,354,355,363
2,259,354,355,383
2,266,354,359,362
2,266,354,361,362
2,282,354,378,379
2,282,354,378,380
2,769,770,772,804
2,769,770,772,932
2,769,770,793,825
2,769,770,793,930
2,769,770,802,804
2,769,770,802,825
2,769,770,930,932
2,769,793,930,953
2,769,801,802,804
2,769,801,802,825
2,769,929,930,932
2,769,929,930,953
2,770,771,779,811
2,770,771,779,930
2,770,771,799,831
2,770,771,799,959
2,770,771,802,811
2,770,771,802,831
2,770,771,930,959
2,770,772,777,809
2,770,772,777,932
2,770,772,804,809
2,770,775,778,807
2,770,775,778,935
2,770,775,779,811
2,770,775,779,935
2,770,775,807,811
2,770,777,778,809
2,770,777,778,930
2,770,777,930,932
2,770,778,802,807
2,770,778,802,809
2,770,778,930,935
2,770,779,930,935
2,770,793,796,825
2,770,793,796,956
2,770,793,930,956
2,770,794,795,827
2,770,794,795,930
2,770,794,796,828
2,770,794,796,956
2,770,794,802,827
2,770,794,802,828
2,770,794,930,956
2,770,795,799,827
2,770,795,799,959
2,770,795,930,959
2,770,796,825,828
2,770,799,827,831
2,770,802,804,809
2,770,802,807,811
2,770,802,825,828
2,770,802,827,831
2,771,779,930,939
2,771,802,803,811
2,771,802,803,831
2,771,930,931,939
2,771,930,931,959
2,777,778,930,937
2,777,930,932,937
2,778,802,807,810
2,778,802,809,810
2,778,930,935,938
2,778,930,937,938
2,779,930,935,939
2,793,930,953,956
2,794,795,930,955
2,794,802,826,827
2,794,802,826,828
2,794,930,954,955
2,794,930,954,956
2,795,930,955,959
2,801,802,804,964
2,801,802,825,961
2,801,802,961,964
2,802,803,811,963
2,802,803,831,991
2,802,803,963,991
2,802,804,809,964
2,802,807,810,967
2,802,807,811,967
2,802,809,810,970
2,802,809,962,964
2,802,809,962,970
2,802,810,967,970
2,802,811,962,963
2,802,811,962,967
2,802,825,828,988
2,802,825,961,962
2,802,825,962,988
2,802,826,827,986
2,802,826,828,988
2,802,826,986,988
2,802,827,831,991
2,802,827,962,986
2,802,827,962,991
2,802,961,962,964
2,802,962,963,991
2,802,962,967,970
2,802,962,986,988
2,809,962,964,969
2,809,962,969,970
2,811,962,963,971
2,811,962,967,971
2,825,961,962,985
2,825,962,985,988
2,827,962,986,987
2,827,962,987,991
2,865,866,868,932
2,865,866,889,929
2,865,866,929,932
2,866,867,875,931
2,866,867,895,959
2,866,867,931,959
2,866,868,873,932
2,866,871,874,935
2,866,871,875,935
2,866,873,874,938
2,866,873,930,932
2,866,873,930,938
2,866,874,935,938
2,866,875,930,931
2,866,875,930,935
2,866,889,892,956
2,866,889,929,930
2,866,889,930,956
2,866,890,891,954
2,866,890,892,956
2,866,890,954,956
2,866,891,895,959
2,866,891,930,954
2,866,891,930,959
2,866,929,930,932
2,866,930,931,959
2,866,930,935,938
2,866,930,954,956
2,873,930,932,937
2,873,930,937,938
2,875,930,931,939
2,875,930,935,939
2,889,929,930,953
2,889,930,953,956
2,891,930,954,955
2,891,930,955,959
3,5,11,35,299
3,5,11,35,965
3,5,11,99,165
3,5,11,99,875
3,5,11,165,363
3,5,11,197,259
3,5,11,197,299
3,5,11,259,363
3,5,11,771,811
3,5,11,771,933
3,5,11,811,965
3,5,11,875,933
3,5,35,291,299
3,5,99,867,875
3,5,165,355,363
3,5,197,291,299
3,5,259,355,363
3,5,771,803,811
3,5,803,811,965
3,5,867,875,933
3,11,35,965,971
3,11,99,165,171
3,11,165,171,363
3,11,197,203,259
3,11,197,203,299
3,11,771,933,939
3,11,811,965,971
3,11,875,933,939
3,27,31,35,315
3,27,31,35,991
3,27,31,99,191
3,27,31,99,891
3,27,31,191,379
3,27,31,223,259
3,27,31,223,315
3,27,31,259,379
3,27,31,771,827
3,27,31,771,959
3,27,31,827,991
3,27,31,891,959
3,27,35,987,991
3,27,99,187,191
3,27,187,191,379
3,27,219,223,259
3,27,219,223,315
3,27,771,955,959
3,27,827,987,991
3,27,891,955,959
3,31,35,291,315
3,31,99,867,891
3,31,191,355,379
3,31,223,291,315
3,31,259,355,379
3,31,771,803,827
3,31,803,827,991
3,31,867,891,959
3,35,963,965,971
3,35,963,987,991
3,99,163,165,171
3,99,163,187,191
3,163,165,171,363
3,163,165,355,363
3,163,187,191,379
3,163,191,355,379
3,195,197,203,259
3,195,197,203,299
3,195,197,291,299
3,195,219,223,259
3,195,219,223,315
3,195,223,291,315
3,771,931,933,939
3,771,931,955,959
3,803,811,963,965
3,803,827,963,991
3,811,963,965,971
3,827,963,987,991
3,867,875,931,933
3,867,891,931,959
3,875,931,933,939
3,891,931,955,959
4,9,33,36,297
4,9,33,36,964
4,9,97,100,164
4,9,97,100,873
4,9,196,257,260
4,9,257,260,361
4,9,769,772,809
4,9,769,772,932
4,33,36,292,297
4,33,289,292,297
4,97,100,868,873
4,97,865,868,873
4,164,353,356,361
4,196,289,292,297
4,257,260,356,361
4,257,353,356,361
4,769,772,804,809
4,769,801,804,809
4,801,804,809,964
4,865,868,873,932
5,11,35,37,299
5,11,35,37,965
5,11,99,101,165
5,11,99,101,875
5,11,197,259,261
5,11,259,261,363
5,11,771,773,811
5,11,771,773,933
5,35,37,293,299
5,35,291,293,299
5,99,101,869,875
5,99,867,869,875
5,165,355,357,363
5,197,291,293,299
5,259,261,357,363
5,259,355,357,363
5,771,773,805,811
5,771,803,805,811
5,803,805,811,965
5,867,869,875,933
6,8,9,40,297
6,8,9,40,966
6,8,9,104,166
6,8,9,104,873
6,8,9,166,361
6,8,9,198,264
6,8,9,198,297
6,8,9,264,361
6,8,9,776,809
6,8,9,776,934
6,8,9,809,966
6,8,9,873,934
6,8,40,296,297
6,8,104,872,873
6,8,166,360,361
6,8,198,296,297
6,8,264,360,361
6,8,776,808,809
6,8,808,809,966
6,8,872,873,934
6,9,38,40,297
6,9,38,40,966
6,9,102,104,166
6,9,102,104,873
6,9,198,262,264
6,9,262,264,361
6,9,774,776,809
6,9,774,776,934
6,38,40,294,297
6,40,294,296,297
6,102,104,870,873
6,104,870,872,873
6,166,358,360,361
6,198,294,296,297
6,262,264,358,361
6,264,358,360,361
6,774,776,806,809
6,776,806,808,809
6,806,808,809,966
6,870,872,873,934
7,10,11,42,299
7,10,11,42,967
7,10,11,106,167
7,10,11,106,875
7,10,11,167,363
7,10,11,199,266
7,10,11,199,299
7,10,11,266,363
7,10,11,778,811
7,10,11,778,935
7,10,11,811,967
7,10,11,875,935
7,10,42,298,299
7,10,106,874,875
7,10,167,362,363
7,10,199,298,299
7,10,266,362,363
7,10,778,810,811
7,10,810,811,967
7,10,874,875,935
7,11,39,42,299
7,11,39,42,967
7,11,103,106,167
7,11,103,106,875
7,11,199,263,266
7,11,263,266,363
7,11,775,778,811
7,11,775,778,935
7,39,42,295,299
7,42,295,298,299
7,103,106,871,875
7,106,871,874,875
7,167,359,362,363
7,199,295,298,299
7,263,266,359,363
7,266,359,362,363
7,775,778,807,811
7,778,807,810,811
7,807,810,811,967
7,871,874,875,935
8,9,16,40,297
8,9,16,40,969
8,9,16,104,169
8,9,16,104,873
8,9,16,169,361
8,9,16,201,264
8,9,16,201,297
8,9,16,264,361
8,9,16,776,809
8,9,16,776,937
8,9,16,809,969
8,9,16,873,937
8,9,40,966,969
8,9,104,166,169
8,9,166,169,361
8,9,198,201,264
8,9,198,201,297
8,9,776,934,937
8,9,809,966,969
8,9,873,934,937
8,11,13,40,299
8,11,13,40,973
8,11,13,104,173
8,11,13,104,875
8,11,13,173,363
8,11,13,205,264
8,11,13,205,299
8,11,13,264,363
8,11,13,776,811
8,11,13,776,941
8,11,13,811,973
8,11,13,875,941
8,11,40,971,973
8,11,104,171,173
8,11,171,173,363
8,11,203,205,264
8,11,203,205,299
8,11,776,939,941
8,11,811,971,973
8,11,875,939,941
8,13,16,40,296
8,13,16,40,973
8,13,16,104,173
8,13,16,104,872
8,13,16,173,360
8,13,16,205,264
8,13,16,205,296
8,13,16,264,360
8,13,16,776,808
8,13,16,776,941
8,13,16,808,973
8,13,16,872,941
8,13,40,296,299
8,13,104,872,875
8,13,173,360,363
8,13,205,296,299
8,13,264,360,363
8,13,776,808,811
8,13,808,811,973
8,13,872,875,941
8,16,40,296,297
8,16,40,968,969
8,16,40,968,973
8,16,104,168,169
8,16,104,168,173
8,16,104,872,873
8,16,168,169,361
8,16,168,173,360
8,16,168,360,361
8,16,200,201,264
8,16,200,201,297
8,16,200,205,264
8,16,200,205,296
8,16,200,296,297
8,16,264,360,361
8,16,776,808,809
8,16,776,936,937
8,16,776,936,941
8,16,808,809,968
8,16,808,968,973
8,16,809,968,969
8,16,872,873,936
8,16,872,936,941
8,16,873,936,937
8,40,966,968,969
8,40,968,971,973
8,104,166,168,169
8,104,168,171,173
8,166,168,169,361
8,166,168,360,361
8,168,171,173,363
8,168,173,360,363
8,198,200,201,264
8,198,200,201,297
8,198,200,296,297
8,200,203,205,264
8,200,203,205,299
8,200,205,296,299
8,776,934,936,937
8,776,936,939,941
8,808,809,966,968
8,808,811,968,973
8,809,966,968,969
8,811,968,971,973
8,872,873,934,936
8,872,875,936,941
8,873,934,936,937
8,875,936,939,941
9,10,12,42,297
9,10,12,42,972
9,10,12,106,172
9,10,12,106,873
9,10,12,172,361
9,10,12,204,266
9,10,12,204,297
9,10,12,266,361
9,10,12,778,809
9,10,12,778,940
9,10,12,809,972
9,10,12,873,940
9,10,42,969,972
9,10,106,169,172
9,10,169,172,361
9,10,201,204,266
9,10,201,204,297
9,10,778,937,940
9,10,809,969,972
9,10,873,937,940
9,12,18,44,297
9,12,18,44,972
9,12,18,108,172
9,12,18,108,873
9,12,18,172,361
9,12,18,204,268
9,12,18,204,297
9,12,18,268,361
9,12,18,780,809
9,12,18,780,940
9,12,18,809,972
9,12,18,873,940
9,12,42,44,297
9,12,42,44,972
9,12,106,108,172
9,12,106,108,873
9,12,204,266,268
9,12,266,268,361
9,12,778,780,809
9,12,778,780,940
9,14,16,46,297
9,14,16,46,974
9,14,16,110,174
9,14,16,110,873
9,14,16,174,361
9,14,16,206,270
9,14,16,206,297
9,14,16,270,361
9,14,16,782,809
9,14,16,782,942
9,14,16,809,974
9,14,16,873,942
9,14,17,49,297
9,14,17,49,974
9,14,17,113,174
9,14,17,113,873
9,14,17,174,361
9,14,17,206,273
9,14,17,206,297
9,14,17,273,361
9,14,17,785,809
9,14,17,785,942
9,14,17,809,974
9,14,17,873,942
9,14,46,49,297
9,14,46,49,974
9,14,110,113,174
9,14,110,113,873
9,14,206,270,273
9,14,270,273,361
9,14,782,785,809
9,14,782,785,942
9,16,40,41,297
9,16,40,41,969
9,16,41,46,297
9,16,41,46,974
9,16,41,969,974
9,16,104,105,169
9,16,104,105,873
9,16,105,110,174
9,16,105,110,873
9,16,105,169,174
9,16,169,174,361
9,16,201,206,265
9,16,201,206,297
9,16,201,264,265
9,16,206,265,270
9,16,264,265,361
9,16,265,270,361
9,16,776,777,809
9,16,776,777,937
9,16,777,782,809
9,16,777,782,942
9,16,777,937,942
9,16,809,969,974
9,16,873,937,942
9,17,18,49,297
9,17,18,49,969
9,17,18,113,169
9,17,18,113,873
9,17,18,169,361
9,17,18,201,273
9,17,18,201,297
9,17,18,273,361
9,17,18,785,809
9,17,18,785,937
9,17,18,809,969
9,17,18,873,937
9,17,49,969,974
9,17,113,169,174
9,17,169,174,361
9,17,201,206,273
9,17,201,206,297
9,17,785,937,942
9,17,809,969,974
9,17,873,937,942
9,18,41,44,297
9,18,41,44,972
9,18,41,49,297
9,18,41,49,969
9,18,41,969,972
9,18,105,108,172
9,18,105,108,873
9,18,105,113,169
9,18,105,113,873
9,18,105,169,172
9,18,169,172,361
9,18,201,204,265
9,18,201,204,297
9,18,201,265,273
9,18,204,265,268
9,18,265,268,361
9,18,265,273,361
9,18,777,780,809
9,18,777,780,940
9,18,777,785,809
9,18,777,785,937
9,18,777,937,940
9,18,809,969,972
9,18,873,937,940
9,33,36,41,297
9,33,36,41,964
9,33,41,964,969
9,38,40,41,297
9,38,40,41,966
9,40,41,966,969
9,41,42,44,297
9,41,42,44,972
9,41,42,969,972
9,41,46,49,297
9,41,46,49,974
9,41,49,969,974
9,97,100,105,164
9,97,100,105,873
9,97,105,164,169
9,102,104,105,166
9,102,104,105,873
9,104,105,166,169
9,105,106,108,172
9,105,106,108,873
9,105,106,169,172
9,105,110,113,174
9,105,110,113,873
9,105,113,169,174
9,196,201,257,265
9,196,257,260,265
9,198,201,264,265
9,198,262,264,265
9,201,204,265,266
9,201,206,265,273
9,204,265,266,268
9,206,265,270,273
9,257,260,265,361
9,262,264,265,361
9,265,266,268,361
9,265,270,273,361
9,769,772,777,809
9,769,772,777,932
9,769,777,932,937
9,774,776,777,809
9,774,776,777,934
9,776,777,934,937
9,777,778,780,809
9,777,778,780,940
9,777,778,937,940
9,777,782,785,809
9,777,782,785,942
9,777,785,937,942
10,11,18,42,299
10,11,18,42,971
10,11,18,106,171
10,11,18,106,875
10,11,18,171,363
10,11,18,203,266
10,11,18,203,299
10,11,18,266,363
10,11,18,778,811
10,11,18,778,939
10,11,18,811,971
10,11,18,875,939
10,11,42,967,971
10,11,106,167,171
10,11,167,171,363
10,11,199,203,266
10,11,199,203,299
10,11,778,935,939
10,11,811,967,971
10,11,875,935,939
10,12,18,42,298
10,12,18,42,972
10,12,18,106,172
10,12,18,106,874
10,12,18,172,362
10,12,18,204,266
10,12,18,204,298
10,12,18,266,362
10,12,18,778,810
10,12,18,778,940
10,12,18,810,972
10,12,18,874,940
10,12,42,297,298
10,12,106,873,874
10,12,172,361,362
10,12,204,297,298
10,12,266,361,362
10,12,778,809,810
10,12,809,810,972
10,12,873,874,940
10,18,42,298,299
10,18,42,970,971
10,18,42,970,972
10,18,106,170,171
10,18,106,170,172
10,18,106,874,875
10,18,170,171,363
10,18,170,172,362
10,18,170,362,363
10,18,202,203,266
10,18,202,203,299
10,18,202,204,266
10,18,202,204,298
10,18,202,298,299
10,18,266,362,363
10,18,778,810,811
10,18,778,938,939
10,18,778,938,940
10,18,810,811,970
10,18,810,970,972
10,18,811,970,971
10,18,874,875,938
10,18,874,938,940
10,18,875,938,939
10,42,967,970,971
10,42,969,970,972
10,106,167,170,171
10,106,169,170,172
10,167,170,171,363
10,167,170,362,363
10,169,170,172,361
10,170,172,361,362
10,199,202,203,266
10,199,202,203,299
10,199,202,298,299
10,201,202,204,266
10,201,202,204,297
10,202,204,297,298
10,778,935,938,939
10,778,937,938,940
10,809,810,970,972
10,809,969,970,972
10,810,811,967,970
10,811,967,970,971
10,873,874,938,940
10,873,937,938,940
10,874,875,935,938
10,875,935,938,939
11,13,16,45,299
11,13,16,45,973
11,13,16,109,173
11,13,16,109,875
11,13,16,173,363
11,13,16,205,269
11,13,16,205,299
11,13,16,269,363
11,13,16,781,811
11,13,16,781,941
11,13,16,811,973
11,13,16,875,941
11,13,40,45,299
11,13,40,45,973
11,13,104,109,173
11,13,104,109,875
11,13,205,264,269
11,13,264,269,363
11,13,776,781,811
11,13,776,781,941
11,15,18,47,299
11,15,18,47,975
11,15,18,111,175
11,15,18,111,875
11,15,18,175,363
11,15,18,207,271
11,15,18,207,299
11,15,18,271,363
11,15,18,783,811
11,15,18,783,943
11,15,18,811,975
11,15,18,875,943
11,15,19,51,299
11,15,19,51,975
11,15,19,115,175
11,15,19,115,875
11,15,19,175,363
11,15,19,207,275
11,15,19,207,299
11,15,19,275,363
11,15,19,787,811
11,15,19,787,943
11,15,19,811,975
11,15,19,875,943
11,15,47,51,299
11,15,47,51,975
11,15,111,115,175
11,15,111,115,875
11,15,207,271,275
11,15,271,275,363
11,15,783,787,811
11,15,783,787,943
11,16,19,51,299
11,16,19,51,971
11,16,19,115,171
11,16,19,115,875
11,16,19,171,363
11,16,19,203,275
11,16,19,203,299
11,16,19,275,363
11,16,19,787,811
11,16,19,787,939
11,16,19,811,971
11,16,19,875,939
11,16,43,45,299
11,16,43,45,973
11,16,43,51,299
11,16,43,51,971
11,16,43,971,973
11,16,107,109,173
11,16,107,109,875
11,16,107,115,171
11,16,107,115,875
11,16,107,171,173
11,16,171,173,363
11,16,203,205,267
11,16,203,205,299
11,16,203,267,275
11,16,205,267,269
11,16,267,269,363
11,16,267,275,363
11,16,779,781,811
11,16,779,781,941
11,16,779,787,811
11,16,779,787,939
11,16,779,939,941
11,16,811,971,973
11,16,875,939,941
11,18,42,43,299
11,18,42,43,971
11,18,43,47,299
11,18,43,47,975
11,18,43,971,975
11,18,106,107,171
11,18,106,107,875
11,18,107,111,175
11,18,107,111,875
11,18,107,171,175
11,18,171,175,363
11,18,203,207,267
11,18,203,207,299
11,18,203,266,267
11,18,207,267,271
11,18,266,267,363
11,18,267,271,363
11,18,778,779,811
11,18,778,779,939
11,18,779,783,811
11,18,779,783,943
11,18,779,939,943
11,18,811,971,975
11,18,875,939,943
11,19,51,971,975
11,19,115,171,175
11,19,171,175,363
11,19,203,207,275
11,19,203,207,299
11,19,787,939,943
11,19,811,971,975
11,19,875,939,943
11,35,37,43,299
11,35,37,43,965
11,35,43,965,971
11,39,42,43,299
11,39,42,43,967
11,40,43,45,299
11,40,43,45,973
11,40,43,971,973
11,42,43,967,971
11,43,47,51,299
11,43,47,51,975
11,43,51,971,975
11,99,101,107,165
11,99,101,107,875
11,99,107,165,171
11,103,106,107,167
11,103,106,107,875
11,104,107,109,173
11,104,107,109,875
11,104,107,171,173
11,106,107,167,171
11,107,111,115,175
11,107,111,115,875
11,107,115,171,175
11,197,203,259,267
11,197,259,261,267
11,199,203,266,267
11,199,263,266,267
11,203,205,264,267
11,203,207,267,275
11,205,264,267,269
11,207,267,271,275
11,259,261,267,363
11,263,266,267,363
11,264,267,269,363
11,267,271,275,363
11,771,773,779,811
11,771,773,779,933
11,771,779,933,939
11,775,778,779,811
11,775,778,779,935
11,776,779,781,811
11,776,779,781,941
11,776,779,939,941
11,778,779,935,939
11,779,783,787,811
11,779,783,787,943
11,779,787,939,943
12,18,42,44,300
12,18,42,44,972
12,18,42,298,300
12,18,44,297,300
12,18,106,108,172
12,18,106,108,876
12,18,106,874,876
12,18,108,873,876
12,18,172,361,364
12,18,172,362,364
12,18,204,266,268
12,18,204,297,300
12,18,204,298,300
12,18,266,268,364
12,18,266,362,364
12,18,268,361,364
12,18,778,780,812
12,18,778,780,940
12,18,778,810,812
12,18,780,809,812
12,18,809,812,972
12,18,810,812,972
12,18,873,876,940
12,18,874,876,940
12,42,44,297,300
12,42,297,298,300
12,106,108,873,876
12,106,873,874,876
12,172,361,362,364
12,204,297,298,300
12,266,268,361,364
12,266,361,362,364
12,778,780,809,812
12,778,809,810,812
12,809,810,812,972
12,873,874,876,940
13,16,40,45,301
13,16,40,45,973
13,16,40,296,301
13,16,45,299,301
13,16,104,109,173
13,16,104,109,877
13,16,104,872,877
13,16,109,875,877
13,16,173,360,365
13,16,173,363,365
13,16,205,264,269
13,16,205,296,301
13,16,205,299,301
13,16,264,269,365
13,16,264,360,365
13,16,269,363,365
13,16,776,781,813
13,16,776,781,941
13,16,776,808,813
13,16,781,811,813
13,16,808,813,973
13,16,811,813,973
13,16,872,877,941
13,16,875,877,941
13,40,45,299,301
13,40,296,299,301
13,104,109,875,877
13,104,872,875,877
13,173,360,363,365
13,205,296,299,301
13,264,269,363,365
13,264,360,363,365
13,776,781,811,813
13,776,808,811,813
13,808,811,813,973
13,872,875,877,941
14,16,17,49,305
14,16,17,49,974
14,16,17,113,174
14,16,17,113,881
14,16,17,174,369
14,16,17,206,273
14,16,17,206,305
14,16,17,273,369
14,16,17,785,817
14,16,17,785,942
14,16,17,817,974
14,16,17,881,942
14,16,46,49,302
14,16,46,49,974
14,16,46,297,302
14,16,49,302,305
14,16,110,113,174
14,16,110,113,878
14,16,110,873,878
14,16,113,878,881
14,16,174,361,366
14,16,174,366,369
14,16,206,270,273
14,16,206,297,302
14,16,206,302,305
14,16,270,273,366
14,16,270,361,366
14,16,273,366,369
14,16,782,785,814
14,16,782,785,942
14,16,782,809,814
14,16,785,814,817
14,16,809,814,974
14,16,814,817,974
14,16,873,878,942
14,16,878,881,942
14,17,49,297,305
14,17,113,873,881
14,17,174,361,369
14,17,206,297,305
14,17,273,361,369
14,17,785,809,817
14,17,809,817,974
14,17,873,881,942
14,46,49,297,302
14,49,297,302,305
14,110,113,873,878
14,113,873,878,881
14,174,361,366,369
14,206,297,302,305
14,270,273,361,366
14,273,361,366,369
14,782,785,809,814
14,785,809,814,817
14,809,814,817,974
14,873,878,881,942
15,18,19,51,307
15,18,19,51,975
15,18,19,115,175
15,18,19,115,883
15,18,19,175,371
15,18,19,207,275
15,18,19,207,307
15,18,19,275,371
15,18,19,787,819
15,18,19,787,943
15,18,19,819,975
15,18,19,883,943
15,18,47,51,303
15,18,47,51,975
15,18,47,299,303
15,18,51,303,307
15,18,111,115,175
15,18,111,115,879
15,18,111,875,879
15,18,115,879,883
15,18,175,363,367
15,18,175,367,371
15,18,207,271,275
15,18,207,299,303
15,18,207,303,307
15,18,271,275,367
15,18,271,363,367
15,18,275,367,371
15,18,783,787,815
15,18,783,787,943
15,18,783,811,815
15,18,787,815,819
15,18,811,815,975
15,18,815,819,975
15,18,875,879,943
15,18,879,883,943
15,19,51,299,307
15,19,115,875,883
15,19,175,363,371
15,19,207,299,307
15,19,275,363,371
15,19,787,811,819
15,19,811,819,975
15,19,875,883,943
15,47,51,299,303
15,51,299,303,307
15,111,115,875,879
15,115,875,879,883
15,175,363,367,371
15,207,299,303,307
15,271,275,363,367
15,275,363,367,371
15,783,787,811,815
15,787,811,815,819
15,811,815,819,975
15,875,879,883,943
16,17,25,49,313
16,17,25,49,985
16,17,25,113,185
16,17,25,113,889
16,17,25,185,377
16,17,25,217,273
16,17,25,217,313
16,17,25,273,377
16,17,25,785,825
16,17,25,785,953
16,17,25,825,985
16,17,25,889,953
16,17,49,305,313
16,17,49,974,977
16,17,49,977,985
16,17,113,174,177
16,17,113,177,185
16,17,113,881,889
16,17,174,177,369
16,17,177,185,377
16,17,177,369,377
16,17,206,209,273
16,17,206,209,305
16,17,209,217,273
16,17,209,217,313
16,17,209,305,313
16,17,273,369,377
16,17,785,817,825
16,17,785,942,945
16,17,785,945,953
16,17,817,825,977
16,17,817,974,977
16,17,825,977,985
16,17,881,889,945
16,17,881,942,945
16,17,889,945,953
16,19,21,51,307
16,19,21,51,981
16,19,21,115,181
16,19,21,115,883
16,19,21,181,371
16,19,21,213,275
16,19,21,213,307
16,19,21,275,371
16,19,21,787,819
16,19,21,787,949
16,19,21,819,981
16,19,21,883,949
16,19,51,299,307
16,19,51,971,979
16,19,51,979,981
16,19,115,171,179
16,19,115,179,181
16,19,115,875,883
16,19,171,179,363
16,19,179,181,371
16,19,179,363,371
16,19,203,211,275
16,19,203,211,299
16,19,211,213,275
16,19,211,213,307
16,19,211,299,307
16,19,275,363,371
16,19,787,811,819
16,19,787,939,947
16,19,787,947,949
16,19,811,819,979
16,19,811,971,979
16,19,819,979,981
16,19,875,883,947
16,19,875,939,947
16,19,883,947,949
16,21,27,53,315
16,21,27,53,981
16,21,27,117,181
16,21,27,117,891
16,21,27,181,379
16,21,27,213,277
16,21,27,213,315
16,21,27,277,379
16,21,27,789,827
16,21,27,789,949
16,21,27,827,981
16,21,27,891,949
16,21,51,53,309
16,21,51,53,981
16,21,51,307,309
16,21,53,309,315
16,21,115,117,181
16,21,115,117,885
16,21,115,883,885
16,21,117,885,891
16,21,181,371,373
16,21,181,373,379
16,21,213,275,277
16,21,213,307,309
16,21,213,309,315
16,21,275,277,373
16,21,275,371,373
16,21,277,373,379
16,21,787,789,821
16,21,787,789,949
16,21,787,819,821
16,21,789,821,827
16,21,819,821,981
16,21,821,827,981
16,21,883,885,949
16,21,885,891,949
16,22,24,56,312
16,22,24,56,982
16,22,24,120,182
16,22,24,120,888
16,22,24,182,376
16,22,24,214,280
16,22,24,214,312
16,22,24,280,376
16,22,24,792,824
16,22,24,792,950
16,22,24,824,982
16,22,24,888,950
16,22,25,54,313
16,22,25,54,982
16,22,25,118,182
16,22,25,118,889
16,22,25,182,377
16,22,25,214,278
16,22,25,214,313
16,22,25,278,377
16,22,25,790,825
16,22,25,790,950
16,22,25,825,982
16,22,25,889,950
16,22,54,56,310
16,22,54,56,982
16,22,54,310,313
16,22,56,310,312
16,22,118,120,182
16,22,118,120,886
16,22,118,886,889
16,22,120,886,888
16,22,182,374,376
16,22,182,374,377
16,22,214,278,280
16,22,214,310,312
16,22,214,310,313
16,22,278,280,374
16,22,278,374,377
16,22,280,374,376
16,22,790,792,822
16,22,790,792,950
16,22,790,822,825
16,22,792,822,824
16,22,822,824,982
16,22,822,825,982
16,22,886,888,950
16,22,886,889,950
16,24,27,56,315
16,24,27,56,987
16,24,27,120,187
16,24,27,120,891
16,24,27,187,379
16,24,27,219,280
16,24,27,219,315
16,24,27,280,379
16,24,27,792,827
16,24,27,792,955
16,24,27,827,987
16,24,27,891,955
16,24,56,312,315
16,24,56,982,984
16,24,56,984,987
16,24,120,182,184
16,24,120,184,187
16,24,120,888,891
16,24,182,184,376
16,24,184,187,379
16,24,184,376,379
16,24,214,216,280
16,24,214,216,312
16,24,216,219,280
16,24,216,219,315
16,24,216,312,315
16,24,280,376,379
16,24,792,824,827
16,24,792,950,952
16,24,792,952,955
16,24,824,827,984
16,24,824,982,984
16,24,827,984,987
16,24,888,891,952
16,24,888,950,952
16,24,891,952,955
16,25,49,57,313
16,25,49,57,985
16,25,54,57,313
16,25,54,57,982
16,25,57,982,985
16,25,113,121,185
16,25,113,121,889
16,25,118,121,182
16,25,118,121,889
16,25,121,182,185
16,25,182,185,377
16,25,214,217,281
16,25,214,217,313
16,25,214,278,281
16,25,217,273,281
16,25,273,281,377
16,25,278,281,377
16,25,785,793,825
16,25,785,793,953
16,25,790,793,825
16,25,790,793,950
16,25,793,950,953
16,25,825,982,985
16,25,889,950,953
16,27,53,59,315
16,27,53,59,981
16,27,56,59,315
16,27,56,59,987
16,27,59,981,987
16,27,117,123,181
16,27,117,123,891
16,27,120,123,187
16,27,120,123,891
16,27,123,181,187
16,27,181,187,379
16,27,213,219,283
16,27,213,219,315
16,27,213,277,283
16,27,219,280,283
16,27,277,283,379
16,27,280,283,379
16,27,789,795,827
16,27,789,795,949
16,27,792,795,827
16,27,792,795,955
16,27,795,949,955
16,27,827,981,987
16,27,891,949,955
16,40,41,48,297
16,40,41,48,976
16,40,41,969,976
16,40,45,48,301
16,40,45,48,973
16,40,48,297,304
16,40,48,301,304
16,40,48,973,976
16,40,296,297,304
16,40,296,301,304
16,40,968,969,976
16,40,968,973,976
16,41,46,48,297
16,41,46,48,974
16,41,48,974,976
16,41,969,974,976
16,43,45,48,299
16,43,45,48,973
16,43,48,51,299
16,43,48,51,976
16,43,48,973,976
16,43,51,971,976
16,43,971,973,976
16,45,48,299,301
16,46,48,49,302
16,46,48,49,974
16,46,48,297,302
16,48,49,57,313
16,48,49,57,976
16,48,49,302,304
16,48,49,304,313
16,48,49,974,976
16,48,51,53,309
16,48,51,53,981
16,48,51,299,304
16,48,51,304,309
16,48,51,976,981
16,48,53,59,315
16,48,53,59,981
16,48,53,309,315
16,48,54,56,310
16,48,54,56,982
16,48,54,57,313
16,48,54,57,982
16,48,54,310,313
16,48,56,59,315
16,48,56,59,976
16,48,56,304,310
16,48,56,304,315
16,48,56,976,982
16,48,57,976,982
16,48,59,976,981
16,48,297,302,304
16,48,299,301,304
16,48,304,309,315
16,48,304,310,313
16,49,57,976,985
16,49,302,304,305
16,49,304,305,313
16,49,974,976,977
16,49,976,977,985
16,51,299,304,307
16,51,304,307,309
16,51,971,976,979
16,51,976,979,981
16,56,59,976,987
16,56,304,310,312
16,56,304,312,315
16,56,976,982,984
16,56,976,984,987
16,57,976,982,985
16,59,976,981,987
16,104,105,112,176
16,104,105,112,873
16,104,105,169,176
16,104,109,112,173
16,104,109,112,877
16,104,112,173,176
16,104,112,873,880
16,104,112,877,880
16,104,168,169,176
16,104,168,173,176
16,104,872,873,880
16,104,872,877,880
16,105,110,112,174
16,105,110,112,873
16,105,112,174,176
16,105,169,174,176
16,107,109,112,173
16,107,109,112,875
16,107,112,115,176
16,107,112,115,875
16,107,112,173,176
16,107,115,171,176
16,107,171,173,176
16,109,112,875,877
16,110,112,113,174
16,110,112,113,878
16,110,112,873,878
16,112,113,121,176
16,112,113,121,889
16,112,113,174,176
16,112,113,878,880
16,112,113,880,889
16,112,115,117,181
16,112,115,117,885
16,112,115,176,181
16,112,115,875,880
16,112,115,880,885
16,112,117,123,181
16,112,117,123,891
16,112,117,885,891
16,112,118,120,182
16,112,118,120,886
16,112,118,121,182
16,112,118,121,889
16,112,118,886,889
16,112,120,123,176
16,112,120,123,891
16,112,120,176,182
16,112,120,880,886
16,112,120,880,891
16,112,121,176,182
16,112,123,176,181
16,112,873,878,880
16,112,875,877,880
16,112,880,885,891
16,112,880,886,889
16,113,121,176,185
16,113,174,176,177
16,113,176,177,185
16,113,878,880,881
16,113,880,881,889
16,115,171,176,179
16,115,176,179,181
16,115,875,880,883
16,115,880,883,885
16,120,123,176,187
16,120,176,182,184
16,120,176,184,187
16,120,880,886,888
16,120,880,888,891
16,121,176,182,185
16,123,176,181,187
16,168,169,176,361
16,168,173,176,368
16,168,173,360,368
16,168,176,361,368
16,168,360,361,368
16,169,174,176,361
16,171,173,176,363
16,171,176,179,363
16,173,176,363,368
16,173,360,365,368
16,173,363,365,368
16,174,176,177,368
16,174,176,361,368
16,174,177,368,369
16,174,361,366,368
16,174,366,368,369
16,176,177,185,377
16,176,177,368,377
16,176,179,181,368
16,176,179,363,368
16,176,181,187,379
16,176,181,368,379
16,176,182,184,368
16,176,182,185,377
16,176,182,368,377
16,176,184,187,379
16,176,184,368,379
16,177,368,369,377
16,179,181,368,371
16,179,363,368,371
16,181,368,371,373
16,181,368,373,379
16,182,184,368,376
16,182,368,374,376
16,182,368,374,377
16,184,368,376,379
16,200,201,208,264
16,200,201,208,297
16,200,205,208,264
16,200,205,208,304
16,200,205,296,304
16,200,208,297,304
16,200,296,297,304
16,201,206,208,265
16,201,206,208,297
16,201,208,264,265
16,203,205,208,267
16,203,205,208,299
16,203,208,211,275
16,203,208,211,299
16,203,208,267,275
16,205,208,264,272
16,205,208,267,272
16,205,208,299,304
16,205,264,269,272
16,205,267,269,272
16,205,296,301,304
16,205,299,301,304
16,206,208,209,273
16,206,208,209,304
16,206,208,265,272
16,206,208,272,273
16,206,208,297,304
16,206,209,304,305
16,206,265,270,272
16,206,270,272,273
16,206,297,302,304
16,206,302,304,305
16,208,209,217,273
16,208,209,217,313
16,208,209,304,313
16,208,211,213,275
16,208,211,213,304
16,208,211,299,304
16,208,213,219,283
16,208,213,219,315
16,208,213,272,275
16,208,213,272,283
16,208,213,304,315
16,208,214,216,280
16,208,214,216,304
16,208,214,217,281
16,208,214,217,313
16,208,214,272,280
16,208,214,272,281
16,208,214,304,313
16,208,216,219,280
16,208,216,219,315
16,208,216,304,315
16,208,217,273,281
16,208,219,280,283
16,208,264,265,272
16,208,267,272,275
16,208,272,273,281
16,208,272,280,283
16,209,304,305,313
16,211,213,304,307
16,211,299,304,307
16,213,272,275,277
16,213,272,277,283
16,213,304,307,309
16,213,304,309,315
16,214,216,304,312
16,214,272,278,280
16,214,272,278,281
16,214,304,310,312
16,214,304,310,313
16,216,304,312,315
16,264,265,272,361
16,264,269,272,365
16,264,272,361,368
16,264,272,365,368
16,264,360,361,368
16,264,360,365,368
16,265,270,272,361
16,267,269,272,363
16,267,272,275,363
16,269,272,363,365
16,270,272,273,366
16,270,272,361,366
16,272,273,281,377
16,272,273,366,368
16,272,273,368,377
16,272,275,277,373
16,272,275,363,368
16,272,275,368,373
16,272,277,283,379
16,272,277,373,379
16,272,278,280,374
16,272,278,281,377
16,272,278,374,377
16,272,280,283,379
16,272,280,368,374
16,272,280,368,379
16,272,361,366,368
16,272,363,365,368
16,272,368,373,379
16,272,368,374,377
16,273,366,368,369
16,273,368,369,377
16,275,363,368,371
16,275,368,371,373
16,280,368,374,376
16,280,368,376,379
16,776,777,784,809
16,776,777,784,944
16,776,777,937,944
16,776,781,784,813
16,776,781,784,941
16,776,784,809,816
16,776,784,813,816
16,776,784,941,944
16,776,808,809,816
16,776,808,813,816
16,776,936,937,944
16,776,936,941,944
16,777,782,784,809
16,777,782,784,942
16,777,784,942,944
16,777,937,942,944
16,779,781,784,811
16,779,781,784,941
16,779,784,787,811
16,779,784,787,944
16,779,784,941,944
16,779,787,939,944
16,779,939,941,944
16,781,784,811,813
16,782,784,785,814
16,782,784,785,942
16,782,784,809,814
16,784,785,793,825
16,784,785,793,944
16,784,785,814,816
16,784,785,816,825
16,784,785,942,944
16,784,787,789,821
16,784,787,789,949
16,784,787,811,816
16,784,787,816,821
16,784,787,944,949
16,784,789,795,827
16,784,789,795,949
16,784,789,821,827
16,784,790,792,822
16,784,790,792,950
16,784,790,793,825
16,784,790,793,950
16,784,790,822,825
16,784,792,795,827
16,784,792,795,944
16,784,792,816,822
16,784,792,816,827
16,784,792,944,950
16,784,793,944,950
16,784,795,944,949
16,784,809,814,816
16,784,811,813,816
16,784,816,821,827
16,784,816,822,825
16,785,793,944,953
16,785,814,816,817
16,785,816,817,825
16,785,942,944,945
16,785,944,945,953
16,787,811,816,819
16,787,816,819,821
16,787,939,944,947
16,787,944,947,949
16,792,795,944,955
16,792,816,822,824
16,792,816,824,827
16,792,944,950,952
16,792,944,952,955
16,793,944,950,953
16,795,944,949,955
16,808,809,816,968
16,808,813,816,973
16,808,816,968,973
16,809,814,816,974
16,809,816,968,976
16,809,816,974,976
16,809,968,969,976
16,809,969,974,976
16,811,813,816,973
16,811,816,819,979
16,811,816,973,976
16,811,816,976,979
16,811,971,973,976
16,811,971,976,979
16,814,816,817,974
16,816,817,825,977
16,816,817,974,977
16,816,819,821,981
16,816,819,979,981
16,816,821,827,981
16,816,822,824,982
16,816,822,825,982
16,816,824,827,984
16,816,824,982,984
16,816,825,976,977
16,816,825,976,982
16,816,827,976,981
16,816,827,976,984
16,816,968,973,976
16,816,974,976,977
16,816,976,979,981
16,816,976,982,984
16,825,976,977,985
16,825,976,982,985
16,827,976,981,987
16,827,976,984,987
16,872,873,880,936
16,872,877,880,941
16,872,880,936,941
16,873,878,880,942
16,873,880,936,944
16,873,880,942,944
16,873,936,937,944
16,873,937,942,944
16,875,877,880,941
16,875,880,883,947
16,875,880,941,944
16,875,880,944,947
16,875,939,941,944
16,875,939,944,947
16,878,880,881,942
16,880,881,889,945
16,880,881,942,945
16,880,883,885,949
16,880,883,947,949
16,880,885,891,949
16,880,886,888,950
16,880,886,889,950
16,880,888,891,952
16,880,888,950,952
16,880,889,944,945
16,880,889,944,950
16,880,891,944,949
16,880,891,944,952
16,880,936,941,944
16,880,942,944,945
16,880,944,947,949
16,880,944,950,952
16,889,944,945,953
16,889,944,950,953
16,891,944,949,955
16,891,944,952,955
17,18,20,49,305
17,18,20,49,980
17,18,20,113,180
17,18,20,113,881
17,18,20,180,369
17,18,20,212,273
17,18,20,212,305
17,18,20,273,369
17,18,20,785,817
17,18,20,785,948
17,18,20,817,980
17,18,20,881,948
17,18,49,297,305
17,18,49,969,977
17,18,49,977,980
17,18,113,169,177
17,18,113,177,180
17,18,113,873,881
17,18,169,177,361
17,18,177,180,369
17,18,177,361,369
17,18,201,209,273
17,18,201,209,297
17,18,209,212,273
17,18,209,212,305
17,18,209,297,305
17,18,273,361,369
17,18,785,809,817
17,18,785,937,945
17,18,785,945,948
17,18,809,817,977
17,18,809,969,977
17,18,817,977,980
17,18,873,881,945
17,18,873,937,945
17,18,881,945,948
17,20,25,49,313
17,20,25,49,980
17,20,25,113,180
17,20,25,113,889
17,20,25,180,377
17,20,25,212,273
17,20,25,212,313
17,20,25,273,377
17,20,25,785,825
17,20,25,785,948
17,20,25,825,980
17,20,25,889,948
17,20,49,305,313
17,20,113,881,889
17,20,180,369,377
17,20,212,305,313
17,20,273,369,377
17,20,785,817,825
17,20,817,825,980
17,20,881,889,948
17,25,49,980,985
17,25,113,180,185
17,25,180,185,377
17,25,212,217,273
17,25,212,217,313
17,25,785,948,953
17,25,825,980,985
17,25,889,948,953
17,49,969,974,977
17,49,977,980,985
17,113,169,174,177
17,113,177,180,185
17,169,174,177,361
17,174,177,361,369
17,177,180,185,377
17,177,180,369,377
17,201,206,209,273
17,201,206,209,297
17,206,209,297,305
17,209,212,217,273
17,209,212,217,313
17,209,212,305,313
17,785,937,942,945
17,785,945,948,953
17,809,817,974,977
17,809,969,974,977
17,817,825,977,980
17,825,977,980,985
17,873,881,942,945
17,873,937,942,945
17,881,889,945,948
17,889,945,948,953
18,19,27,51,315
18,19,27,51,987
18,19,27,115,187
18,19,27,115,891
18,19,27,187,379
18,19,27,219,275
18,19,27,219,315
18,19,27,275,379
18,19,27,787,827
18,19,27,787,955
18,19,27,827,987
18,19,27,891,955
18,19,51,307,315
18,19,51,975,979
18,19,51,979,987
18,19,115,175,179
18,19,115,179,187
18,19,115,883,891
18,19,175,179,371
18,19,179,187,379
18,19,179,371,379
18,19,207,211,275
18,19,207,211,307
18,19,211,219,275
18,19,211,219,315
18,19,211,307,315
18,19,275,371,379
18,19,787,819,827
18,19,787,943,947
18,19,787,947,955
18,19,819,827,979
18,19,819,975,979
18,19,827,979,987
18,19,883,891,947
18,19,883,943,947
18,19,891,947,955
18,20,25,52,313
18,20,25,52,980
18,20,25,116,180
18,20,25,116,889
18,20,25,180,377
18,20,25,212,276
18,20,25,212,313
18,20,25,276,377
18,20,25,788,825
18,20,25,788,948
18,20,25,825,980
18,20,25,889,948
18,20,49,52,308
18,20,49,52,980
18,20,49,305,308
18,20,52,308,313
18,20,113,116,180
18,20,113,116,884
18,20,113,881,884
18,20,116,884,889
18,20,180,369,372
18,20,180,372,377
18,20,212,273,276
18,20,212,305,308
18,20,212,308,313
18,20,273,276,372
18,20,273,369,372
18,20,276,372,377
18,20,785,788,820
18,20,785,788,948
18,20,785,817,820
18,20,788,820,825
18,20,817,820,980
18,20,820,825,980
18,20,881,884,948
18,20,884,889,948
18,23,26,58,314
18,23,26,58,983
18,23,26,122,183
18,23,26,122,890
18,23,26,183,378
18,23,26,215,282
18,23,26,215,314
18,23,26,282,378
18,23,26,794,826
18,23,26,794,951
18,23,26,826,983
18,23,26,890,951
18,23,27,55,315
18,23,27,55,983
18,23,27,119,183
18,23,27,119,891
18,23,27,183,379
18,23,27,215,279
18,23,27,215,315
18,23,27,279,379
18,23,27,791,827
18,23,27,791,951
18,23,27,827,983
18,23,27,891,951
18,23,55,58,311
18,23,55,58,983
18,23,55,311,315
18,23,58,311,314
18,23,119,122,183
18,23,119,122,887
18,23,119,887,891
18,23,122,887,890
18,23,183,375,378
18,23,183,375,379
18,23,215,279,282
18,23,215,311,314
18,23,215,311,315
18,23,279,282,375
18,23,279,375,379
18,23,282,375,378
18,23,791,794,823
18,23,791,794,951
18,23,791,823,827
18,23,794,823,826
18,23,823,826,983
18,23,823,827,983
18,23,887,890,951
18,23,887,891,951
18,25,26,58,313
18,25,26,58,985
18,25,26,122,185
18,25,26,122,889
18,25,26,185,377
18,25,26,217,282
18,25,26,217,313
18,25,26,282,377
18,25,26,794,825
18,25,26,794,953
18,25,26,825,985
18,25,26,889,953
18,25,52,57,313
18,25,52,57,980
18,25,57,58,313
18,25,57,58,985
18,25,57,980,985
18,25,116,121,180
18,25,116,121,889
18,25,121,122,185
18,25,121,122,889
18,25,121,180,185
18,25,180,185,377
18,25,212,217,281
18,25,212,217,313
18,25,212,276,281
18,25,217,281,282
18,25,276,281,377
18,25,281,282,377
18,25,788,793,825
18,25,788,793,948
18,25,793,794,825
18,25,793,794,953
18,25,793,948,953
18,25,825,980,985
18,25,889,948,953
18,26,58,313,314
18,26,58,983,986
18,26,58,985,986
18,26,122,183,186
18,26,122,185,186
18,26,122,889,890
18,26,183,186,378
18,26,185,186,377
18,26,186,377,378
18,26,215,218,282
18,26,215,218,314
18,26,217,218,282
18,26,217,218,313
18,26,218,313,314
18,26,282,377,378
18,26,794,825,826
18,26,794,951,954
18,26,794,953,954
18,26,825,826,986
18,26,825,985,986
18,26,826,983,986
18,26,889,890,954
18,26,889,953,954
18,26,890,951,954
18,27,51,59,315
18,27,51,59,987
18,27,55,59,315
18,27,55,59,983
18,27,59,983,987
18,27,115,123,187
18,27,115,123,891
18,27,119,123,183
18,27,119,123,891
18,27,123,183,187
18,27,183,187,379
18,27,215,219,283
18,27,215,219,315
18,27,215,279,283
18,27,219,275,283
18,27,275,283,379
18,27,279,283,379
18,27,787,795,827
18,27,787,795,955
18,27,791,795,827
18,27,791,795,951
18,27,795,951,955
18,27,827,983,987
18,27,891,951,955
18,41,44,50,297
18,41,44,50,972
18,41,49,50,297
18,41,49,50,978
18,41,49,969,978
18,41,50,972,978
18,41,969,972,978
18,42,43,50,299
18,42,43,50,978
18,42,43,971,978
18,42,44,50,300
18,42,44,50,972
18,42,50,299,306
18,42,50,300,306
18,42,50,972,978
18,42,298,299,306
18,42,298,300,306
18,42,970,971,978
18,42,970,972,978
18,43,47,50,299
18,43,47,50,975
18,43,50,975,978
18,43,971,975,978
18,44,50,297,300
18,47,50,51,303
18,47,50,51,975
18,47,50,299,303
18,49,50,52,308
18,49,50,52,980
18,49,50,297,306
18,49,50,306,308
18,49,50,978,980
18,49,297,305,306
18,49,305,306,308
18,49,969,977,978
18,49,977,978,980
18,50,51,59,315
18,50,51,59,978
18,50,51,303,306
18,50,51,306,315
18,50,51,975,978
18,50,52,57,313
18,50,52,57,980
18,50,52,308,313
18,50,55,58,311
18,50,55,58,983
18,50,55,59,315
18,50,55,59,983
18,50,55,311,315
18,50,57,58,313
18,50,57,58,978
18,50,57,978,980
18,50,58,306,311
18,50,58,306,313
18,50,58,978,983
18,50,59,978,983
18,50,297,300,306
18,50,299,303,306
18,50,306,308,313
18,50,306,311,315
18,51,59,978,987
18,51,303,306,307
18,51,306,307,315
18,51,975,978,979
18,51,978,979,987
18,57,58,978,985
18,57,978,980,985
18,58,306,311,314
18,58,306,313,314
18,58,978,983,986
18,58,978,985,986
18,59,978,983,987
18,105,108,114,172
18,105,108,114,873
18,105,113,114,178
18,105,113,114,873
18,105,113,169,178
18,105,114,172,178
18,105,169,172,178
18,106,107,114,178
18,106,107,114,875
18,106,107,171,178
18,106,108,114,172
18,106,108,114,876
18,106,114,172,178
18,106,114,875,882
18,106,114,876,882
18,106,170,171,178
18,106,170,172,178
18,106,874,875,882
18,106,874,876,882
18,107,111,114,175
18,107,111,114,875
18,107,114,175,178
18,107,171,175,178
18,108,114,873,876
18,111,114,115,175
18,111,114,115,879
18,111,114,875,879
18,113,114,116,180
18,113,114,116,884
18,113,114,178,180
18,113,114,873,882
18,113,114,882,884
18,113,169,177,178
18,113,177,178,180
18,113,873,881,882
18,113,881,882,884
18,114,115,123,178
18,114,115,123,891
18,114,115,175,178
18,114,115,879,882
18,114,115,882,891
18,114,116,121,180
18,114,116,121,889
18,114,116,884,889
18,114,119,122,183
18,114,119,122,887
18,114,119,123,183
18,114,119,123,891
18,114,119,887,891
18,114,121,122,178
18,114,121,122,889
18,114,121,178,180
18,114,122,178,183
18,114,122,882,887
18,114,122,882,889
18,114,123,178,183
18,114,873,876,882
18,114,875,879,882
18,114,882,884,889
18,114,882,887,891
18,115,123,178,187
18,115,175,178,179
18,115,178,179,187
18,115,879,882,883
18,115,882,883,891
18,121,122,178,185
18,121,178,180,185
18,122,178,183,186
18,122,178,185,186
18,122,882,887,890
18,122,882,889,890
18,123,178,183,187
18,169,172,178,361
18,169,177,178,361
18,170,171,178,363
18,170,172,178,370
18,170,172,362,370
18,170,178,363,370
18,170,362,363,370
18,171,175,178,363
18,172,178,361,370
18,172,361,364,370
18,172,362,364,370
18,175,178,179,370
18,175,178,363,370
18,175,179,370,371
18,175,363,367,370
18,175,367,370,371
18,177,178,180,370
18,177,178,361,370
18,177,180,369,370
18,177,361,369,370
18,178,179,187,379
18,178,179,370,379
18,178,180,185,377
18,178,180,370,377
18,178,183,186,370
18,178,183,187,379
18,178,183,370,379
18,178,185,186,377
18,178,186,370,377
18,179,370,371,379
18,180,369,370,372
18,180,370,372,377
18,183,186,370,378
18,183,370,375,378
18,183,370,375,379
18,186,370,377,378
18,201,204,210,265
18,201,204,210,297
18,201,209,210,273
18,201,209,210,297
18,201,210,265,273
18,202,203,210,266
18,202,203,210,299
18,202,204,210,266
18,202,204,210,306
18,202,204,298,306
18,202,210,299,306
18,202,298,299,306
18,203,207,210,267
18,203,207,210,299
18,203,210,266,267
18,204,210,265,274
18,204,210,266,274
18,204,210,297,306
18,204,265,268,274
18,204,266,268,274
18,204,297,300,306
18,204,298,300,306
18,207,210,211,275
18,207,210,211,306
18,207,210,267,274
18,207,210,274,275
18,207,210,299,306
18,207,211,306,307
18,207,267,271,274
18,207,271,274,275
18,207,299,303,306
18,207,303,306,307
18,209,210,212,273
18,209,210,212,306
18,209,210,297,306
18,209,212,305,306
18,209,297,305,306
18,210,211,219,275
18,210,211,219,315
18,210,211,306,315
18,210,212,217,281
18,210,212,217,313
18,210,212,273,274
18,210,212,274,281
18,210,212,306,313
18,210,215,218,282
18,210,215,218,306
18,210,215,219,283
18,210,215,219,315
18,210,215,274,282
18,210,215,274,283
18,210,215,306,315
18,210,217,218,282
18,210,217,218,313
18,210,217,281,282
18,210,218,306,313
18,210,219,275,283
18,210,265,273,274
18,210,266,267,274
18,210,274,275,283
18,210,274,281,282
18,211,306,307,315
18,212,273,274,276
18,212,274,276,281
18,212,305,306,308
18,212,306,308,313
18,215,218,306,314
18,215,274,279,282
18,215,274,279,283
18,215,306,311,314
18,215,306,311,315
18,218,306,313,314
18,265,268,274,361
18,265,273,274,361
18,266,267,274,363
18,266,268,274,364
18,266,274,363,370
18,266,274,364,370
18,266,362,363,370
18,266,362,364,370
18,267,271,274,363
18,268,274,361,364
18,271,274,275,367
18,271,274,363,367
18,273,274,276,372
18,273,274,361,370
18,273,274,370,372
18,273,361,369,370
18,273,369,370,372
18,274,275,283,379
18,274,275,367,370
18,274,275,370,379
18,274,276,281,377
18,274,276,372,377
18,274,279,282,375
18,274,279,283,379
18,274,279,375,379
18,274,281,282,377
18,274,282,370,375
18,274,282,370,377
18,274,361,364,370
18,274,363,367,370
18,274,370,372,377
18,274,370,375,379
18,275,367,370,371
18,275,370,371,379
18,282,370,375,378
18,282,370,377,378
18,777,780,786,809
18,777,780,786,940
18,777,785,786,809
18,777,785,786,946
18,777,785,937,946
18,777,786,940,946
18,777,937,940,946
18,778,779,786,811
18,778,779,786,946
18,778,779,939,946
18,778,780,786,812
18,778,780,786,940
18,778,786,811,818
18,778,786,812,818
18,778,786,940,946
18,778,810,811,818
18,778,810,812,818
18,778,938,939,946
18,778,938,940,946
18,779,783,786,811
18,779,783,786,943
18,779,786,943,946
18,779,939,943,946
18,780,786,809,812
18,783,786,787,815
18,783,786,787,943
18,783,786,811,815
18,785,786,788,820
18,785,786,788,948
18,785,786,809,818
18,785,786,818,820
18,785,786,946,948
18,785,809,817,818
18,785,817,818,820
18,785,937,945,946
18,785,945,946,948
18,786,787,795,827
18,786,787,795,946
18,786,787,815,818
18,786,787,818,827
18,786,787,943,946
18,786,788,793,825
18,786,788,793,948
18,786,788,820,825
18,786,791,794,823
18,786,791,794,951
18,786,791,795,827
18,786,791,795,951
18,786,791,823,827
18,786,793,794,825
18,786,793,794,946
18,786,793,946,948
18,786,794,818,823
18,786,794,818,825
18,786,794,946,951
18,786,795,946,951
18,786,809,812,818
18,786,811,815,818
18,786,818,820,825
18,786,818,823,827
18,787,795,946,955
18,787,815,818,819
18,787,818,819,827
18,787,943,946,947
18,787,946,947,955
18,793,794,946,953
18,793,946,948,953
18,794,818,823,826
18,794,818,825,826
18,794,946,951,954
18,794,946,953,954
18,795,946,951,955
18,809,812,818,972
18,809,817,818,977
18,809,818,972,978
18,809,818,977,978
18,809,969,972,978
18,809,969,977,978
18,810,811,818,970
18,810,812,818,972
18,810,818,970,972
18,811,815,818,975
18,811,818,970,978
18,811,818,975,978
18,811,970,971,978
18,811,971,975,978
18,815,818,819,975
18,817,818,820,980
18,817,818,977,980
18,818,819,827,979
18,818,819,975,979
18,818,820,825,980
18,818,823,826,983
18,818,823,827,983
18,818,825,826,986
18,818,825,978,980
18,818,825,978,986
18,818,826,983,986
18,818,827,978,979
18,818,827,978,983
18,818,970,972,978
18,818,975,978,979
18,818,977,978,980
18,818,978,983,986
18,825,978,980,985
18,825,978,985,986
18,827,978,979,987
18,827,978,983,987
18,873,876,882,940
18,873,881,882,945
18,873,882,940,946
18,873,882,945,946
18,873,937,940,946
18,873,937,945,946
18,874,875,882,938
18,874,876,882,940
18,874,882,938,940
18,875,879,882,943
18,875,882,938,946
18,875,882,943,946
18,875,938,939,946
18,875,939,943,946
18,879,882,883,943
18,881,882,884,948
18,881,882,945,948
18,882,883,891,947
18,882,883,943,947
18,882,884,889,948
18,882,887,890,951
18,882,887,891,951
18,882,889,890,954
18,882,889,946,948
18,882,889,946,954
18,882,890,951,954
18,882,891,946,947
18,882,891,946,951
18,882,938,940,946
18,882,943,946,947
18,882,945,946,948
18,882,946,951,954
18,889,946,948,953
18,889,946,953,954
18,891,946,947,955
18,891,946,951,955
19,21,27,51,315
19,21,27,51,981
19,21,27,115,181
19,21,27,115,891
19,21,27,181,379
19,21,27,213,275
19,21,27,213,315
19,21,27,275,379
19,21,27,787,827
19,21,27,787,949
19,21,27,827,981
19,21,27,891,949
19,21,51,307,315
19,21,115,883,891
19,21,181,371,379
19,21,213,307,315
19,21,275,371,379
19,21,787,819,827
19,21,819,827,981
19,21,883,891,949
19,27,51,981,987
19,27,115,181,187
19,27,181,187,379
19,27,213,219,275
19,27,213,219,315
19,27,787,949,955
19,27,827,981,987
19,27,891,949,955
19,51,971,975,979
19,51,979,981,987
19,115,171,175,179
19,115,179,181,187
19,171,175,179,363
19,175,179,363,371
19,179,181,187,379
19,179,181,371,379
19,203,207,211,275
19,203,207,211,299
19,207,211,299,307
19,211,213,219,275
19,211,213,219,315
19,211,213,307,315
19,787,939,943,947
19,787,947,949,955
19,811,819,975,979
19,811,971,975,979
19,819,827,979,981
19,827,979,981,987
19,875,883,943,947
19,875,939,943,947
19,883,891,947,949
19,891,947,949,955
20,25,49,52,313
20,25,49,52,980
20,25,113,116,180
20,25,113,116,889
20,25,212,273,276
20,25,273,276,377
20,25,785,788,825
20,25,785,788,948
20,49,52,308,313
20,49,305,308,313
20,113,116,884,889
20,113,881,884,889
20,180,369,372,377
20,212,305,308,313
20,273,276,372,377
20,273,369,372,377
20,785,788,820,825
20,785,817,820,825
20,817,820,825,980
20,881,884,889,948
21,27,51,53,315
21,27,51,53,981
21,27,115,117,181
21,27,115,117,891
21,27,213,275,277
21,27,275,277,379
21,27,787,789,827
21,27,787,789,949
21,51,53,309,315
21,51,307,309,315
21,115,117,885,891
21,115,883,885,891
21,181,371,373,379
21,213,307,309,315
21,275,277,373,379
21,275,371,373,379
21,787,789,821,827
21,787,819,821,827
21,819,821,827,981
21,883,885,891,949
22,24,25,56,313
22,24,25,56,982
22,24,25,120,182
22,24,25,120,889
22,24,25,182,377
22,24,25,214,280
22,24,25,214,313
22,24,25,280,377
22,24,25,792,825
22,24,25,792,950
22,24,25,825,982
22,24,25,889,950
22,24,56,312,313
22,24,120,888,889
22,24,182,376,377
22,24,214,312,313
22,24,280,376,377
22,24,792,824,825
22,24,824,825,982
22,24,888,889,950
22,25,54,56,313
22,25,54,56,982
22,25,118,120,182
22,25,118,120,889
22,25,214,278,280
22,25,278,280,377
22,25,790,792,825
22,25,790,792,950
22,54,56,310,313
22,56,310,312,313
22,118,120,886,889
22,120,886,888,889
22,182,374,376,377
22,214,310,312,313
22,278,280,374,377
22,280,374,376,377
22,790,792,822,825
22,792,822,824,825
22,822,824,825,982
22,886,888,889,950
23,26,27,58,315
23,26,27,58,983
23,26,27,122,183
23,26,27,122,891
23,26,27,183,379
23,26,27,215,282
23,26,27,215,315
23,26,27,282,379
23,26,27,794,827
23,26,27,794,951
23,26,27,827,983
23,26,27,891,951
23,26,58,314,315
23,26,122,890,891
23,26,183,378,379
23,26,215,314,315
23,26,282,378,379
23,26,794,826,827
23,26,826,827,983
23,26,890,891,951
23,27,55,58,315
23,27,55,58,983
23,27,119,122,183
23,27,119,122,891
23,27,215,279,282
23,27,279,282,379
23,27,791,794,827
23,27,791,794,951
23,55,58,311,315
23,58,311,314,315
23,119,122,887,891
23,122,887,890,891
23,183,375,378,379
23,215,311,314,315
23,279,282,375,379
23,282,375,378,379
23,791,794,823,827
23,794,823,826,827
23,823,826,827,983
23,887,890,891,951
24,25,56,982,985
24,25,120,182,185
24,25,182,185,377
24,25,214,217,280
24,25,214,217,313
24,25,792,950,953
24,25,825,982,985
24,25,889,950,953
24,27,29,56,315
24,27,29,56,989
24,27,29,120,189
24,27,29,120,891
24,27,29,189,379
24,27,29,221,280
24,27,29,221,315
24,27,29,280,379
24,27,29,792,827
24,27,29,792,957
24,27,29,827,989
24,27,29,891,957
24,27,56,987,989
24,27,120,187,189
24,27,187,189,379
24,27,219,221,280
24,27,219,221,315
24,27,792,955,957
24,27,827,987,989
24,27,891,955,957
24,29,56,312,315
24,29,120,888,891
24,29,189,376,379
24,29,221,312,315
24,29,280,376,379
24,29,792,824,827
24,29,824,827,989
24,29,888,891,957
24,56,982,984,985
24,56,984,987,989
24,120,182,184,185
24,120,184,187,189
24,182,184,185,377
24,182,184,376,377
24,184,187,189,379
24,184,189,376,379
24,214,216,217,280
24,214,216,217,313
24,214,216,312,313
24,216,219,221,280
24,216,219,221,315
24,216,221,312,315
24,792,950,952,953
24,792,952,955,957
24,824,825,982,984
24,824,827,984,989
24,825,982,984,985
24,827,984,987,989
24,888,889,950,952
24,888,891,952,957
24,889,950,952,953
24,891,952,955,957
25,26,28,58,313
25,26,28,58,988
25,26,28,122,188
25,26,28,122,889
25,26,28,188,377
25,26,28,220,282
25,26,28,220,313
25,26,28,282,377
25,26,28,794,825
25,26,28,794,956
25,26,28,825,988
25,26,28,889,956
25,26,58,985,988
25,26,122,185,188
25,26,185,188,377
25,26,217,220,282
25,26,217,220,313
25,26,794,953,956
25,26,825,985,988
25,26,889,953,956
25,28,58,60,313
25,28,58,60,988
25,28,122,124,188
25,28,122,124,889
25,28,220,282,284
25,28,282,284,377
25,28,794,796,825
25,28,794,796,956
25,30,33,62,313
25,30,33,62,990
25,30,97,126,190
25,30,97,126,889
25,30,222,257,286
25,30,257,286,377
25,30,769,798,825
25,30,769,798,958
25,33,57,62,313
25,33,57,62,990
25,33,57,985,990
25,49,52,57,313
25,49,52,57,980
25,49,57,980,985
25,54,56,57,313
25,54,56,57,982
25,56,57,982,985
25,57,58,60,313
25,57,58,60,988
25,57,58,985,988
25,97,121,126,190
25,97,121,126,889
25,97,121,185,190
25,113,116,121,180
25,113,116,121,889
25,113,121,180,185
25,118,120,121,182
25,118,120,121,889
25,120,121,182,185
25,121,122,124,188
25,121,122,124,889
25,121,122,185,188
25,212,217,273,281
25,212,273,276,281
25,214,217,280,281
25,214,278,280,281
25,217,220,281,282
25,217,222,257,281
25,220,281,282,284
25,222,257,281,286
25,257,281,286,377
25,273,276,281,377
25,278,280,281,377
25,281,282,284,377
25,769,793,798,825
25,769,793,798,958
25,769,793,953,958
25,785,788,793,825
25,785,788,793,948
25,785,793,948,953
25,790,792,793,825
25,790,792,793,950
25,792,793,950,953
25,793,794,796,825
25,793,794,796,956
25,793,794,953,956
26,27,58,983,987
26,27,122,183,187
26,27,183,187,379
26,27,215,219,282
26,27,215,219,315
26,27,794,951,955
26,27,827,983,987
26,27,891,951,955
26,28,58,313,314
26,28,122,889,890
26,28,188,377,378
26,28,220,313,314
26,28,282,377,378
26,28,794,825,826
26,28,825,826,988
26,28,889,890,956
26,58,983,986,987
26,58,985,986,988
26,122,183,186,187
26,122,185,186,188
26,183,186,187,379
26,183,186,378,379
26,185,186,188,377
26,186,188,377,378
26,215,218,219,282
26,215,218,219,315
26,215,218,314,315
26,217,218,220,282
26,217,218,220,313
26,218,220,313,314
26,794,951,954,955
26,794,953,954,956
26,825,826,986,988
26,825,985,986,988
26,826,827,983,986
26,827,983,986,987
26,889,890,954,956
26,889,953,954,956
26,890,891,951,954
26,891,951,954,955
27,29,56,61,315
27,29,56,61,989
27,29,120,125,189
27,29,120,125,891
27,29,221,280,285
27,29,280,285,379
27,29,792,797,827
27,29,792,797,957
27,31,35,63,315
27,31,35,63,991
27,31,99,127,191
27,31,99,127,891
27,31,223,259,287
27,31,259,287,379
27,31,771,799,827
27,31,771,799,959
27,35,59,63,315
27,35,59,63,991
27,35,59,987,991
27,51,53,59,315
27,51,53,59,981
27,51,59,981,987
27,55,58,59,315
27,55,58,59,983
27,56,59,61,315
27,56,59,61,989
27,56,59,987,989
27,58,59,983,987
27,99,123,127,191
27,99,123,127,891
27,99,123,187,191
27,115,117,123,181
27,115,117,123,891
27,115,123,181,187
27,119,122,123,183
27,119,122,123,891
27,120,123,125,189
27,120,123,125,891
27,120,123,187,189
27,122,123,183,187
27,213,219,275,283
27,213,275,277,283
27,215,219,282,283
27,215,279,282,283
27,219,221,280,283
27,219,223,259,283
27,221,280,283,285
27,223,259,283,287
27,259,283,287,379
27,275,277,283,379
27,279,282,283,379
27,280,283,285,379
27,771,795,799,827
27,771,795,799,959
27,771,795,955,959
27,787,789,795,827
27,787,789,795,949
27,787,795,949,955
27,791,794,795,827
27,791,794,795,951
27,792,795,797,827
27,792,795,797,957
27,792,795,955,957
27,794,795,951,955
28,58,60,313,316
28,58,313,314,316
28,122,124,889,892
28,122,889,890,892
28,188,377,378,380
28,220,313,314,316
28,282,284,377,380
28,282,377,378,380
28,794,796,825,828
28,794,825,826,828
28,825,826,828,988
28,889,890,892,956
29,56,61,315,317
29,56,312,315,317
29,120,125,891,893
29,120,888,891,893
29,189,376,379,381
29,221,312,315,317
29,280,285,379,381
29,280,376,379,381
29,792,797,827,829
29,792,824,827,829
29,824,827,829,989
29,888,891,893,957
30,33,62,313,318
30,33,289,313,318
30,97,126,889,894
30,97,865,889,894
30,190,353,377,382
30,222,289,313,318
30,257,286,377,382
30,257,353,377,382
30,769,798,825,830
30,769,801,825,830
30,801,825,830,990
30,865,889,894,958
31,35,63,315,319
31,35,291,315,319
31,99,127,891,895
31,99,867,891,895
31,191,355,379,383
31,223,291,315,319
31,259,287,379,383
31,259,355,379,383
31,771,799,827,831
31,771,803,827,831
31,803,827,831,991
31,867,891,895,959
32,33,41,64,128
32,33,41,64,809
32,33,41,128,297
32,33,41,809,960
32,33,62,64,158
32,33,62,64,830
32,33,62,158,318
32,33,62,830,990
32,33,64,128,158
32,33,64,800,809
32,33,64,800,830
32,33,128,158,288
32,33,128,288,297
32,33,158,288,318
32,33,800,809,960
32,33,800,830,990
32,33,800,960,990
32,35,37,64,133
32,35,37,64,805
32,35,37,133,293
32,35,37,805,965
32,35,59,64,128
32,35,59,64,827
32,35,59,128,315
32,35,59,827,960
32,35,64,128,133
32,35,64,800,805
32,35,64,800,827
32,35,128,133,288
32,35,128,288,315
32,35,133,288,293
32,35,800,805,965
32,35,800,827,960
32,35,800,960,965
32,37,43,64,133
32,37,43,64,811
32,37,43,133,299
32,37,43,811,965
32,37,64,805,811
32,37,133,293,299
32,37,805,811,965
32,38,40,64,134
32,38,40,64,806
32,38,40,134,294
32,38,40,806,966
32,38,41,64,134
32,38,41,64,809
32,38,41,134,297
32,38,41,809,966
32,38,64,806,809
32,38,134,294,297
32,38,806,809,966
32,40,43,64,128
32,40,43,64,811
32,40,43,128,299
32,40,43,811,960
32,40,64,128,134
32,40,64,800,806
32,40,64,800,811
32,40,128,134,288
32,40,128,288,299
32,40,134,288,294
32,40,800,806,966
32,40,800,811,960
32,40,800,960,966
32,41,64,128,134
32,41,128,134,297
32,41,809,960,966
32,43,64,128,133
32,43,128,133,299
32,43,811,960,965
32,56,57,64,128
32,56,57,64,825
32,56,57,128,313
32,56,57,825,960
32,56,61,64,157
32,56,61,64,829
32,56,61,157,317
32,56,61,829,989
32,56,64,128,157
32,56,64,800,825
32,56,64,800,829
32,56,128,157,288
32,56,128,288,313
32,56,157,288,317
32,56,800,825,960
32,56,800,829,989
32,56,800,960,989
32,57,62,64,158
32,57,62,64,825
32,57,62,158,313
32,57,62,825,990
32,57,64,128,158
32,57,128,158,313
32,57,825,960,990
32,59,61,64,157
32,59,61,64,827
32,59,61,157,315
32,59,61,827,989
32,59,64,128,157
32,59,128,157,315
32,59,827,960,989
32,61,64,827,829
32,61,157,315,317
32,61,827,829,989
32,62,64,825,830
32,62,158,313,318
32,62,825,830,990
32,64,800,805,811
32,64,800,806,809
32,64,800,825,830
32,64,800,827,829
32,128,133,288,299
32,128,134,288,297
32,128,157,288,315
32,128,158,288,313
32,133,288,293,299
32,134,288,294,297
32,157,288,315,317
32,158,288,313,318
32,800,805,811,965
32,800,806,809,966
32,800,809,960,966
32,800,811,960,965
32,800,825,830,990
32,800,825,960,990
32,800,827,829,989
32,800,827,960,989
33,34,36,66,132
33,34,36,66,804
33,34,36,132,292
33,34,36,804,964
33,34,57,66,130
33,34,57,66,825
33,34,57,130,313
33,34,57,825,962
33,34,66,130,132
33,34,66,802,804
33,34,66,802,825
33,34,130,132,290
33,34,130,290,313
33,34,132,290,292
33,34,802,804,964
33,34,802,825,962
33,34,802,962,964
33,36,41,73,132
33,36,41,73,809
33,36,41,132,297
33,36,41,809,964
33,36,66,68,132
33,36,66,68,804
33,36,68,73,132
33,36,68,73,809
33,36,68,804,809
33,36,132,292,297
33,36,804,809,964
33,41,64,73,137
33,41,64,73,809
33,41,64,128,137
33,41,73,132,137
33,41,128,137,297
33,41,132,137,297
33,41,809,960,969
33,41,809,964,969
33,57,62,89,158
33,57,62,89,825
33,57,62,158,313
33,57,62,825,990
33,57,66,89,153
33,57,66,89,825
33,57,66,130,153
33,57,89,153,158
33,57,130,153,313
33,57,153,158,313
33,57,825,962,985
33,57,825,985,990
33,62,64,94,158
33,62,64,94,830
33,62,89,94,158
33,62,89,94,825
33,62,94,825,830
33,62,158,313,318
33,62,825,830,990
33,64,65,73,137
33,64,65,73,809
33,64,65,94,158
33,64,65,94,801
33,64,65,129,137
33,64,65,129,158
33,64,65,801,809
33,64,94,801,830
33,64,128,129,137
33,64,128,129,158
33,64,800,801,809
33,64,800,801,830
33,65,66,68,132
33,65,66,68,801
33,65,66,89,153
33,65,66,89,825
33,65,66,129,132
33,65,66,129,153
33,65,66,801,825
33,65,68,73,132
33,65,68,73,809
33,65,68,801,809
33,65,73,132,137
33,65,89,94,158
33,65,89,94,825
33,65,89,153,158
33,65,94,801,825
33,65,129,132,137
33,65,129,153,158
33,66,68,801,804
33,66,129,130,132
33,66,129,130,153
33,66,801,802,804
33,66,801,802,825
33,68,801,804,809
33,94,801,825,830
33,128,129,137,297
33,128,129,158,288
33,128,129,288,297
33,129,130,132,290
33,129,130,153,313
33,129,130,290,313
33,129,132,137,297
33,129,132,289,290
33,129,132,289,297
33,129,153,158,313
33,129,158,288,289
33,129,158,289,313
33,129,288,289,297
33,129,289,290,313
33,132,289,290,292
33,132,289,292,297
33,158,288,289,318
33,158,289,313,318
33,800,801,809,961
33,800,801,830,990
33,800,801,961,990
33,800,809,960,961
33,800,960,961,990
33,801,802,804,964
33,801,802,825,961
33,801,802,961,964
33,801,804,809,964
33,801,809,961,964
33,801,825,830,990
33,801,825,961,990
33,802,825,961,962
33,802,961,962,964
33,809,960,961,969
33,809,961,964,969
33,825,961,962,985
33,825,961,985,990
34,35,43,66,130
34,35,43,66,811
34,35,43,130,299
34,35,43,811,962
34,35,63,66,159
34,35,63,66,831
34,35,63,159,319
34,35,63,831,991
34,35,66,130,159
34,35,66,802,811
34,35,66,802,831
34,35,130,159,290
34,35,130,290,299
34,35,159,290,319
34,35,802,811,962
34,35,802,831,991
34,35,802,962,991
34,36,41,66,132
34,36,41,66,809
34,36,41,132,297
34,36,41,809,964
34,36,66,804,809
34,36,132,292,297
34,36,804,809,964
34,39,42,66,135
34,39,42,66,807
34,39,42,135,295
34,39,42,807,967
34,39,43,66,135
34,39,43,66,811
34,39,43,135,299
34,39,43,811,967
34,39,66,807,811
34,39,135,295,299
34,39,807,811,967
34,41,42,66,130
34,41,42,66,809
34,41,42,130,297
34,41,42,809,962
34,41,66,130,132
34,41,130,132,297
34,41,809,962,964
34,42,66,130,135
34,42,66,802,807
34,42,66,802,809
34,42,130,135,290
34,42,130,290,297
34,42,135,290,295
34,42,802,807,967
34,42,802,809,962
34,42,802,962,967
34,43,66,130,135
34,43,130,135,299
34,43,811,962,967
34,57,60,66,156
34,57,60,66,825
34,57,60,156,313
34,57,60,825,988
34,57,66,130,156
34,57,130,156,313
34,57,825,962,988
34,58,59,66,130
34,58,59,66,827
34,58,59,130,315
34,58,59,827,962
34,58,60,66,156
34,58,60,66,828
34,58,60,156,316
34,58,60,828,988
34,58,66,130,156
34,58,66,802,827
34,58,66,802,828
34,58,130,156,290
34,58,130,290,315
34,58,156,290,316
34,58,802,827,962
34,58,802,828,988
34,58,802,962,988
34,59,63,66,159
34,59,63,66,827
34,59,63,159,315
34,59,63,827,991
34,59,66,130,159
34,59,130,159,315
34,59,827,962,991
34,60,66,825,828
34,60,156,313,316
34,60,825,828,988
34,63,66,827,831
34,63,159,315,319
34,63,827,831,991
34,66,802,804,809
34,66,802,807,811
34,66,802,825,828
34,66,802,827,831
34,130,132,290,297
34,130,135,290,299
34,130,156,290,313
34,130,159,290,315
34,132,290,292,297
34,135,290,295,299
34,156,290,313,316
34,159,290,315,319
34,802,804,809,964
34,802,807,811,967
34,802,809,962,964
34,802,811,962,967
34,802,825,828,988
34,802,825,962,988
34,802,827,831,991
34,802,827,962,991
35,37,43,75,133
35,37,43,75,811
35,37,43,133,299
35,37,43,811,965
35,37,64,69,133
35,37,64,69,805
35,37,69,75,133
35,37,69,75,811
35,37,69,805,811
35,37,133,293,299
35,37,805,811,965
35,43,66,75,139
35,43,66,75,811
35,43,66,130,139
35,43,75,133,139
35,43,130,139,299
35,43,133,139,299
35,43,811,962,971
35,43,811,965,971
35,59,63,91,159
35,59,63,91,827
35,59,63,159,315
35,59,63,827,991
35,59,64,91,155
35,59,64,91,827
35,59,64,128,155
35,59,91,155,159
35,59,128,155,315
35,59,155,159,315
35,59,827,960,987
35,59,827,987,991
35,63,66,95,159
35,63,66,95,831
35,63,91,95,159
35,63,91,95,827
35,63,95,827,831
35,63,159,315,319
35,63,827,831,991
35,64,67,69,133
35,64,67,69,803
35,64,67,91,155
35,64,67,91,827
35,64,67,131,133
35,64,67,131,155
35,64,67,803,827
35,64,69,803,805
35,64,128,131,133
35,64,128,131,155
35,64,800,803,805
35,64,800,803,827
35,66,67,75,139
35,66,67,75,811
35,66,67,95,159
35,66,67,95,803
35,66,67,131,139
35,66,67,131,159
35,66,67,803,811
35,66,95,803,831
35,66,130,131,139
35,66,130,131,159
35,66,802,803,811
35,66,802,803,831
35,67,69,75,133
35,67,69,75,811
35,67,69,803,811
35,67,75,133,139
35,67,91,95,159
35,67,91,95,827
35,67,91,155,159
35,67,95,803,827
35,67,131,133,139
35,67,131,155,159
35,69,803,805,811
35,95,803,827,831
35,128,131,133,288
35,128,131,155,315
35,128,131,288,315
35,130,131,139,299
35,130,131,159,290
35,130,131,290,299
35,131,133,139,299
35,131,133,288,291
35,131,133,291,299
35,131,155,159,315
35,131,159,290,291
35,131,159,291,315
35,131,288,291,315
35,131,290,291,299
35,133,288,291,293
35,133,291,293,299
35,159,290,291,319
35,159,291,315,319
35,800,803,805,965
35,800,803,827,963
35,800,803,963,965
35,800,827,960,963
35,800,960,963,965
35,802,803,811,963
35,802,803,831,991
35,802,803,963,991
35,802,811,962,963
35,802,962,963,991
35,803,805,811,965
35,803,811,963,965
35,803,827,831,991
35,803,827,963,991
35,811,962,963,971
35,811,963,965,971
35,827,960,963,987
35,827,963,987,991
36,41,66,73,132
36,41,66,73,809
36,66,68,73,132
36,66,68,73,809
36,66,68,804,809
37,43,64,75,133
37,43,64,75,811
37,64,69,75,133
37,64,69,75,811
37,64,69,805,811
38,40,41,73,134
38,40,41,73,809
38,40,41,134,297
38,40,41,809,966
38,40,64,70,134
38,40,64,70,806
38,40,70,73,134
38,40,70,73,809
38,40,70,806,809
38,40,134,294,297
38,40,806,809,966
38,41,64,73,134
38,41,64,73,809
38,64,70,73,134
38,64,70,73,809
38,64,70,806,809
39,42,43,75,135
39,42,43,75,811
39,42,43,135,299
39,42,43,811,967
39,42,66,71,135
39,42,66,71,807
39,42,71,75,135
39,42,71,75,811
39,42,71,807,811
39,42,135,295,299
39,42,807,811,967
39,43,66,75,135
39,43,66,75,811
39,66,71,75,135
39,66,71,75,811
39,66,71,807,811
40,41,48,80,144
40,41,48,80,809
40,41,48,144,297
40,41,48,809,976
40,41,73,80,137
40,41,73,80,809
40,41,73,134,137
40,41,80,137,144
40,41,134,137,297
40,41,137,144,297
40,41,809,966,969
40,41,809,969,976
40,43,45,75,141
40,43,45,75,811
40,43,45,141,299
40,43,45,811,973
40,43,64,75,139
40,43,64,75,811
40,43,64,128,139
40,43,75,139,141
40,43,128,139,299
40,43,139,141,299
40,43,811,960,971
40,43,811,971,973
40,45,48,80,141
40,45,48,80,813
40,45,48,141,301
40,45,48,813,973
40,45,75,77,141
40,45,75,77,811
40,45,77,80,141
40,45,77,80,813
40,45,77,811,813
40,45,141,299,301
40,45,811,813,973
40,48,80,141,144
40,48,80,809,816
40,48,80,813,816
40,48,141,144,304
40,48,141,301,304
40,48,144,297,304
40,48,809,816,976
40,48,813,816,973
40,48,816,973,976
40,64,70,72,134
40,64,70,72,808
40,64,70,806,808
40,64,72,75,139
40,64,72,75,811
40,64,72,134,136
40,64,72,136,139
40,64,72,808,811
40,64,128,134,136
40,64,128,136,139
40,64,800,806,808
40,64,800,808,811
40,70,72,73,134
40,70,72,73,809
40,70,72,808,809
40,70,806,808,809
40,72,73,80,137
40,72,73,80,809
40,72,73,134,137
40,72,75,77,141
40,72,75,77,811
40,72,75,139,141
40,72,77,80,141
40,72,77,80,808
40,72,77,808,811
40,72,80,136,137
40,72,80,136,141
40,72,80,808,809
40,72,134,136,137
40,72,136,139,141
40,77,80,808,813
40,77,808,811,813
40,80,136,137,144
40,80,136,141,144
40,80,808,809,816
40,80,808,813,816
40,128,134,136,288
40,128,136,139,299
40,128,136,288,299
40,134,136,137,297
40,134,136,288,296
40,134,136,296,297
40,134,288,294,296
40,134,294,296,297
40,136,137,144,297
40,136,139,141,299
40,136,141,144,304
40,136,141,296,299
40,136,141,296,304
40,136,144,297,304
40,136,288,296,299
40,136,296,297,304
40,141,296,299,301
40,141,296,301,304
40,800,806,808,966
40,800,808,811,968
40,800,808,966,968
40,800,811,960,968
40,800,960,966,968
40,806,808,809,966
40,808,809,816,968
40,808,809,966,968
40,808,811,813,973
40,808,811,968,973
40,808,813,816,973
40,808,816,968,973
40,809,816,968,976
40,809,966,968,969
40,809,968,969,976
40,811,960,968,971
40,811,968,971,973
40,816,968,973,976
41,42,44,73,140
41,42,44,73,809
41,42,44,140,297
41,42,44,809,972
41,42,66,73,137
41,42,66,73,809
41,42,66,130,137
41,42,73,137,140
41,42,130,137,297
41,42,137,140,297
41,42,809,962,969
41,42,809,969,972
41,44,50,82,140
41,44,50,82,809
41,44,50,140,297
41,44,50,809,972
41,44,73,82,140
41,44,73,82,809
41,46,48,80,142
41,46,48,80,809
41,46,48,142,297
41,46,48,809,974
41,46,49,73,142
41,46,49,73,809
41,46,49,142,297
41,46,49,809,974
41,46,73,80,142
41,46,73,80,809
41,48,80,142,144
41,48,142,144,297
41,48,809,974,976
41,49,50,82,146
41,49,50,82,809
41,49,50,146,297
41,49,50,809,978
41,49,73,82,137
41,49,73,82,809
41,49,73,137,142
41,49,82,137,146
41,49,137,142,297
41,49,137,146,297
41,49,809,969,974
41,49,809,969,978
41,50,82,140,146
41,50,140,146,297
41,50,809,972,978
41,64,73,134,137
41,64,128,134,137
41,66,73,132,137
41,66,130,132,137
41,73,80,137,142
41,73,82,137,140
41,80,137,142,144
41,82,137,140,146
41,128,134,137,297
41,130,132,137,297
41,137,140,146,297
41,137,142,144,297
41,809,960,966,969
41,809,962,964,969
41,809,969,972,978
41,809,969,974,976
42,43,50,82,146
42,43,50,82,811
42,43,50,146,299
42,43,50,811,978
42,43,75,82,139
42,43,75,82,811
42,43,75,135,139
42,43,82,139,146
42,43,135,139,299
42,43,139,146,299
42,43,811,967,971
42,43,811,971,978
42,44,50,82,140
42,44,50,82,812
42,44,50,140,300
42,44,50,812,972
42,44,73,76,140
42,44,73,76,809
42,44,76,82,140
42,44,76,82,812
42,44,76,809,812
42,44,140,297,300
42,44,809,812,972
42,50,82,140,146
42,50,82,811,818
42,50,82,812,818
42,50,140,146,306
42,50,140,300,306
42,50,146,299,306
42,50,811,818,978
42,50,812,818,972
42,50,818,972,978
42,66,71,74,135
42,66,71,74,810
42,66,71,807,810
42,66,73,74,137
42,66,73,74,809
42,66,74,135,138
42,66,74,137,138
42,66,74,809,810
42,66,130,135,138
42,66,130,137,138
42,66,802,807,810
42,66,802,809,810
42,71,74,75,135
42,71,74,75,811
42,71,74,810,811
42,71,807,810,811
42,73,74,76,140
42,73,74,76,809
42,73,74,137,140
42,74,75,82,139
42,74,75,82,811
42,74,75,135,139
42,74,76,82,140
42,74,76,82,810
42,74,76,809,810
42,74,82,138,139
42,74,82,138,140
42,74,82,810,811
42,74,135,138,139
42,74,137,138,140
42,76,82,810,812
42,76,809,810,812
42,82,138,139,146
42,82,138,140,146
42,82,810,811,818
42,82,810,812,818
42,130,135,138,290
42,130,137,138,297
42,130,138,290,297
42,135,138,139,299
42,135,138,290,298
42,135,138,298,299
42,135,290,295,298
42,135,295,298,299
42,137,138,140,297
42,138,139,146,299
42,138,140,146,306
42,138,140,297,298
42,138,140,298,306
42,138,146,299,306
42,138,290,297,298
42,138,298,299,306
42,140,297,298,300
42,140,298,300,306
42,802,807,810,967
42,802,809,810,970
42,802,809,962,970
42,802,810,967,970
42,802,962,967,970
42,807,810,811,967
42,809,810,812,972
42,809,810,970,972
42,809,962,969,970
42,809,969,970,972
42,810,811,818,970
42,810,811,967,970
42,810,812,818,972
42,810,818,970,972
42,811,818,970,978
42,811,967,970,971
42,811,970,971,978
42,818,970,972,978
43,45,48,80,141
43,45,48,80,811
43,45,48,141,299
43,45,48,811,973
43,45,75,80,141
43,45,75,80,811
43,47,50,82,143
43,47,50,82,811
43,47,50,143,299
43,47,50,811,975
43,47,51,75,143
43,47,51,75,811
43,47,51,143,299
43,47,51,811,975
43,47,75,82,143
43,47,75,82,811
43,48,51,80,144
43,48,51,80,811
43,48,51,144,299
43,48,51,811,976
43,48,80,141,144
43,48,141,144,299
43,48,811,973,976
43,50,82,143,146
43,50,143,146,299
43,50,811,975,978
43,51,75,80,139
43,51,75,80,811
43,51,75,139,143
43,51,80,139,144
43,51,139,143,299
43,51,139,144,299
43,51,811,971,975
43,51,811,971,976
43,64,75,133,139
43,64,128,133,139
43,66,75,135,139
43,66,130,135,139
43,75,80,139,141
43,75,82,139,143
43,80,139,141,144
43,82,139,143,146
43,128,133,139,299
43,130,135,139,299
43,139,141,144,299
43,139,143,146,299
43,811,960,965,971
43,811,962,967,971
43,811,971,973,976
43,811,971,975,978
44,50,82,809,812
44,50,140,297,300
44,50,809,812,972
44,73,76,82,140
44,73,76,82,809
44,76,82,809,812
45,48,80,811,813
45,48,141,299,301
45,48,811,813,973
45,75,77,80,141
45,75,77,80,811
45,77,80,811,813
46,48,49,80,142
46,48,49,80,814
46,48,49,142,302
46,48,49,814,974
46,48,80,809,814
46,48,142,297,302
46,48,809,814,974
46,49,73,78,142
46,49,73,78,809
46,49,78,80,142
46,49,78,80,814
46,49,78,809,814
46,49,142,297,302
46,49,809,814,974
46,73,78,80,142
46,73,78,80,809
46,78,80,809,814
47,50,51,82,143
47,50,51,82,815
47,50,51,143,303
47,50,51,815,975
47,50,82,811,815
47,50,143,299,303
47,50,811,815,975
47,51,75,79,143
47,51,75,79,811
47,51,79,82,143
47,51,79,82,815
47,51,79,811,815
47,51,143,299,303
47,51,811,815,975
47,75,79,82,143
47,75,79,82,811
47,79,82,811,815
48,49,57,80,144
48,49,57,80,825
48,49,57,144,313
48,49,57,825,976
48,49,80,142,144
48,49,80,814,816
48,49,80,816,825
48,49,142,144,304
48,49,142,302,304
48,49,144,304,313
48,49,814,816,974
48,49,816,825,976
48,49,816,974,976
48,51,53,80,149
48,51,53,80,821
48,51,53,149,309
48,51,53,821,981
48,51,80,144,149
48,51,80,811,816
48,51,80,816,821
48,51,144,149,304
48,51,144,299,304
48,51,149,304,309
48,51,811,816,976
48,51,816,821,981
48,51,816,976,981
48,53,59,80,149
48,53,59,80,827
48,53,59,149,315
48,53,59,827,981
48,53,80,821,827
48,53,149,309,315
48,53,821,827,981
48,54,56,80,150
48,54,56,80,822
48,54,56,150,310
48,54,56,822,982
48,54,57,80,150
48,54,57,80,825
48,54,57,150,313
48,54,57,825,982
48,54,80,822,825
48,54,150,310,313
48,54,822,825,982
48,56,59,80,144
48,56,59,80,827
48,56,59,144,315
48,56,59,827,976
48,56,80,144,150
48,56,80,816,822
48,56,80,816,827
48,56,144,150,304
48,56,144,304,315
48,56,150,304,310
48,56,816,822,982
48,56,816,827,976
48,56,816,976,982
48,57,80,144,150
48,57,144,150,313
48,57,825,976,982
48,59,80,144,149
48,59,144,149,315
48,59,827,976,981
48,80,809,814,816
48,80,811,813,816
48,80,816,821,827
48,80,816,822,825
48,141,144,299,304
48,141,299,301,304
48,142,144,297,304
48,142,297,302,304
48,144,149,304,315
48,144,150,304,313
48,149,304,309,315
48,150,304,310,313
48,809,814,816,974
48,809,816,974,976
48,811,813,816,973
48,811,816,973,976
48,816,821,827,981
48,816,822,825,982
48,816,825,976,982
48,816,827,976,981
49,50,52,82,148
49,50,52,82,820
49,50,52,148,308
49,50,52,820,980
49,50,82,146,148
49,50,82,809,818
49,50,82,818,820
49,50,146,148,306
49,50,146,297,306
49,50,148,306,308
49,50,809,818,978
49,50,818,820,980
49,50,818,978,980
49,52,57,89,148
49,52,57,89,825
49,52,57,148,313
49,52,57,825,980
49,52,82,84,148
49,52,82,84,820
49,52,84,89,148
49,52,84,89,825
49,52,84,820,825
49,52,148,308,313
49,52,820,825,980
49,57,80,89,153
49,57,80,89,825
49,57,80,144,153
49,57,89,148,153
49,57,144,153,313
49,57,148,153,313
49,57,825,976,985
49,57,825,980,985
49,73,78,81,142
49,73,78,81,809
49,73,81,82,137
49,73,81,82,809
49,73,81,137,142
49,78,80,81,142
49,78,80,81,817
49,78,80,814,817
49,78,81,809,817
49,78,809,814,817
49,80,81,89,153
49,80,81,89,825
49,80,81,142,145
49,80,81,145,153
49,80,81,817,825
49,80,142,144,145
49,80,144,145,153
49,80,814,816,817
49,80,816,817,825
49,81,82,84,148
49,81,82,84,817
49,81,82,137,145
49,81,82,145,148
49,81,82,809,817
49,81,84,89,148
49,81,84,89,825
49,81,84,817,825
49,81,89,148,153
49,81,137,142,145
49,81,145,148,153
49,82,84,817,820
49,82,137,145,146
49,82,145,146,148
49,82,809,817,818
49,82,817,818,820
49,84,817,820,825
49,137,142,145,297
49,137,145,146,297
49,142,144,145,304
49,142,145,297,305
49,142,145,304,305
49,142,297,302,305
49,142,302,304,305
49,144,145,153,313
49,144,145,304,313
49,145,146,148,306
49,145,146,297,306
49,145,148,153,313
49,145,148,305,306
49,145,148,305,313
49,145,297,305,306
49,145,304,305,313
49,148,305,306,308
49,148,305,308,313
49,809,814,817,974
49,809,817,818,977
49,809,817,974,977
49,809,818,977,978
49,809,969,974,977
49,809,969,977,978
49,814,816,817,974
49,816,817,825,977
49,816,817,974,977
49,816,825,976,977
49,816,974,976,977
49,817,818,820,980
49,817,818,977,980
49,817,820,825,980
49,817,825,977,980
49,818,977,978,980
49,825,976,977,985
49,825,977,980,985
50,51,59,82,146
50,51,59,82,827
50,51,59,146,315
50,51,59,827,978
50,51,82,143,146
50,51,82,815,818
50,51,82,818,827
50,51,143,146,306
50,51,143,303,306
50,51,146,306,315
50,51,815,818,975
50,51,818,827,978
50,51,818,975,978
50,52,57,82,148
50,52,57,82,825
50,52,57,148,313
50,52,57,825,980
50,52,82,820,825
50,52,148,308,313
50,52,820,825,980
50,55,58,82,151
50,55,58,82,823
50,55,58,151,311
50,55,58,823,983
50,55,59,82,151
50,55,59,82,827
50,55,59,151,315
50,55,59,827,983
50,55,82,823,827
50,55,151,311,315
50,55,823,827,983
50,57,58,82,146
50,57,58,82,825
50,57,58,146,313
50,57,58,825,978
50,57,82,146,148
50,57,146,148,313
50,57,825,978,980
50,58,82,146,151
50,58,82,818,823
50,58,82,818,825
50,58,146,151,306
50,58,146,306,313
50,58,151,306,311
50,58,818,823,983
50,58,818,825,978
50,58,818,978,983
50,59,82,146,151
50,59,146,151,315
50,59,827,978,983
50,82,809,812,818
50,82,811,815,818
50,82,818,820,825
50,82,818,823,827
50,140,146,297,306
50,140,297,300,306
50,143,146,299,306
50,143,299,303,306
50,146,148,306,313
50,146,151,306,315
50,148,306,308,313
50,151,306,311,315
50,809,812,818,972
50,809,818,972,978
50,811,815,818,975
50,811,818,975,978
50,818,820,825,980
50,818,823,827,983
50,818,825,978,980
50,818,827,978,983
51,53,59,91,149
51,53,59,91,827
51,53,59,149,315
51,53,59,827,981
51,53,80,85,149
51,53,80,85,821
51,53,85,91,149
51,53,85,91,827
51,53,85,821,827
51,53,149,309,315
51,53,821,827,981
51,59,82,91,155
51,59,82,91,827
51,59,82,146,155
51,59,91,149,155
51,59,146,155,315
51,59,149,155,315
51,59,827,978,987
51,59,827,981,987
51,75,79,83,143
51,75,79,83,811
51,75,80,83,139
51,75,80,83,811
51,75,83,139,143
51,79,82,83,143
51,79,82,83,819
51,79,82,815,819
51,79,83,811,819
51,79,811,815,819
51,80,83,85,149
51,80,83,85,819
51,80,83,139,147
51,80,83,147,149
51,80,83,811,819
51,80,85,819,821
51,80,139,144,147
51,80,144,147,149
51,80,811,816,819
51,80,816,819,821
51,82,83,91,155
51,82,83,91,827
51,82,83,143,147
51,82,83,147,155
51,82,83,819,827
51,82,143,146,147
51,82,146,147,155
51,82,815,818,819
51,82,818,819,827
51,83,85,91,149
51,83,85,91,827
51,83,85,819,827
51,83,91,149,155
51,83,139,143,147
51,83,147,149,155
51,85,819,821,827
51,139,143,147,299
51,139,144,147,299
51,143,146,147,306
51,143,147,299,307
51,143,147,306,307
51,143,299,303,307
51,143,303,306,307
51,144,147,149,304
51,144,147,299,304
51,146,147,155,315
51,146,147,306,315
51,147,149,155,315
51,147,149,304,307
51,147,149,307,315
51,147,299,304,307
51,147,306,307,315
51,149,304,307,309
51,149,307,309,315
51,811,815,819,975
51,811,816,819,979
51,811,816,976,979
51,811,819,975,979
51,811,971,975,979
51,811,971,976,979
51,815,818,819,975
51,816,819,821,981
51,816,819,979,981
51,816,976,979,981
51,818,819,827,979
51,818,819,975,979
51,818,827,978,979
51,818,975,978,979
51,819,821,827,981
51,819,827,979,981
51,827,978,979,987
51,827,979,981,987
52,57,82,89,148
52,57,82,89,825
52,82,84,89,148
52,82,84,89,825
52,82,84,820,825
53,59,80,91,149
53,59,80,91,827
53,80,85,91,149
53,80,85,91,827
53,80,85,821,827
54,56,57,89,150
54,56,57,89,825
54,56,57,150,313
54,56,57,825,982
54,56,80,86,150
54,56,80,86,822
54,56,86,89,150
54,56,86,89,825
54,56,86,822,825
54,56,150,310,313
54,56,822,825,982
54,57,80,89,150
54,57,80,89,825
54,80,86,89,150
54,80,86,89,825
54,80,86,822,825
55,58,59,91,151
55,58,59,91,827
55,58,59,151,315
55,58,59,827,983
55,58,82,87,151
55,58,82,87,823
55,58,87,91,151
55,58,87,91,827
55,58,87,823,827
55,58,151,311,315
55,58,823,827,983
55,59,82,91,151
55,59,82,91,827
55,82,87,91,151
55,82,87,91,827
55,82,87,823,827
56,57,64,89,153
56,57,64,89,825
56,57,64,128,153
56,57,89,150,153
56,57,128,153,313
56,57,150,153,313
56,57,825,960,985
56,57,825,982,985
56,59,61,91,157
56,59,61,91,827
56,59,61,157,315
56,59,61,827,989
56,59,80,91,155
56,59,80,91,827
56,59,80,144,155
56,59,91,155,157
56,59,144,155,315
56,59,155,157,315
56,59,827,976,987
56,59,827,987,989
56,61,64,93,157
56,61,64,93,829
56,61,91,93,157
56,61,91,93,827
56,61,93,827,829
56,61,157,315,317
56,61,827,829,989
56,64,88,89,153
56,64,88,89,825
56,64,88,93,157
56,64,88,93,824
56,64,88,152,153
56,64,88,152,157
56,64,88,824,825
56,64,93,824,829
56,64,128,152,153
56,64,128,152,157
56,64,800,824,825
56,64,800,824,829
56,80,86,88,150
56,80,86,88,824
56,80,86,822,824
56,80,88,91,155
56,80,88,91,827
56,80,88,150,152
56,80,88,152,155
56,80,88,824,827
56,80,144,150,152
56,80,144,152,155
56,80,816,822,824
56,80,816,824,827
56,86,88,89,150
56,86,88,89,825
56,86,88,824,825
56,86,822,824,825
56,88,89,150,153
56,88,91,93,157
56,88,91,93,827
56,88,91,155,157
56,88,93,824,827
56,88,150,152,153
56,88,152,155,157
56,93,824,827,829
56,128,152,153,313
56,128,152,157,288
56,128,152,288,313
56,144,150,152,304
56,144,152,155,315
56,144,152,304,315
56,150,152,153,313
56,150,152,304,312
56,150,152,312,313
56,150,304,310,312
56,150,310,312,313
56,152,155,157,315
56,152,157,288,312
56,152,157,312,315
56,152,288,312,313
56,152,304,312,315
56,157,288,312,317
56,157,312,315,317
56,800,824,825,984
56,800,824,829,989
56,800,824,984,989
56,800,825,960,984
56,800,960,984,989
56,816,822,824,982
56,816,824,827,984
56,816,824,982,984
56,816,827,976,984
56,816,976,982,984
56,822,824,825,982
56,824,825,982,984
56,824,827,829,989
56,824,827,984,989
56,825,960,984,985
56,825,982,984,985
56,827,976,984,987
56,827,984,987,989
57,58,60,89,156
57,58,60,89,825
57,58,60,156,313
57,58,60,825,988
57,58,82,89,153
57,58,82,89,825
57,58,82,146,153
57,58,89,153,156
57,58,146,153,313
57,58,153,156,313
57,58,825,978,985
57,58,825,985,988
57,60,66,89,156
57,60,66,89,825
57,62,64,89,158
57,62,64,89,825
57,64,89,153,158
57,64,128,153,158
57,66,89,153,156
57,66,130,153,156
57,80,89,150,153
57,80,144,150,153
57,82,89,148,153
57,82,146,148,153
57,128,153,158,313
57,130,153,156,313
57,144,150,153,313
57,146,148,153,313
57,825,960,985,990
57,825,962,985,988
57,825,976,982,985
57,825,978,980,985
58,59,66,91,155
58,59,66,91,827
58,59,66,130,155
58,59,91,151,155
58,59,130,155,315
58,59,151,155,315
58,59,827,962,987
58,59,827,983,987
58,60,66,92,156
58,60,66,92,828
58,60,89,92,156
58,60,89,92,825
58,60,92,825,828
58,60,156,313,316
58,60,825,828,988
58,66,90,91,155
58,66,90,91,827
58,66,90,92,156
58,66,90,92,826
58,66,90,154,155
58,66,90,154,156
58,66,90,826,827
58,66,92,826,828
58,66,130,154,155
58,66,130,154,156
58,66,802,826,827
58,66,802,826,828
58,82,87,90,151
58,82,87,90,826
58,82,87,823,826
58,82,89,90,153
58,82,89,90,825
58,82,90,151,154
58,82,90,153,154
58,82,90,825,826
58,82,146,151,154
58,82,146,153,154
58,82,818,823,826
58,82,818,825,826
58,87,90,91,151
58,87,90,91,827
58,87,90,826,827
58,87,823,826,827
58,89,90,92,156
58,89,90,92,825
58,89,90,153,156
58,90,91,151,155
58,90,92,825,826
58,90,151,154,155
58,90,153,154,156
58,92,825,826,828
58,130,154,155,315
58,130,154,156,290
58,130,154,290,315
58,146,151,154,306
58,146,153,154,313
58,146,154,306,313
58,151,154,155,315
58,151,154,306,314
58,151,154,314,315
58,151,306,311,314
58,151,311,314,315
58,153,154,156,313
58,154,156,290,314
58,154,156,313,314
58,154,290,314,315
58,154,306,313,314
58,156,290,314,316
58,156,313,314,316
58,802,826,827,986
58,802,826,828,988
58,802,826,986,988
58,802,827,962,986
58,802,962,986,988
58,818,823,826,983
58,818,825,826,986
58,818,825,978,986
58,818,826,983,986
58,818,978,983,986
58,823,826,827,983
58,825,826,828,988
58,825,826,986,988
58,825,978,985,986
58,825,985,986,988
58,826,827,983,986
58,827,962,986,987
58,827,983,986,987
59,61,64,91,157
59,61,64,91,827
59,63,66,91,159
59,63,66,91,827
59,64,91,155,157
59,64,128,155,157
59,66,91,155,159
59,66,130,155,159
59,80,91,149,155
59,80,144,149,155
59,82,91,151,155
59,82,146,151,155
59,128,155,157,315
59,130,155,159,315
59,144,149,155,315
59,146,151,155,315
59,827,960,987,989
59,827,962,987,991
59,827,976,981,987
59,827,978,983,987
60,66,89,92,156
60,66,89,92,825
60,66,92,825,828
61,64,91,93,157
61,64,91,93,827
61,64,93,827,829
62,64,89,94,158
62,64,89,94,825
62,64,94,825,830
63,66,91,95,159
63,66,91,95,827
63,66,95,827,831
64,65,73,97,361
64,65,73,97,1001
64,65,73,137,297
64,65,73,233,321
64,65,73,233,361
64,65,73,297,321
64,65,73,809,905
64,65,73,833,873
64,65,73,833,905
64,65,73,873,1001
64,65,94,97,353
64,65,94,97,1022
64,65,94,158,289
64,65,94,254,321
64,65,94,254,353
64,65,94,289,321
64,65,94,801,926
64,65,94,833,865
64,65,94,833,926
64,65,94,865,1022
64,65,97,353,361
64,65,97,993,1001
64,65,97,993,1022
64,65,129,137,297
64,65,129,158,289
64,65,129,289,297
64,65,225,233,321
64,65,225,233,361
64,65,225,254,321
64,65,225,254,353
64,65,225,353,361
64,65,289,297,321
64,65,801,809,897
64,65,801,897,926
64,65,809,897,905
64,65,833,865,873
64,65,833,897,905
64,65,833,897,926
64,65,865,873,993
64,65,865,993,1022
64,65,873,993,1001
64,67,69,99,355
64,67,69,99,997
64,67,69,133,291
64,67,69,229,323
64,67,69,229,355
64,67,69,291,323
64,67,69,803,901
64,67,69,835,867
64,67,69,835,901
64,67,69,867,997
64,67,91,99,379
64,67,91,99,1019
64,67,91,155,315
64,67,91,251,323
64,67,91,251,379
64,67,91,315,323
64,67,91,827,923
64,67,91,835,891
64,67,91,835,923
64,67,91,891,1019
64,67,99,355,379
64,67,99,995,997
64,67,99,995,1019
64,67,131,133,291
64,67,131,155,315
64,67,131,291,315
64,67,227,229,323
64,67,227,229,355
64,67,227,251,323
64,67,227,251,379
64,67,227,355,379
64,67,291,315,323
64,67,803,827,899
64,67,803,899,901
64,67,827,899,923
64,67,835,867,891
64,67,835,899,901
64,67,835,899,923
64,67,867,891,995
64,67,867,995,997
64,67,891,995,1019
64,69,75,101,363
64,69,75,101,997
64,69,75,133,299
64,69,75,229,325
64,69,75,229,363
64,69,75,299,325
64,69,75,811,901
64,69,75,837,875
64,69,75,837,901
64,69,75,875,997
64,69,99,101,357
64,69,99,101,997
64,69,99,355,357
64,69,101,357,363
64,69,133,291,293
64,69,133,293,299
64,69,229,323,325
64,69,229,355,357
64,69,229,357,363
64,69,291,293,323
64,69,293,299,325
64,69,293,323,325
64,69,803,805,901
64,69,805,811,901
64,69,835,837,869
64,69,835,837,901
64,69,835,867,869
64,69,837,869,875
64,69,867,869,997
64,69,869,875,997
64,70,72,104,360
64,70,72,104,998
64,70,72,134,296
64,70,72,230,328
64,70,72,230,360
64,70,72,296,328
64,70,72,808,902
64,70,72,840,872
64,70,72,840,902
64,70,72,872,998
64,70,73,102,361
64,70,73,102,998
64,70,73,134,297
64,70,73,230,326
64,70,73,230,361
64,70,73,297,326
64,70,73,809,902
64,70,73,838,873
64,70,73,838,902
64,70,73,873,998
64,70,102,104,358
64,70,102,104,998
64,70,102,358,361
64,70,104,358,360
64,70,134,294,296
64,70,134,294,297
64,70,230,326,328
64,70,230,358,360
64,70,230,358,361
64,70,294,296,328
64,70,294,297,326
64,70,294,326,328
64,70,806,808,902
64,70,806,809,902
64,70,838,840,870
64,70,838,840,902
64,70,838,870,873
64,70,840,870,872
64,70,870,872,998
64,70,870,873,998
64,72,75,104,363
64,72,75,104,1003
64,72,75,139,299
64,72,75,235,328
64,72,75,235,363
64,72,75,299,328
64,72,75,811,907
64,72,75,840,875
64,72,75,840,907
64,72,75,875,1003
64,72,104,360,363
64,72,104,998,1000
64,72,104,1000,1003
64,72,134,136,296
64,72,136,139,299
64,72,136,296,299
64,72,230,232,328
64,72,230,232,360
64,72,232,235,328
64,72,232,235,363
64,72,232,360,363
64,72,296,299,328
64,72,808,811,904
64,72,808,902,904
64,72,811,904,907
64,72,840,872,875
64,72,840,902,904
64,72,840,904,907
64,72,872,875,1000
64,72,872,998,1000
64,72,875,1000,1003
64,73,97,105,361
64,73,97,105,1001
64,73,102,105,361
64,73,102,105,998
64,73,105,998,1001
64,73,134,137,297
64,73,230,233,329
64,73,230,233,361
64,73,230,326,329
64,73,233,321,329
64,73,297,321,329
64,73,297,326,329
64,73,809,902,905
64,73,833,841,873
64,73,833,841,905
64,73,838,841,873
64,73,838,841,902
64,73,841,902,905
64,73,873,998,1001
64,75,101,107,363
64,75,101,107,997
64,75,104,107,363
64,75,104,107,1003
64,75,107,997,1003
64,75,133,139,299
64,75,229,235,331
64,75,229,235,363
64,75,229,325,331
64,75,235,328,331
64,75,299,325,331
64,75,299,328,331
64,75,811,901,907
64,75,837,843,875
64,75,837,843,901
64,75,840,843,875
64,75,840,843,907
64,75,843,901,907
64,75,875,997,1003
64,88,89,120,377
64,88,89,120,1017
64,88,89,153,313
64,88,89,249,344
64,88,89,249,377
64,88,89,313,344
64,88,89,825,921
64,88,89,856,889
64,88,89,856,921
64,88,89,889,1017
64,88,93,120,376
64,88,93,120,1021
64,88,93,157,312
64,88,93,253,344
64,88,93,253,376
64,88,93,312,344
64,88,93,824,925
64,88,93,856,888
64,88,93,856,925
64,88,93,888,1021
64,88,120,376,377
64,88,120,1016,1017
64,88,120,1016,1021
64,88,152,153,313
64,88,152,157,312
64,88,152,312,313
64,88,248,249,344
64,88,248,249,377
64,88,248,253,344
64,88,248,253,376
64,88,248,376,377
64,88,312,313,344
64,88,824,825,920
64,88,824,920,925
64,88,825,920,921
64,88,856,888,889
64,88,856,920,921
64,88,856,920,925
64,88,888,889,1016
64,88,888,1016,1021
64,88,889,1016,1017
64,89,94,126,377
64,89,94,126,1022
64,89,94,158,313
64,89,94,254,350
64,89,94,254,377
64,89,94,313,350
64,89,94,825,926
64,89,94,862,889
64,89,94,862,926
64,89,94,889,1022
64,89,120,121,377
64,89,120,121,1017
64,89,121,126,377
64,89,121,126,1022
64,89,121,1017,1022
64,89,153,158,313
64,89,249,254,345
64,89,249,254,377
64,89,249,344,345
64,89,254,345,350
64,89,313,344,345
64,89,313,345,350
64,89,825,921,926
64,89,856,857,889
64,89,856,857,921
64,89,857,862,889
64,89,857,862,926
64,89,857,921,926
64,89,889,1017,1022
64,91,93,125,379
64,91,93,125,1021
64,91,93,157,315
64,91,93,253,349
64,91,93,253,379
64,91,93,315,349
64,91,93,827,925
64,91,93,861,891
64,91,93,861,925
64,91,93,891,1021
64,91,99,123,379
64,91,99,123,1019
64,91,123,125,379
64,91,123,125,1021
64,91,123,1019,1021
64,91,155,157,315
64,91,251,253,347
64,91,251,253,379
64,91,251,323,347
64,91,253,347,349
64,91,315,323,347
64,91,315,347,349
64,91,827,923,925
64,91,835,859,891
64,91,835,859,923
64,91,859,861,891
64,91,859,861,925
64,91,859,923,925
64,91,891,1019,1021
64,93,120,125,381
64,93,120,125,1021
64,93,120,376,381
64,93,125,379,381
64,93,157,312,317
64,93,157,315,317
64,93,253,344,349
64,93,253,376,381
64,93,253,379,381
64,93,312,317,344
64,93,315,317,349
64,93,317,344,349
64,93,824,829,925
64,93,827,829,925
64,93,856,861,893
64,93,856,861,925
64,93,856,888,893
64,93,861,891,893
64,93,888,893,1021
64,93,891,893,1021
64,94,97,126,382
64,94,97,126,1022
64,94,97,353,382
64,94,126,377,382
64,94,158,289,318
64,94,158,313,318
64,94,254,321,350
64,94,254,353,382
64,94,254,377,382
64,94,289,318,321
64,94,313,318,350
64,94,318,321,350
64,94,801,830,926
64,94,825,830,926
64,94,833,862,894
64,94,833,862,926
64,94,833,865,894
64,94,862,889,894
64,94,865,894,1022
64,94,889,894,1022
64,96,97,105,361
64,96,97,105,992
64,96,97,126,382
64,96,97,126,1022
64,96,97,352,361
64,96,97,352,382
64,96,97,992,1022
64,96,99,101,357
64,96,99,101,997
64,96,99,123,379
64,96,99,123,992
64,96,99,352,357
64,96,99,352,379
64,96,99,992,997
64,96,101,107,363
64,96,101,107,997
64,96,101,357,363
64,96,102,104,358
64,96,102,104,998
64,96,102,105,361
64,96,102,105,998
64,96,102,358,361
64,96,104,107,363
64,96,104,107,992
64,96,104,352,358
64,96,104,352,363
64,96,104,992,998
64,96,105,992,998
64,96,107,992,997
64,96,120,121,377
64,96,120,121,992
64,96,120,125,381
64,96,120,125,1021
64,96,120,352,377
64,96,120,352,381
64,96,120,992,1021
64,96,121,126,377
64,96,121,126,1022
64,96,121,992,1022
64,96,123,125,379
64,96,123,125,1021
64,96,123,992,1021
64,96,125,379,381
64,96,126,377,382
64,96,352,357,363
64,96,352,358,361
64,96,352,377,382
64,96,352,379,381
64,97,105,992,1001
64,97,352,353,361
64,97,352,353,382
64,97,992,993,1001
64,97,992,993,1022
64,99,123,992,1019
64,99,352,355,357
64,99,352,355,379
64,99,992,995,997
64,99,992,995,1019
64,104,107,992,1003
64,104,352,358,360
64,104,352,360,363
64,104,992,998,1000
64,104,992,1000,1003
64,105,992,998,1001
64,107,992,997,1003
64,120,121,992,1017
64,120,352,376,377
64,120,352,376,381
64,120,992,1016,1017
64,120,992,1016,1021
64,121,992,1017,1022
64,123,992,1019,1021
64,128,129,137,297
64,128,129,158,288
64,128,129,288,297
64,128,131,133,288
64,128,131,155,315
64,128,131,288,315
64,128,133,139,299
64,128,133,288,299
64,128,134,136,288
64,128,134,137,297
64,128,134,288,297
64,128,136,139,299
64,128,136,288,299
64,128,152,153,313
64,128,152,157,288
64,128,152,288,313
64,128,153,158,313
64,128,155,157,315
64,128,157,288,315
64,128,158,288,313
64,129,158,288,289
64,129,288,289,297
64,131,133,288,291
64,131,288,291,315
64,133,288,291,293
64,133,288,293,299
64,134,136,288,296
64,134,288,294,296
64,134,288,294,297
64,136,288,296,299
64,152,157,288,312
64,152,288,312,313
64,157,288,312,317
64,157,288,315,317
64,158,288,289,318
64,158,288,313,318
64,224,225,233,321
64,224,225,233,361
64,224,225,254,321
64,224,225,254,352
64,224,225,352,361
64,224,227,229,323
64,224,227,229,352
64,224,227,251,323
64,224,227,251,379
64,224,227,352,379
64,224,229,235,331
64,224,229,235,363
64,224,229,320,323
64,224,229,320,331
64,224,229,352,363
64,224,230,232,328
64,224,230,232,352
64,224,230,233,329
64,224,230,233,361
64,224,230,320,328
64,224,230,320,329
64,224,230,352,361
64,224,232,235,328
64,224,232,235,363
64,224,232,352,363
64,224,233,321,329
64,224,235,328,331
64,224,248,249,344
64,224,248,249,377
64,224,248,253,344
64,224,248,253,352
64,224,248,352,377
64,224,249,254,345
64,224,249,254,377
64,224,249,344,345
64,224,251,253,347
64,224,251,253,379
64,224,251,323,347
64,224,253,320,344
64,224,253,320,347
64,224,253,352,379
64,224,254,320,321
64,224,254,320,345
64,224,254,352,377
64,224,320,321,329
64,224,320,323,347
64,224,320,328,331
64,224,320,344,345
64,225,254,352,353
64,225,352,353,361
64,227,229,352,355
64,227,352,355,379
64,229,320,323,325
64,229,320,325,331
64,229,352,355,357
64,229,352,357,363
64,230,232,352,360
64,230,320,326,328
64,230,320,326,329
64,230,352,358,360
64,230,352,358,361
64,232,352,360,363
64,248,253,352,376
64,248,352,376,377
64,253,320,344,349
64,253,320,347,349
64,253,352,376,381
64,253,352,379,381
64,254,320,321,350
64,254,320,345,350
64,254,352,353,382
64,254,352,377,382
64,288,289,297,321
64,288,289,318,321
64,288,291,293,323
64,288,291,315,323
64,288,293,299,320
64,288,293,320,323
64,288,294,296,328
64,288,294,297,320
64,288,294,320,328
64,288,296,299,328
64,288,297,320,321
64,288,299,320,328
64,288,312,313,344
64,288,312,317,344
64,288,313,318,320
64,288,313,320,344
64,288,315,317,320
64,288,315,320,323
64,288,317,320,344
64,288,318,320,321
64,293,299,320,325
64,293,320,323,325
64,294,297,320,326
64,294,320,326,328
64,297,320,321,329
64,297,320,326,329
64,299,320,325,331
64,299,320,328,331
64,313,318,320,350
64,313,320,344,345
64,313,320,345,350
64,315,317,320,349
64,315,320,323,347
64,315,320,347,349
64,317,320,344,349
64,318,320,321,350
64,800,801,809,897
64,800,801,830,926
64,800,801,897,926
64,800,803,805,901
64,800,803,827,899
64,800,803,899,901
64,800,805,811,901
64,800,806,808,902
64,800,806,809,902
64,800,808,811,904
64,800,808,902,904
64,800,809,896,897
64,800,809,896,902
64,800,811,896,901
64,800,811,896,904
64,800,824,825,920
64,800,824,829,925
64,800,824,920,925
64,800,825,830,926
64,800,825,896,920
64,800,825,896,926
64,800,827,829,925
64,800,827,896,899
64,800,827,896,925
64,800,896,897,926
64,800,896,899,901
64,800,896,902,904
64,800,896,920,925
64,809,896,897,905
64,809,896,902,905
64,811,896,901,907
64,811,896,904,907
64,825,896,920,921
64,825,896,921,926
64,827,896,899,923
64,827,896,923,925
64,832,833,841,873
64,832,833,841,896
64,832,833,862,894
64,832,833,862,926
64,832,833,864,873
64,832,833,864,894
64,832,833,896,926
64,832,835,837,869
64,832,835,837,901
64,832,835,859,891
64,832,835,859,896
64,832,835,864,869
64,832,835,864,891
64,832,835,896,901
64,832,837,843,875
64,832,837,843,901
64,832,837,869,875
64,832,838,840,870
64,832,838,840,902
64,832,838,841,873
64,832,838,841,902
64,832,838,870,873
64,832,840,843,875
64,832,840,843,896
64,832,840,864,870
64,832,840,864,875
64,832,840,896,902
64,832,841,896,902
64,832,843,896,901
64,832,856,857,889
64,832,856,857,896
64,832,856,861,893
64,832,856,861,925
64,832,856,864,889
64,832,856,864,893
64,832,856,896,925
64,832,857,862,889
64,832,857,862,926
64,832,857,896,926
64,832,859,861,891
64,832,859,861,925
64,832,859,896,925
64,832,861,891,893
64,832,862,889,894
64,832,864,869,875
64,832,864,870,873
64,832,864,889,894
64,832,864,891,893
64,833,841,896,905
64,833,864,865,873
64,833,864,865,894
64,833,896,897,905
64,833,896,897,926
64,835,859,896,923
64,835,864,867,869
64,835,864,867,891
64,835,896,899,901
64,835,896,899,923
64,840,843,896,907
64,840,864,870,872
64,840,864,872,875
64,840,896,902,904
64,840,896,904,907
64,841,896,902,905
64,843,896,901,907
64,856,857,896,921
64,856,864,888,889
64,856,864,888,893
64,856,896,920,921
64,856,896,920,925
64,857,896,921,926
64,859,896,923,925
64,864,865,873,993
64,864,865,894,1022
64,864,865,993,1022
64,864,867,869,997
64,864,867,891,995
64,864,867,995,997
64,864,869,875,997
64,864,870,872,998
64,864,870,873,998
64,864,872,875,1000
64,864,872,998,1000
64,864,873,992,993
64,864,873,992,998
64,864,875,992,997
64,864,875,992,1000
64,864,888,889,1016
64,864,888,893,1021
64,864,888,1016,1021
64,864,889,894,1022
64,864,889,992,1016
64,864,889,992,1022
64,864,891,893,1021
64,864,891,992,995
64,864,891,992,1021
64,864,992,993,1022
64,864,992,995,997
64,864,992,998,1000
64,864,992,1016,1021
64,873,992,993,1001
64,873,992,998,1001
64,875,992,997,1003
64,875,992,1000,1003
64,889,992,1016,1017
64,889,992,1017,1022
64,891,992,995,1019
64,891,992,1019,1021
65,66,68,97,353
65,66,68,97,996
65,66,68,132,289
65,66,68,228,321
65,66,68,228,353
65,66,68,289,321
65,66,68,801,900
65,66,68,833,865
65,66,68,833,900
65,66,68,865,996
65,66,89,97,377
65,66,89,97,1017
65,66,89,153,313
65,66,89,249,321
65,66,89,249,377
65,66,89,313,321
65,66,89,825,921
65,66,89,833,889
65,66,89,833,921
65,66,89,889,1017
65,66,97,353,377
65,66,97,993,996
65,66,97,993,1017
65,66,129,132,289
65,66,129,153,313
65,66,129,289,313
65,66,225,228,321
65,66,225,228,353
65,66,225,249,321
65,66,225,249,377
65,66,225,353,377
65,66,289,313,321
65,66,801,825,897
65,66,801,897,900
65,66,825,897,921
65,66,833,865,889
65,66,833,897,900
65,66,833,897,921
65,66,865,889,993
65,66,865,993,996
65,66,889,993,1017
65,68,73,97,361
65,68,73,97,996
65,68,73,132,297
65,68,73,228,321
65,68,73,228,361
65,68,73,297,321
65,68,73,809,900
65,68,73,833,873
65,68,73,833,900
65,68,73,873,996
65,68,97,353,361
65,68,132,289,297
65,68,228,353,361
65,68,289,297,321
65,68,801,809,900
65,68,833,865,873
65,68,865,873,996
65,73,97,996,1001
65,73,132,137,297
65,73,228,233,321
65,73,228,233,361
65,73,809,900,905
65,73,833,900,905
65,73,873,996,1001
65,89,94,97,377
65,89,94,97,1022
65,89,94,158,313
65,89,94,254,321
65,89,94,254,377
65,89,94,313,321
65,89,94,825,926
65,89,94,833,889
65,89,94,833,926
65,89,94,889,1022
65,89,97,1017,1022
65,89,153,158,313
65,89,249,254,321
65,89,249,254,377
65,89,825,921,926
65,89,833,921,926
65,89,889,1017,1022
65,94,97,353,377
65,94,158,289,313
65,94,254,353,377
65,94,289,313,321
65,94,801,825,926
65,94,833,865,889
65,94,865,889,1022
65,97,993,996,1001
65,97,993,1017,1022
65,129,132,137,297
65,129,132,289,297
65,129,153,158,313
65,129,158,289,313
65,225,228,233,321
65,225,228,233,361
65,225,228,353,361
65,225,249,254,321
65,225,249,254,377
65,225,254,353,377
65,801,809,897,900
65,801,825,897,926
65,809,897,900,905
65,825,897,921,926
65,833,897,900,905
65,833,897,921,926
65,865,873,993,996
65,865,889,993,1022
65,873,993,996,1001
65,889,993,1017,1022
66,67,75,99,363
66,67,75,99,1003
66,67,75,139,299
66,67,75,235,323
66,67,75,235,363
66,67,75,299,323
66,67,75,811,907
66,67,75,835,875
66,67,75,835,907
66,67,75,875,1003
66,67,95,99,355
66,67,95,99,1023
66,67,95,159,291
66,67,95,255,323
66,67,95,255,355
66,67,95,291,323
66,67,95,803,927
66,67,95,835,867
66,67,95,835,927
66,67,95,867,1023
66,67,99,355,363
66,67,99,995,1003
66,67,99,995,1023
66,67,131,139,299
66,67,131,159,291
66,67,131,291,299
66,67,227,235,323
66,67,227,235,363
66,67,227,255,323
66,67,227,255,355
66,67,227,355,363
66,67,291,299,323
66,67,803,811,899
66,67,803,899,927
66,67,811,899,907
66,67,835,867,875
66,67,835,899,907
66,67,835,899,927
66,67,867,875,995
66,67,867,995,1023
66,67,875,995,1003
66,68,73,100,361
66,68,73,100,996
66,68,73,132,297
66,68,73,228,324
66,68,73,228,361
66,68,73,297,324
66,68,73,809,900
66,68,73,836,873
66,68,73,836,900
66,68,73,873,996
66,68,97,100,356
66,68,97,100,996
66,68,97,353,356
66,68,100,356,361
66,68,132,289,292
66,68,132,292,297
66,68,228,321,324
66,68,228,353,356
66,68,228,356,361
66,68,289,292,321
66,68,292,297,324
66,68,292,321,324
66,68,801,804,900
66,68,804,809,900
66,68,833,836,868
66,68,833,836,900
66,68,833,865,868
66,68,836,868,873
66,68,865,868,996
66,68,868,873,996
66,71,74,106,362
66,71,74,106,999
66,71,74,135,298
66,71,74,231,330
66,71,74,231,362
66,71,74,298,330
66,71,74,810,903
66,71,74,842,874
66,71,74,842,903
66,71,74,874,999
66,71,75,103,363
66,71,75,103,999
66,71,75,135,299
66,71,75,231,327
66,71,75,231,363
66,71,75,299,327
66,71,75,811,903
66,71,75,839,875
66,71,75,839,903
66,71,75,875,999
66,71,103,106,359
66,71,103,106,999
66,71,103,359,363
66,71,106,359,362
66,71,135,295,298
66,71,135,295,299
66,71,231,327,330
66,71,231,359,362
66,71,231,359,363
66,71,295,298,330
66,71,295,299,327
66,71,295,327,330
66,71,807,810,903
66,71,807,811,903
66,71,839,842,871
66,71,839,842,903
66,71,839,871,875
66,71,842,871,874
66,71,871,874,999
66,71,871,875,999
66,73,74,106,361
66,73,74,106,1001
66,73,74,137,297
66,73,74,233,330
66,73,74,233,361
66,73,74,297,330
66,73,74,809,905
66,73,74,842,873
66,73,74,842,905
66,73,74,873,1001
66,73,100,105,361
66,73,100,105,996
66,73,105,106,361
66,73,105,106,1001
66,73,105,996,1001
66,73,132,137,297
66,73,228,233,329
66,73,228,233,361
66,73,228,324,329
66,73,233,329,330
66,73,297,324,329
66,73,297,329,330
66,73,809,900,905
66,73,836,841,873
66,73,836,841,900
66,73,841,842,873
66,73,841,842,905
66,73,841,900,905
66,73,873,996,1001
66,74,106,361,362
66,74,106,999,1002
66,74,106,1001,1002
66,74,135,138,298
66,74,137,138,297
66,74,138,297,298
66,74,231,234,330
66,74,231,234,362
66,74,233,234,330
66,74,233,234,361
66,74,234,361,362
66,74,297,298,330
66,74,809,810,906
66,74,809,905,906
66,74,810,903,906
66,74,842,873,874
66,74,842,903,906
66,74,842,905,906
66,74,873,874,1002
66,74,873,1001,1002
66,74,874,999,1002
66,75,99,107,363
66,75,99,107,1003
66,75,103,107,363
66,75,103,107,999
66,75,107,999,1003
66,75,135,139,299
66,75,231,235,331
66,75,231,235,363
66,75,231,327,331
66,75,235,323,331
66,75,299,323,331
66,75,299,327,331
66,75,811,903,907
66,75,835,843,875
66,75,835,843,907
66,75,839,843,875
66,75,839,843,903
66,75,843,903,907
66,75,875,999,1003
66,89,92,124,377
66,89,92,124,1020
66,89,92,156,313
66,89,92,252,348
66,89,92,252,377
66,89,92,313,348
66,89,92,825,924
66,89,92,860,889
66,89,92,860,924
66,89,92,889,1020
66,89,97,121,377
66,89,97,121,1017
66,89,121,124,377
66,89,121,124,1020
66,89,121,1017,1020
66,89,153,156,313
66,89,249,252,345
66,89,249,252,377
66,89,249,321,345
66,89,252,345,348
66,89,313,321,345
66,89,313,345,348
66,89,825,921,924
66,89,833,857,889
66,89,833,857,921
66,89,857,860,889
66,89,857,860,924
66,89,857,921,924
66,89,889,1017,1020
66,90,91,122,379
66,90,91,122,1019
66,90,91,155,315
66,90,91,251,346
66,90,91,251,379
66,90,91,315,346
66,90,91,827,923
66,90,91,858,891
66,90,91,858,923
66,90,91,891,1019
66,90,92,122,378
66,90,92,122,1020
66,90,92,156,314
66,90,92,252,346
66,90,92,252,378
66,90,92,314,346
66,90,92,826,924
66,90,92,858,890
66,90,92,858,924
66,90,92,890,1020
66,90,122,378,379
66,90,122,1018,1019
66,90,122,1018,1020
66,90,154,155,315
66,90,154,156,314
66,90,154,314,315
66,90,250,251,346
66,90,250,251,379
66,90,250,252,346
66,90,250,252,378
66,90,250,378,379
66,90,314,315,346
66,90,826,827,922
66,90,826,922,924
66,90,827,922,923
66,90,858,890,891
66,90,858,922,923
66,90,858,922,924
66,90,890,891,1018
66,90,890,1018,1020
66,90,891,1018,1019
66,91,95,127,379
66,91,95,127,1023
66,91,95,159,315
66,91,95,255,351
66,91,95,255,379
66,91,95,315,351
66,91,95,827,927
66,91,95,863,891
66,91,95,863,927
66,91,95,891,1023
66,91,122,123,379
66,91,122,123,1019
66,91,123,127,379
66,91,123,127,1023
66,91,123,1019,1023
66,91,155,159,315
66,91,251,255,347
66,91,251,255,379
66,91,251,346,347
66,91,255,347,351
66,91,315,346,347
66,91,315,347,351
66,91,827,923,927
66,91,858,859,891
66,91,858,859,923
66,91,859,863,891
66,91,859,863,927
66,91,859,923,927
66,91,891,1019,1023
66,92,122,124,380
66,92,122,124,1020
66,92,122,378,380
66,92,124,377,380
66,92,156,313,316
66,92,156,314,316
66,92,252,346,348
66,92,252,377,380
66,92,252,378,380
66,92,313,316,348
66,92,314,316,346
66,92,316,346,348
66,92,825,828,924
66,92,826,828,924
66,92,858,860,892
66,92,858,860,924
66,92,858,890,892
66,92,860,889,892
66,92,889,892,1020
66,92,890,892,1020
66,95,99,127,383
66,95,99,127,1023
66,95,99,355,383
66,95,127,379,383
66,95,159,291,319
66,95,159,315,319
66,95,255,323,351
66,95,255,355,383
66,95,255,379,383
66,95,291,319,323
66,95,315,319,351
66,95,319,323,351
66,95,803,831,927
66,95,827,831,927
66,95,835,863,895
66,95,835,863,927
66,95,835,867,895
66,95,863,891,895
66,95,867,895,1023
66,95,891,895,1023
66,97,98,100,356
66,97,98,100,996
66,97,98,121,377
66,97,98,121,994
66,97,98,354,356
66,97,98,354,377
66,97,98,994,996
66,97,121,994,1017
66,97,353,354,356
66,97,353,354,377
66,97,993,994,996
66,97,993,994,1017
66,98,99,107,363
66,98,99,107,994
66,98,99,127,383
66,98,99,127,1023
66,98,99,354,363
66,98,99,354,383
66,98,99,994,1023
66,98,100,105,361
66,98,100,105,996
66,98,100,356,361
66,98,103,106,359
66,98,103,106,999
66,98,103,107,363
66,98,103,107,999
66,98,103,359,363
66,98,105,106,361
66,98,105,106,994
66,98,105,994,996
66,98,106,354,359
66,98,106,354,361
66,98,106,994,999
66,98,107,994,999
66,98,121,124,377
66,98,121,124,1020
66,98,121,994,1020
66,98,122,123,379
66,98,122,123,994
66,98,122,124,380
66,98,122,124,1020
66,98,122,354,379
66,98,122,354,380
66,98,122,994,1020
66,98,123,127,379
66,98,123,127,1023
66,98,123,994,1023
66,98,124,377,380
66,98,127,379,383
66,98,354,356,361
66,98,354,359,363
66,98,354,377,380
66,98,354,379,383
66,99,107,994,1003
66,99,354,355,363
66,99,354,355,383
66,99,994,995,1003
66,99,994,995,1023
66,105,106,994,1001
66,105,994,996,1001
66,106,354,359,362
66,106,354,361,362
66,106,994,999,1002
66,106,994,1001,1002
66,107,994,999,1003
66,121,994,1017,1020
66,122,123,994,1019
66,122,354,378,379
66,122,354,378,380
66,122,994,1018,1019
66,122,994,1018,1020
66,123,994,1019,1023
66,129,130,132,290
66,129,130,153,313
66,129,130,290,313
66,129,132,289,290
66,129,289,290,313
66,130,131,139,299
66,130,131,159,290
66,130,131,290,299
66,130,132,137,297
66,130,132,290,297
66,130,135,138,290
66,130,135,139,299
66,130,135,290,299
66,130,137,138,297
66,130,138,290,297
66,130,153,156,313
66,130,154,155,315
66,130,154,156,290
66,130,154,290,315
66,130,155,159,315
66,130,156,290,313
66,130,159,290,315
66,131,159,290,291
66,131,290,291,299
66,132,289,290,292
66,132,290,292,297
66,135,138,290,298
66,135,290,295,298
66,135,290,295,299
66,138,290,297,298
66,154,156,290,314
66,154,290,314,315
66,156,290,313,316
66,156,290,314,316
66,159,290,291,319
66,159,290,315,319
66,225,226,228,321
66,225,226,228,354
66,225,226,249,321
66,225,226,249,377
66,225,226,354,377
66,225,228,353,354
66,225,353,354,377
66,226,227,235,323
66,226,227,235,363
66,226,227,255,323
66,226,227,255,354
66,226,227,354,363
66,226,228,233,329
66,226,228,233,361
66,226,228,321,322
66,226,228,322,329
66,226,228,354,361
66,226,231,234,330
66,226,231,234,354
66,226,231,235,331
66,226,231,235,363
66,226,231,322,330
66,226,231,322,331
66,226,231,354,363
66,226,233,234,330
66,226,233,234,361
66,226,233,329,330
66,226,234,354,361
66,226,235,323,331
66,226,249,252,345
66,226,249,252,377
66,226,249,321,345
66,226,250,251,346
66,226,250,251,379
66,226,250,252,346
66,226,250,252,354
66,226,250,354,379
66,226,251,255,347
66,226,251,255,379
66,226,251,346,347
66,226,252,322,345
66,226,252,322,346
66,226,252,354,377
66,226,255,322,323
66,226,255,322,347
66,226,255,354,379
66,226,321,322,345
66,226,322,323,331
66,226,322,329,330
66,226,322,346,347
66,227,255,354,355
66,227,354,355,363
66,228,321,322,324
66,228,322,324,329
66,228,353,354,356
66,228,354,356,361
66,231,234,354,362
66,231,322,327,330
66,231,322,327,331
66,231,354,359,362
66,231,354,359,363
66,234,354,361,362
66,250,252,354,378
66,250,354,378,379
66,252,322,345,348
66,252,322,346,348
66,252,354,377,380
66,252,354,378,380
66,255,322,323,351
66,255,322,347,351
66,255,354,355,383
66,255,354,379,383
66,289,290,292,321
66,289,290,313,321
66,290,291,299,323
66,290,291,319,323
66,290,292,297,322
66,290,292,321,322
66,290,295,298,330
66,290,295,299,322
66,290,295,322,330
66,290,297,298,330
66,290,297,322,330
66,290,299,322,323
66,290,313,316,322
66,290,313,321,322
66,290,314,315,346
66,290,314,316,346
66,290,315,319,322
66,290,315,322,346
66,290,316,322,346
66,290,319,322,323
66,292,297,322,324
66,292,321,322,324
66,295,299,322,327
66,295,322,327,330
66,297,322,324,329
66,297,322,329,330
66,299,322,323,331
66,299,322,327,331
66,313,316,322,348
66,313,321,322,345
66,313,322,345,348
66,315,319,322,351
66,315,322,346,347
66,315,322,347,351
66,316,322,346,348
66,319,322,323,351
66,801,802,804,900
66,801,802,825,897
66,801,802,897,900
66,802,803,811,899
66,802,803,831,927
66,802,803,899,927
66,802,804,809,900
66,802,807,810,903
66,802,807,811,903
66,802,809,810,906
66,802,809,898,900
66,802,809,898,906
66,802,810,903,906
66,802,811,898,899
66,802,811,898,903
66,802,825,828,924
66,802,825,897,898
66,802,825,898,924
66,802,826,827,922
66,802,826,828,924
66,802,826,922,924
66,802,827,831,927
66,802,827,898,922
66,802,827,898,927
66,802,897,898,900
66,802,898,899,927
66,802,898,903,906
66,802,898,922,924
66,809,898,900,905
66,809,898,905,906
66,811,898,899,907
66,811,898,903,907
66,825,897,898,921
66,825,898,921,924
66,827,898,922,923
66,827,898,923,927
66,833,834,836,868
66,833,834,836,900
66,833,834,857,889
66,833,834,857,898
66,833,834,866,868
66,833,834,866,889
66,833,834,898,900
66,833,857,898,921
66,833,865,866,868
66,833,865,866,889
66,833,897,898,900
66,833,897,898,921
66,834,835,843,875
66,834,835,843,898
66,834,835,863,895
66,834,835,863,927
66,834,835,866,875
66,834,835,866,895
66,834,835,898,927
66,834,836,841,873
66,834,836,841,900
66,834,836,868,873
66,834,839,842,871
66,834,839,842,903
66,834,839,843,875
66,834,839,843,903
66,834,839,871,875
66,834,841,842,873
66,834,841,842,898
66,834,841,898,900
66,834,842,866,871
66,834,842,866,873
66,834,842,898,903
66,834,843,898,903
66,834,857,860,889
66,834,857,860,924
66,834,857,898,924
66,834,858,859,891
66,834,858,859,898
66,834,858,860,892
66,834,858,860,924
66,834,858,866,891
66,834,858,866,892
66,834,858,898,924
66,834,859,863,891
66,834,859,863,927
66,834,859,898,927
66,834,860,889,892
66,834,863,891,895
66,834,866,868,873
66,834,866,871,875
66,834,866,889,892
66,834,866,891,895
66,835,843,898,907
66,835,866,867,875
66,835,866,867,895
66,835,898,899,907
66,835,898,899,927
66,841,842,898,905
66,841,898,900,905
66,842,866,871,874
66,842,866,873,874
66,842,898,903,906
66,842,898,905,906
66,843,898,903,907
66,857,898,921,924
66,858,859,898,923
66,858,866,890,891
66,858,866,890,892
66,858,898,922,923
66,858,898,922,924
66,859,898,923,927
66,865,866,868,996
66,865,866,889,993
66,865,866,993,996
66,866,867,875,995
66,866,867,895,1023
66,866,867,995,1023
66,866,868,873,996
66,866,871,874,999
66,866,871,875,999
66,866,873,874,1002
66,866,873,994,996
66,866,873,994,1002
66,866,874,999,1002
66,866,875,994,995
66,866,875,994,999
66,866,889,892,1020
66,866,889,993,994
66,866,889,994,1020
66,866,890,891,1018
66,866,890,892,1020
66,866,890,1018,1020
66,866,891,895,1023
66,866,891,994,1018
66,866,891,994,1023
66,866,993,994,996
66,866,994,995,1023
66,866,994,999,1002
66,866,994,1018,1020
66,873,994,996,1001
66,873,994,1001,1002
66,875,994,995,1003
66,875,994,999,1003
66,889,993,994,1017
66,889,994,1017,1020
66,891,994,1018,1019
66,891,994,1019,1023
67,69,75,99,363
67,69,75,99,997
67,69,75,133,299
67,69,75,229,323
67,69,75,229,363
67,69,75,299,323
67,69,75,811,901
67,69,75,835,875
67,69,75,835,901
67,69,75,875,997
67,69,99,355,363
67,69,133,291,299
67,69,229,355,363
67,69,291,299,323
67,69,803,811,901
67,69,835,867,875
67,69,867,875,997
67,75,99,997,1003
67,75,133,139,299
67,75,229,235,323
67,75,229,235,363
67,75,811,901,907
67,75,835,901,907
67,75,875,997,1003
67,91,95,99,379
67,91,95,99,1023
67,91,95,159,315
67,91,95,255,323
67,91,95,255,379
67,91,95,315,323
67,91,95,827,927
67,91,95,835,891
67,91,95,835,927
67,91,95,891,1023
67,91,99,1019,1023
67,91,155,159,315
67,91,251,255,323
67,91,251,255,379
67,91,827,923,927
67,91,835,923,927
67,91,891,1019,1023
67,95,99,355,379
67,95,159,291,315
67,95,255,355,379
67,95,291,315,323
67,95,803,827,927
67,95,835,867,891
67,95,867,891,1023
67,99,995,997,1003
67,99,995,1019,1023
67,131,133,139,299
67,131,133,291,299
67,131,155,159,315
67,131,159,291,315
67,227,229,235,323
67,227,229,235,363
67,227,229,355,363
67,227,251,255,323
67,227,251,255,379
67,227,255,355,379
67,803,811,899,901
67,803,827,899,927
67,811,899,901,907
67,827,899,923,927
67,835,899,901,907
67,835,899,923,927
67,867,875,995,997
67,867,891,995,1023
67,875,995,997,1003
67,891,995,1019,1023
68,73,97,100,361
68,73,97,100,996
68,73,228,321,324
68,73,297,321,324
68,73,833,836,873
68,73,833,836,900
68,97,100,356,361
68,97,353,356,361
68,132,289,292,297
68,228,353,356,361
68,289,292,297,321
68,292,297,321,324
68,801,804,809,900
68,833,836,868,873
68,833,865,868,873
68,865,868,873,996
69,75,99,101,363
69,75,99,101,997
69,75,229,323,325
69,75,299,323,325
69,75,835,837,875
69,75,835,837,901
69,99,101,357,363
69,99,355,357,363
69,133,291,293,299
69,229,355,357,363
69,291,293,299,323
69,293,299,323,325
69,803,805,811,901
69,835,837,869,875
69,835,867,869,875
69,867,869,875,997
70,72,73,104,361
70,72,73,104,998
70,72,73,134,297
70,72,73,230,328
70,72,73,230,361
70,72,73,297,328
70,72,73,809,902
70,72,73,840,873
70,72,73,840,902
70,72,73,873,998
70,72,104,360,361
70,72,134,296,297
70,72,230,360,361
70,72,296,297,328
70,72,808,809,902
70,72,840,872,873
70,72,872,873,998
70,73,102,104,361
70,73,102,104,998
70,73,230,326,328
70,73,297,326,328
70,73,838,840,873
70,73,838,840,902
70,102,104,358,361
70,104,358,360,361
70,134,294,296,297
70,230,358,360,361
70,294,296,297,328
70,294,297,326,328
70,806,808,809,902
70,838,840,870,873
70,840,870,872,873
70,870,872,873,998
71,74,75,106,363
71,74,75,106,999
71,74,75,135,299
71,74,75,231,330
71,74,75,231,363
71,74,75,299,330
71,74,75,811,903
71,74,75,842,875
71,74,75,842,903
71,74,75,875,999
71,74,106,362,363
71,74,135,298,299
71,74,231,362,363
71,74,298,299,330
71,74,810,811,903
71,74,842,874,875
71,74,874,875,999
71,75,103,106,363
71,75,103,106,999
71,75,231,327,330
71,75,299,327,330
71,75,839,842,875
71,75,839,842,903
71,103,106,359,363
71,106,359,362,363
71,135,295,298,299
71,231,359,362,363
71,295,298,299,330
71,295,299,327,330
71,807,810,811,903
71,839,842,871,875
71,842,871,874,875
71,871,874,875,999
72,73,80,104,361
72,73,80,104,1001
72,73,80,137,297
72,73,80,233,328
72,73,80,233,361
72,73,80,297,328
72,73,80,809,905
72,73,80,840,873
72,73,80,840,905
72,73,80,873,1001
72,73,104,998,1001
72,73,134,137,297
72,73,230,233,328
72,73,230,233,361
72,73,809,902,905
72,73,840,902,905
72,73,873,998,1001
72,75,77,104,363
72,75,77,104,1005
72,75,77,141,299
72,75,77,237,328
72,75,77,237,363
72,75,77,299,328
72,75,77,811,909
72,75,77,840,875
72,75,77,840,909
72,75,77,875,1005
72,75,104,1003,1005
72,75,139,141,299
72,75,235,237,328
72,75,235,237,363
72,75,811,907,909
72,75,840,907,909
72,75,875,1003,1005
72,77,80,104,360
72,77,80,104,1005
72,77,80,141,296
72,77,80,237,328
72,77,80,237,360
72,77,80,296,328
72,77,80,808,909
72,77,80,840,872
72,77,80,840,909
72,77,80,872,1005
72,77,104,360,363
72,77,141,296,299
72,77,237,360,363
72,77,296,299,328
72,77,808,811,909
72,77,840,872,875
72,77,872,875,1005
72,80,104,360,361
72,80,104,1000,1001
72,80,104,1000,1005
72,80,136,137,297
72,80,136,141,296
72,80,136,296,297
72,80,232,233,328
72,80,232,233,361
72,80,232,237,328
72,80,232,237,360
72,80,232,360,361
72,80,296,297,328
72,80,808,809,904
72,80,808,904,909
72,80,809,904,905
72,80,840,872,873
72,80,840,904,905
72,80,840,904,909
72,80,872,873,1000
72,80,872,1000,1005
72,80,873,1000,1001
72,104,998,1000,1001
72,104,1000,1003,1005
72,134,136,137,297
72,134,136,296,297
72,136,139,141,299
72,136,141,296,299
72,230,232,233,328
72,230,232,233,361
72,230,232,360,361
72,232,235,237,328
72,232,235,237,363
72,232,237,360,363
72,808,809,902,904
72,808,811,904,909
72,809,902,904,905
72,811,904,907,909
72,840,902,904,905
72,840,904,907,909
72,872,873,998,1000
72,872,875,1000,1005
72,873,998,1000,1001
72,875,1000,1003,1005
73,74,76,106,361
73,74,76,106,1004
73,74,76,140,297
73,74,76,236,330
73,74,76,236,361
73,74,76,297,330
73,74,76,809,908
73,74,76,842,873
73,74,76,842,908
73,74,76,873,1004
73,74,106,1001,1004
73,74,137,140,297
73,74,233,236,330
73,74,233,236,361
73,74,809,905,908
73,74,842,905,908
73,74,873,1001,1004
73,76,82,108,361
73,76,82,108,1004
73,76,82,140,297
73,76,82,236,332
73,76,82,236,361
73,76,82,297,332
73,76,82,809,908
73,76,82,844,873
73,76,82,844,908
73,76,82,873,1004
73,76,106,108,361
73,76,106,108,1004
73,76,236,330,332
73,76,297,330,332
73,76,842,844,873
73,76,842,844,908
73,78,80,110,361
73,78,80,110,1006
73,78,80,142,297
73,78,80,238,334
73,78,80,238,361
73,78,80,297,334
73,78,80,809,910
73,78,80,846,873
73,78,80,846,910
73,78,80,873,1006
73,78,81,113,361
73,78,81,113,1006
73,78,81,142,297
73,78,81,238,337
73,78,81,238,361
73,78,81,297,337
73,78,81,809,910
73,78,81,849,873
73,78,81,849,910
73,78,81,873,1006
73,78,110,113,361
73,78,110,113,1006
73,78,238,334,337
73,78,297,334,337
73,78,846,849,873
73,78,846,849,910
73,80,104,105,361
73,80,104,105,1001
73,80,105,110,361
73,80,105,110,1006
73,80,105,1001,1006
73,80,137,142,297
73,80,233,238,329
73,80,233,238,361
73,80,233,328,329
73,80,238,329,334
73,80,297,328,329
73,80,297,329,334
73,80,809,905,910
73,80,840,841,873
73,80,840,841,905
73,80,841,846,873
73,80,841,846,910
73,80,841,905,910
73,80,873,1001,1006
73,81,82,113,361
73,81,82,113,1001
73,81,82,137,297
73,81,82,233,337
73,81,82,233,361
73,81,82,297,337
73,81,82,809,905
73,81,82,849,873
73,81,82,849,905
73,81,82,873,1001
73,81,113,1001,1006
73,81,137,142,297
73,81,233,238,337
73,81,233,238,361
73,81,809,905,910
73,81,849,905,910
73,81,873,1001,1006
73,82,105,108,361
73,82,105,108,1004
73,82,105,113,361
73,82,105,113,1001
73,82,105,1001,1004
73,82,137,140,297
73,82,233,236,329
73,82,233,236,361
73,82,233,329,337
73,82,236,329,332
73,82,297,329,332
73,82,297,329,337
73,82,809,905,908
73,82,841,844,873
73,82,841,844,908
73,82,841,849,873
73,82,841,849,905
73,82,841,905,908
73,82,873,1001,1004
73,97,100,105,361
73,97,100,105,996
73,97,105,996,1001
73,102,104,105,361
73,102,104,105,998
73,104,105,998,1001
73,105,106,108,361
73,105,106,108,1004
73,105,106,1001,1004
73,105,110,113,361
73,105,110,113,1006
73,105,113,1001,1006
73,228,233,321,329
73,228,321,324,329
73,230,233,328,329
73,230,326,328,329
73,233,236,329,330
73,233,238,329,337
73,236,329,330,332
73,238,329,334,337
73,297,321,324,329
73,297,326,328,329
73,297,329,330,332
73,297,329,334,337
73,833,836,841,873
73,833,836,841,900
73,833,841,900,905
73,838,840,841,873
73,838,840,841,902
73,840,841,902,905
73,841,842,844,873
73,841,842,844,908
73,841,842,905,908
73,841,846,849,873
73,841,846,849,910
73,841,849,905,910
74,75,82,106,363
74,75,82,106,1003
74,75,82,139,299
74,75,82,235,330
74,75,82,235,363
74,75,82,299,330
74,75,82,811,907
74,75,82,842,875
74,75,82,842,907
74,75,82,875,1003
74,75,106,999,1003
74,75,135,139,299
74,75,231,235,330
74,75,231,235,363
74,75,811,903,907
74,75,842,903,907
74,75,875,999,1003
74,76,82,106,362
74,76,82,106,1004
74,76,82,140,298
74,76,82,236,330
74,76,82,236,362
74,76,82,298,330
74,76,82,810,908
74,76,82,842,874
74,76,82,842,908
74,76,82,874,1004
74,76,106,361,362
74,76,140,297,298
74,76,236,361,362
74,76,297,298,330
74,76,809,810,908
74,76,842,873,874
74,76,873,874,1004
74,82,106,362,363
74,82,106,1002,1003
74,82,106,1002,1004
74,82,138,139,299
74,82,138,140,298
74,82,138,298,299
74,82,234,235,330
74,82,234,235,363
74,82,234,236,330
74,82,234,236,362
74,82,234,362,363
74,82,298,299,330
74,82,810,811,906
74,82,810,906,908
74,82,811,906,907
74,82,842,874,875
74,82,842,906,907
74,82,842,906,908
74,82,874,875,1002
74,82,874,1002,1004
74,82,875,1002,1003
74,106,999,1002,1003
74,106,1001,1002,1004
74,135,138,139,299
74,135,138,298,299
74,137,138,140,297
74,138,140,297,298
74,231,234,235,330
74,231,234,235,363
74,231,234,362,363
74,233,234,236,330
74,233,234,236,361
74,234,236,361,362
74,809,810,906,908
74,809,905,906,908
74,810,811,903,906
74,811,903,906,907
74,842,903,906,907
74,842,905,906,908
74,873,874,1002,1004
74,873,1001,1002,1004
74,874,875,999,1002
74,875,999,1002,1003
75,77,80,109,363
75,77,80,109,1005
75,77,80,141,299
75,77,80,237,333
75,77,80,237,363
75,77,80,299,333
75,77,80,811,909
75,77,80,845,875
75,77,80,845,909
75,77,80,875,1005
75,77,104,109,363
75,77,104,109,1005
75,77,237,328,333
75,77,299,328,333
75,77,840,845,875
75,77,840,845,909
75,79,82,111,363
75,79,82,111,1007
75,79,82,143,299
75,79,82,239,335
75,79,82,239,363
75,79,82,299,335
75,79,82,811,911
75,79,82,847,875
75,79,82,847,911
75,79,82,875,1007
75,79,83,115,363
75,79,83,115,1007
75,79,83,143,299
75,79,83,239,339
75,79,83,239,363
75,79,83,299,339
75,79,83,811,911
75,79,83,851,875
75,79,83,851,911
75,79,83,875,1007
75,79,111,115,363
75,79,111,115,1007
75,79,239,335,339
75,79,299,335,339
75,79,847,851,875
75,79,847,851,911
75,80,83,115,363
75,80,83,115,1003
75,80,83,139,299
75,80,83,235,339
75,80,83,235,363
75,80,83,299,339
75,80,83,811,907
75,80,83,851,875
75,80,83,851,907
75,80,83,875,1003
75,80,107,109,363
75,80,107,109,1005
75,80,107,115,363
75,80,107,115,1003
75,80,107,1003,1005
75,80,139,141,299
75,80,235,237,331
75,80,235,237,363
75,80,235,331,339
75,80,237,331,333
75,80,299,331,333
75,80,299,331,339
75,80,811,907,909
75,80,843,845,875
75,80,843,845,909
75,80,843,851,875
75,80,843,851,907
75,80,843,907,909
75,80,875,1003,1005
75,82,106,107,363
75,82,106,107,1003
75,82,107,111,363
75,82,107,111,1007
75,82,107,1003,1007
75,82,139,143,299
75,82,235,239,331
75,82,235,239,363
75,82,235,330,331
75,82,239,331,335
75,82,299,330,331
75,82,299,331,335
75,82,811,907,911
75,82,842,843,875
75,82,842,843,907
75,82,843,847,875
75,82,843,847,911
75,82,843,907,911
75,82,875,1003,1007
75,83,115,1003,1007
75,83,139,143,299
75,83,235,239,339
75,83,235,239,363
75,83,811,907,911
75,83,851,907,911
75,83,875,1003,1007
75,99,101,107,363
75,99,101,107,997
75,99,107,997,1003
75,103,106,107,363
75,103,106,107,999
75,104,107,109,363
75,104,107,109,1005
75,104,107,1003,1005
75,106,107,999,1003
75,107,111,115,363
75,107,111,115,1007
75,107,115,1003,1007
75,229,235,323,331
75,229,323,325,331
75,231,235,330,331
75,231,327,330,331
75,235,237,328,331
75,235,239,331,339
75,237,328,331,333
75,239,331,335,339
75,299,323,325,331
75,299,327,330,331
75,299,328,331,333
75,299,331,335,339
75,835,837,843,875
75,835,837,843,901
75,835,843,901,907
75,839,842,843,875
75,839,842,843,903
75,840,843,845,875
75,840,843,845,909
75,840,843,907,909
75,842,843,903,907
75,843,847,851,875
75,843,847,851,911
75,843,851,907,911
76,82,106,108,364
76,82,106,108,1004
76,82,106,362,364
76,82,108,361,364
76,82,140,297,300
76,82,140,298,300
76,82,236,330,332
76,82,236,361,364
76,82,236,362,364
76,82,297,300,332
76,82,298,300,330
76,82,300,330,332
76,82,809,812,908
76,82,810,812,908
76,82,842,844,876
76,82,842,844,908
76,82,842,874,876
76,82,844,873,876
76,82,873,876,1004
76,82,874,876,1004
76,106,108,361,364
76,106,361,362,364
76,140,297,298,300
76,236,361,362,364
76,297,298,300,330
76,297,300,330,332
76,809,810,812,908
76,842,844,873,876
76,842,873,874,876
76,873,874,876,1004
77,80,104,109,365
77,80,104,109,1005
77,80,104,360,365
77,80,109,363,365
77,80,141,296,301
77,80,141,299,301
77,80,237,328,333
77,80,237,360,365
77,80,237,363,365
77,80,296,301,328
77,80,299,301,333
77,80,301,328,333
77,80,808,813,909
77,80,811,813,909
77,80,840,845,877
77,80,840,845,909
77,80,840,872,877
77,80,845,875,877
77,80,872,877,1005
77,80,875,877,1005
77,104,109,363,365
77,104,360,363,365
77,141,296,299,301
77,237,360,363,365
77,296,299,301,328
77,299,301,328,333
77,808,811,813,909
77,840,845,875,877
77,840,872,875,877
77,872,875,877,1005
78,80,81,113,369
78,80,81,113,1006
78,80,81,142,305
78,80,81,238,337
78,80,81,238,369
78,80,81,305,337
78,80,81,817,910
78,80,81,849,881
78,80,81,849,910
78,80,81,881,1006
78,80,110,113,366
78,80,110,113,1006
78,80,110,361,366
78,80,113,366,369
78,80,142,297,302
78,80,142,302,305
78,80,238,334,337
78,80,238,361,366
78,80,238,366,369
78,80,297,302,334
78,80,302,305,337
78,80,302,334,337
78,80,809,814,910
78,80,814,817,910
78,80,846,849,878
78,80,846,849,910
78,80,846,873,878
78,80,849,878,881
78,80,873,878,1006
78,80,878,881,1006
78,81,113,361,369
78,81,142,297,305
78,81,238,361,369
78,81,297,305,337
78,81,809,817,910
78,81,849,873,881
78,81,873,881,1006
78,110,113,361,366
78,113,361,366,369
78,142,297,302,305
78,238,361,366,369
78,297,302,305,337
78,297,302,334,337
78,809,814,817,910
78,846,849,873,878
78,849,873,878,881
78,873,878,881,1006
79,82,83,115,371
79,82,83,115,1007
79,82,83,143,307
79,82,83,239,339
79,82,83,239,371
79,82,83,307,339
79,82,83,819,911
79,82,83,851,883
79,82,83,851,911
79,82,83,883,1007
79,82,111,115,367
79,82,111,115,1007
79,82,111,363,367
79,82,115,367,371
79,82,143,299,303
79,82,143,303,307
79,82,239,335,339
79,82,239,363,367
79,82,239,367,371
79,82,299,303,335
79,82,303,307,339
79,82,303,335,339
79,82,811,815,911
79,82,815,819,911
79,82,847,851,879
79,82,847,851,911
79,82,847,875,879
79,82,851,879,883
79,82,875,879,1007
79,82,879,883,1007
79,83,115,363,371
79,83,143,299,307
79,83,239,363,371
79,83,299,307,339
79,83,811,819,911
79,83,851,875,883
79,83,875,883,1007
79,111,115,363,367
79,115,363,367,371
79,143,299,303,307
79,239,363,367,371
79,299,303,307,339
79,299,303,335,339
79,811,815,819,911
79,847,851,875,879
79,851,875,879,883
79,875,879,883,1007
80,81,89,113,377
80,81,89,113,1017
80,81,89,153,313
80,81,89,249,337
80,81,89,249,377
80,81,89,313,337
80,81,89,825,921
80,81,89,849,889
80,81,89,849,921
80,81,89,889,1017
80,81,113,369,377
80,81,113,1006,1009
80,81,113,1009,1017
80,81,142,145,305
80,81,145,153,313
80,81,145,305,313
80,81,238,241,337
80,81,238,241,369
80,81,241,249,337
80,81,241,249,377
80,81,241,369,377
80,81,305,313,337
80,81,817,825,913
80,81,817,910,913
80,81,825,913,921
80,81,849,881,889
80,81,849,910,913
80,81,849,913,921
80,81,881,889,1009
80,81,881,1006,1009
80,81,889,1009,1017
80,83,85,115,371
80,83,85,115,1013
80,83,85,149,307
80,83,85,245,339
80,83,85,245,371
80,83,85,307,339
80,83,85,819,917
80,83,85,851,883
80,83,85,851,917
80,83,85,883,1013
80,83,115,363,371
80,83,115,1003,1011
80,83,115,1011,1013
80,83,139,147,299
80,83,147,149,307
80,83,147,299,307
80,83,235,243,339
80,83,235,243,363
80,83,243,245,339
80,83,243,245,371
80,83,243,363,371
80,83,299,307,339
80,83,811,819,915
80,83,811,907,915
80,83,819,915,917
80,83,851,875,883
80,83,851,907,915
80,83,851,915,917
80,83,875,883,1011
80,83,875,1003,1011
80,83,883,1011,1013
80,85,91,117,379
80,85,91,117,1013
80,85,91,149,315
80,85,91,245,341
80,85,91,245,379
80,85,91,315,341
80,85,91,827,917
80,85,91,853,891
80,85,91,853,917
80,85,91,891,1013
80,85,115,117,373
80,85,115,117,1013
80,85,115,371,373
80,85,117,373,379
80,85,149,307,309
80,85,149,309,315
80,85,245,339,341
80,85,245,371,373
80,85,245,373,379
80,85,307,309,339
80,85,309,315,341
80,85,309,339,341
80,85,819,821,917
80,85,821,827,917
80,85,851,853,885
80,85,851,853,917
80,85,851,883,885
80,85,853,885,891
80,85,883,885,1013
80,85,885,891,1013
80,86,88,120,376
80,86,88,120,1014
80,86,88,150,312
80,86,88,246,344
80,86,88,246,376
80,86,88,312,344
80,86,88,824,918
80,86,88,856,888
80,86,88,856,918
80,86,88,888,1014
80,86,89,118,377
80,86,89,118,1014
80,86,89,150,313
80,86,89,246,342
80,86,89,246,377
80,86,89,313,342
80,86,89,825,918
80,86,89,854,889
80,86,89,854,918
80,86,89,889,1014
80,86,118,120,374
80,86,118,120,1014
80,86,118,374,377
80,86,120,374,376
80,86,150,310,312
80,86,150,310,313
80,86,246,342,344
80,86,246,374,376
80,86,246,374,377
80,86,310,312,344
80,86,310,313,342
80,86,310,342,344
80,86,822,824,918
80,86,822,825,918
80,86,854,856,886
80,86,854,856,918
80,86,854,886,889
80,86,856,886,888
80,86,886,888,1014
80,86,886,889,1014
80,88,91,120,379
80,88,91,120,1019
80,88,91,155,315
80,88,91,251,344
80,88,91,251,379
80,88,91,315,344
80,88,91,827,923
80,88,91,856,891
80,88,91,856,923
80,88,91,891,1019
80,88,120,376,379
80,88,120,1014,1016
80,88,120,1016,1019
80,88,150,152,312
80,88,152,155,315
80,88,152,312,315
80,88,246,248,344
80,88,246,248,376
80,88,248,251,344
80,88,248,251,379
80,88,248,376,379
80,88,312,315,344
80,88,824,827,920
80,88,824,918,920
80,88,827,920,923
80,88,856,888,891
80,88,856,918,920
80,88,856,920,923
80,88,888,891,1016
80,88,888,1014,1016
80,88,891,1016,1019
80,89,113,121,377
80,89,113,121,1017
80,89,118,121,377
80,89,118,121,1014
80,89,121,1014,1017
80,89,150,153,313
80,89,246,249,345
80,89,246,249,377
80,89,246,342,345
80,89,249,337,345
80,89,313,337,345
80,89,313,342,345
80,89,825,918,921
80,89,849,857,889
80,89,849,857,921
80,89,854,857,889
80,89,854,857,918
80,89,857,918,921
80,89,889,1014,1017
80,91,117,123,379
80,91,117,123,1013
80,91,120,123,379
80,91,120,123,1019
80,91,123,1013,1019
80,91,149,155,315
80,91,245,251,347
80,91,245,251,379
80,91,245,341,347
80,91,251,344,347
80,91,315,341,347
80,91,315,344,347
80,91,827,917,923
80,91,853,859,891
80,91,853,859,917
80,91,856,859,891
80,91,856,859,923
80,91,859,917,923
80,91,891,1013,1019
80,104,105,112,361
80,104,105,112,1008
80,104,105,1001,1008
80,104,109,112,365
80,104,109,112,1005
80,104,112,361,368
80,104,112,365,368
80,104,112,1005,1008
80,104,360,361,368
80,104,360,365,368
80,104,1000,1001,1008
80,104,1000,1005,1008
80,105,110,112,361
80,105,110,112,1006
80,105,112,1006,1008
80,105,1001,1006,1008
80,107,109,112,363
80,107,109,112,1005
80,107,112,115,363
80,107,112,115,1008
80,107,112,1005,1008
80,107,115,1003,1008
80,107,1003,1005,1008
80,109,112,363,365
80,110,112,113,366
80,110,112,113,1006
80,110,112,361,366
80,112,113,121,377
80,112,113,121,1008
80,112,113,366,368
80,112,113,368,377
80,112,113,1006,1008
80,112,115,117,373
80,112,115,117,1013
80,112,115,363,368
80,112,115,368,373
80,112,115,1008,1013
80,112,117,123,379
80,112,117,123,1013
80,112,117,373,379
80,112,118,120,374
80,112,118,120,1014
80,112,118,121,377
80,112,118,121,1014
80,112,118,374,377
80,112,120,123,379
80,112,120,123,1008
80,112,120,368,374
80,112,120,368,379
80,112,120,1008,1014
80,112,121,1008,1014
80,112,123,1008,1013
80,112,361,366,368
80,112,363,365,368
80,112,368,373,379
80,112,368,374,377
80,113,121,1008,1017
80,113,366,368,369
80,113,368,369,377
80,113,1006,1008,1009
80,113,1008,1009,1017
80,115,363,368,371
80,115,368,371,373
80,115,1003,1008,1011
80,115,1008,1011,1013
80,120,123,1008,1019
80,120,368,374,376
80,120,368,376,379
80,120,1008,1014,1016
80,120,1008,1016,1019
80,121,1008,1014,1017
80,123,1008,1013,1019
80,136,137,144,297
80,136,141,144,304
80,136,141,296,304
80,136,144,297,304
80,136,296,297,304
80,137,142,144,297
80,139,141,144,299
80,139,144,147,299
80,141,144,299,304
80,141,296,301,304
80,141,299,301,304
80,142,144,145,304
80,142,144,297,304
80,142,145,304,305
80,142,297,302,304
80,142,302,304,305
80,144,145,153,313
80,144,145,304,313
80,144,147,149,304
80,144,147,299,304
80,144,149,155,315
80,144,149,304,315
80,144,150,152,304
80,144,150,153,313
80,144,150,304,313
80,144,152,155,315
80,144,152,304,315
80,145,304,305,313
80,147,149,304,307
80,147,299,304,307
80,149,304,307,309
80,149,304,309,315
80,150,152,304,312
80,150,304,310,312
80,150,304,310,313
80,152,304,312,315
80,232,233,240,328
80,232,233,240,361
80,232,237,240,328
80,232,237,240,368
80,232,237,360,368
80,232,240,361,368
80,232,360,361,368
80,233,238,240,329
80,233,238,240,361
80,233,240,328,329
80,235,237,240,331
80,235,237,240,363
80,235,240,243,339
80,235,240,243,363
80,235,240,331,339
80,237,240,328,336
80,237,240,331,336
80,237,240,363,368
80,237,328,333,336
80,237,331,333,336
80,237,360,365,368
80,237,363,365,368
80,238,240,241,337
80,238,240,241,368
80,238,240,329,336
80,238,240,336,337
80,238,240,361,368
80,238,241,368,369
80,238,329,334,336
80,238,334,336,337
80,238,361,366,368
80,238,366,368,369
80,240,241,249,337
80,240,241,249,377
80,240,241,368,377
80,240,243,245,339
80,240,243,245,368
80,240,243,363,368
80,240,245,251,347
80,240,245,251,379
80,240,245,336,339
80,240,245,336,347
80,240,245,368,379
80,240,246,248,344
80,240,246,248,368
80,240,246,249,345
80,240,246,249,377
80,240,246,336,344
80,240,246,336,345
80,240,246,368,377
80,240,248,251,344
80,240,248,251,379
80,240,248,368,379
80,240,249,337,345
80,240,251,344,347
80,240,328,329,336
80,240,331,336,339
80,240,336,337,345
80,240,336,344,347
80,241,368,369,377
80,243,245,368,371
80,243,363,368,371
80,245,336,339,341
80,245,336,341,347
80,245,368,371,373
80,245,368,373,379
80,246,248,368,376
80,246,336,342,344
80,246,336,342,345
80,246,368,374,376
80,246,368,374,377
80,248,368,376,379
80,296,297,304,328
80,296,301,304,328
80,297,302,304,336
80,297,302,334,336
80,297,304,328,336
80,297,328,329,336
80,297,329,334,336
80,299,301,304,336
80,299,301,333,336
80,299,304,307,339
80,299,304,336,339
80,299,331,333,336
80,299,331,336,339
80,301,304,328,336
80,301,328,333,336
80,302,304,305,337
80,302,304,336,337
80,302,334,336,337
80,304,305,313,337
80,304,307,309,339
80,304,309,315,336
80,304,309,336,339
80,304,310,312,344
80,304,310,313,336
80,304,310,336,344
80,304,312,315,344
80,304,313,336,337
80,304,315,336,344
80,309,315,336,341
80,309,336,339,341
80,310,313,336,342
80,310,336,342,344
80,313,336,337,345
80,313,336,342,345
80,315,336,341,347
80,315,336,344,347
80,808,809,816,904
80,808,813,816,909
80,808,816,904,909
80,809,814,816,910
80,809,816,904,912
80,809,816,910,912
80,809,904,905,912
80,809,905,910,912
80,811,813,816,909
80,811,816,819,915
80,811,816,909,912
80,811,816,912,915
80,811,907,909,912
80,811,907,912,915
80,814,816,817,910
80,816,817,825,913
80,816,817,910,913
80,816,819,821,917
80,816,819,915,917
80,816,821,827,917
80,816,822,824,918
80,816,822,825,918
80,816,824,827,920
80,816,824,918,920
80,816,825,912,913
80,816,825,912,918
80,816,827,912,917
80,816,827,912,920
80,816,904,909,912
80,816,910,912,913
80,816,912,915,917
80,816,912,918,920
80,825,912,913,921
80,825,912,918,921
80,827,912,917,923
80,827,912,920,923
80,840,841,848,873
80,840,841,848,912
80,840,841,905,912
80,840,845,848,877
80,840,845,848,909
80,840,848,873,880
80,840,848,877,880
80,840,848,909,912
80,840,872,873,880
80,840,872,877,880
80,840,904,905,912
80,840,904,909,912
80,841,846,848,873
80,841,846,848,910
80,841,848,910,912
80,841,905,910,912
80,843,845,848,875
80,843,845,848,909
80,843,848,851,875
80,843,848,851,912
80,843,848,909,912
80,843,851,907,912
80,843,907,909,912
80,845,848,875,877
80,846,848,849,878
80,846,848,849,910
80,846,848,873,878
80,848,849,857,889
80,848,849,857,912
80,848,849,878,880
80,848,849,880,889
80,848,849,910,912
80,848,851,853,885
80,848,851,853,917
80,848,851,875,880
80,848,851,880,885
80,848,851,912,917
80,848,853,859,891
80,848,853,859,917
80,848,853,885,891
80,848,854,856,886
80,848,854,856,918
80,848,854,857,889
80,848,854,857,918
80,848,854,886,889
80,848,856,859,891
80,848,856,859,912
80,848,856,880,886
80,848,856,880,891
80,848,856,912,918
80,848,857,912,918
80,848,859,912,917
80,848,873,878,880
80,848,875,877,880
80,848,880,885,891
80,848,880,886,889
80,849,857,912,921
80,849,878,880,881
80,849,880,881,889
80,849,910,912,913
80,849,912,913,921
80,851,875,880,883
80,851,880,883,885
80,851,907,912,915
80,851,912,915,917
80,856,859,912,923
80,856,880,886,888
80,856,880,888,891
80,856,912,918,920
80,856,912,920,923
80,857,912,918,921
80,859,912,917,923
80,872,873,880,1000
80,872,877,880,1005
80,872,880,1000,1005
80,873,878,880,1006
80,873,880,1000,1008
80,873,880,1006,1008
80,873,1000,1001,1008
80,873,1001,1006,1008
80,875,877,880,1005
80,875,880,883,1011
80,875,880,1005,1008
80,875,880,1008,1011
80,875,1003,1005,1008
80,875,1003,1008,1011
80,878,880,881,1006
80,880,881,889,1009
80,880,881,1006,1009
80,880,883,885,1013
80,880,883,1011,1013
80,880,885,891,1013
80,880,886,888,1014
80,880,886,889,1014
80,880,888,891,1016
80,880,888,1014,1016
80,880,889,1008,1009
80,880,889,1008,1014
80,880,891,1008,1013
80,880,891,1008,1016
80,880,1000,1005,1008
80,880,1006,1008,1009
80,880,1008,1011,1013
80,880,1008,1014,1016
80,889,1008,1009,1017
80,889,1008,1014,1017
80,891,1008,1013,1019
80,891,1008,1016,1019
81,82,84,113,369
81,82,84,113,1012
81,82,84,148,305
81,82,84,244,337
81,82,84,244,369
81,82,84,305,337
81,82,84,817,916
81,82,84,849,881
81,82,84,849,916
81,82,84,881,1012
81,82,113,361,369
81,82,113,1001,1009
81,82,113,1009,1012
81,82,137,145,297
81,82,145,148,305
81,82,145,297,305
81,82,233,241,337
81,82,233,241,361
81,82,241,244,337
81,82,241,244,369
81,82,241,361,369
81,82,297,305,337
81,82,809,817,913
81,82,809,905,913
81,82,817,913,916
81,82,849,873,881
81,82,849,905,913
81,82,849,913,916
81,82,873,881,1009
81,82,873,1001,1009
81,82,881,1009,1012
81,84,89,113,377
81,84,89,113,1012
81,84,89,148,313
81,84,89,244,337
81,84,89,244,377
81,84,89,313,337
81,84,89,825,916
81,84,89,849,889
81,84,89,849,916
81,84,89,889,1012
81,84,113,369,377
81,84,148,305,313
81,84,244,369,377
81,84,305,313,337
81,84,817,825,916
81,84,849,881,889
81,84,881,889,1012
81,89,113,1012,1017
81,89,148,153,313
81,89,244,249,337
81,89,244,249,377
81,89,825,916,921
81,89,849,916,921
81,89,889,1012,1017
81,113,1001,1006,1009
81,113,1009,1012,1017
81,137,142,145,297
81,142,145,297,305
81,145,148,153,313
81,145,148,305,313
81,233,238,241,337
81,233,238,241,361
81,238,241,361,369
81,241,244,249,337
81,241,244,249,377
81,241,244,369,377
81,809,817,910,913
81,809,905,910,913
81,817,825,913,916
81,825,913,916,921
81,849,905,910,913
81,849,913,916,921
81,873,881,1006,1009
81,873,1001,1006,1009
81,881,889,1009,1012
81,889,1009,1012,1017
82,83,91,115,379
82,83,91,115,1019
82,83,91,155,315
82,83,91,251,339
82,83,91,251,379
82,83,91,315,339
82,83,91,827,923
82,83,91,851,891
82,83,91,851,923
82,83,91,891,1019
82,83,115,371,379
82,83,115,1007,1011
82,83,115,1011,1019
82,83,143,147,307
82,83,147,155,315
82,83,147,307,315
82,83,239,243,339
82,83,239,243,371
82,83,243,251,339
82,83,243,251,379
82,83,243,371,379
82,83,307,315,339
82,83,819,827,915
82,83,819,911,915
82,83,827,915,923
82,83,851,883,891
82,83,851,911,915
82,83,851,915,923
82,83,883,891,1011
82,83,883,1007,1011
82,83,891,1011,1019
82,84,89,116,377
82,84,89,116,1012
82,84,89,148,313
82,84,89,244,340
82,84,89,244,377
82,84,89,313,340
82,84,89,825,916
82,84,89,852,889
82,84,89,852,916
82,84,89,889,1012
82,84,113,116,372
82,84,113,116,1012
82,84,113,369,372
82,84,116,372,377
82,84,148,305,308
82,84,148,308,313
82,84,244,337,340
82,84,244,369,372
82,84,244,372,377
82,84,305,308,337
82,84,308,313,340
82,84,308,337,340
82,84,817,820,916
82,84,820,825,916
82,84,849,852,884
82,84,849,852,916
82,84,849,881,884
82,84,852,884,889
82,84,881,884,1012
82,84,884,889,1012
82,87,90,122,378
82,87,90,122,1015
82,87,90,151,314
82,87,90,247,346
82,87,90,247,378
82,87,90,314,346
82,87,90,826,919
82,87,90,858,890
82,87,90,858,919
82,87,90,890,1015
82,87,91,119,379
82,87,91,119,1015
82,87,91,151,315
82,87,91,247,343
82,87,91,247,379
82,87,91,315,343
82,87,91,827,919
82,87,91,855,891
82,87,91,855,919
82,87,91,891,1015
82,87,119,122,375
82,87,119,122,1015
82,87,119,375,379
82,87,122,375,378
82,87,151,311,314
82,87,151,311,315
82,87,247,343,346
82,87,247,375,378
82,87,247,375,379
82,87,311,314,346
82,87,311,315,343
82,87,311,343,346
82,87,823,826,919
82,87,823,827,919
82,87,855,858,887
82,87,855,858,919
82,87,855,887,891
82,87,858,887,890
82,87,887,890,1015
82,87,887,891,1015
82,89,90,122,377
82,89,90,122,1017
82,89,90,153,313
82,89,90,249,346
82,89,90,249,377
82,89,90,313,346
82,89,90,825,921
82,89,90,858,889
82,89,90,858,921
82,89,90,889,1017
82,89,116,121,377
82,89,116,121,1012
82,89,121,122,377
82,89,121,122,1017
82,89,121,1012,1017
82,89,148,153,313
82,89,244,249,345
82,89,244,249,377
82,89,244,340,345
82,89,249,345,346
82,89,313,340,345
82,89,313,345,346
82,89,825,916,921
82,89,852,857,889
82,89,852,857,916
82,89,857,858,889
82,89,857,858,921
82,89,857,916,921
82,89,889,1012,1017
82,90,122,377,378
82,90,122,1015,1018
82,90,122,1017,1018
82,90,151,154,314
82,90,153,154,313
82,90,154,313,314
82,90,247,250,346
82,90,247,250,378
82,90,249,250,346
82,90,249,250,377
82,90,250,377,378
82,90,313,314,346
82,90,825,826,922
82,90,825,921,922
82,90,826,919,922
82,90,858,889,890
82,90,858,919,922
82,90,858,921,922
82,90,889,890,1018
82,90,889,1017,1018
82,90,890,1015,1018
82,91,115,123,379
82,91,115,123,1019
82,91,119,123,379
82,91,119,123,1015
82,91,123,1015,1019
82,91,151,155,315
82,91,247,251,347
82,91,247,251,379
82,91,247,343,347
82,91,251,339,347
82,91,315,339,347
82,91,315,343,347
82,91,827,919,923
82,91,851,859,891
82,91,851,859,923
82,91,855,859,891
82,91,855,859,919
82,91,859,919,923
82,91,891,1015,1019
82,105,108,114,361
82,105,108,114,1004
82,105,113,114,361
82,105,113,114,1010
82,105,113,1001,1010
82,105,114,1004,1010
82,105,1001,1004,1010
82,106,107,114,363
82,106,107,114,1010
82,106,107,1003,1010
82,106,108,114,364
82,106,108,114,1004
82,106,114,363,370
82,106,114,364,370
82,106,114,1004,1010
82,106,362,363,370
82,106,362,364,370
82,106,1002,1003,1010
82,106,1002,1004,1010
82,107,111,114,363
82,107,111,114,1007
82,107,114,1007,1010
82,107,1003,1007,1010
82,108,114,361,364
82,111,114,115,367
82,111,114,115,1007
82,111,114,363,367
82,113,114,116,372
82,113,114,116,1012
82,113,114,361,370
82,113,114,370,372
82,113,114,1010,1012
82,113,361,369,370
82,113,369,370,372
82,113,1001,1009,1010
82,113,1009,1010,1012
82,114,115,123,379
82,114,115,123,1010
82,114,115,367,370
82,114,115,370,379
82,114,115,1007,1010
82,114,116,121,377
82,114,116,121,1012
82,114,116,372,377
82,114,119,122,375
82,114,119,122,1015
82,114,119,123,379
82,114,119,123,1015
82,114,119,375,379
82,114,121,122,377
82,114,121,122,1010
82,114,121,1010,1012
82,114,122,370,375
82,114,122,370,377
82,114,122,1010,1015
82,114,123,1010,1015
82,114,361,364,370
82,114,363,367,370
82,114,370,372,377
82,114,370,375,379
82,115,123,1010,1019
82,115,367,370,371
82,115,370,371,379
82,115,1007,1010,1011
82,115,1010,1011,1019
82,121,122,1010,1017
82,121,1010,1012,1017
82,122,370,375,378
82,122,370,377,378
82,122,1010,1015,1018
82,122,1010,1017,1018
82,123,1010,1015,1019
82,137,140,146,297
82,137,145,146,297
82,138,139,146,299
82,138,140,146,306
82,138,140,298,306
82,138,146,299,306
82,138,298,299,306
82,139,143,146,299
82,140,146,297,306
82,140,297,300,306
82,140,298,300,306
82,143,146,147,306
82,143,146,299,306
82,143,147,306,307
82,143,299,303,306
82,143,303,306,307
82,145,146,148,306
82,145,146,297,306
82,145,148,305,306
82,145,297,305,306
82,146,147,155,315
82,146,147,306,315
82,146,148,153,313
82,146,148,306,313
82,146,151,154,306
82,146,151,155,315
82,146,151,306,315
82,146,153,154,313
82,146,154,306,313
82,147,306,307,315
82,148,305,306,308
82,148,306,308,313
82,151,154,306,314
82,151,306,311,314
82,151,306,311,315
82,154,306,313,314
82,233,236,242,329
82,233,236,242,361
82,233,241,242,337
82,233,241,242,361
82,233,242,329,337
82,234,235,242,330
82,234,235,242,363
82,234,236,242,330
82,234,236,242,370
82,234,236,362,370
82,234,242,363,370
82,234,362,363,370
82,235,239,242,331
82,235,239,242,363
82,235,242,330,331
82,236,242,329,338
82,236,242,330,338
82,236,242,361,370
82,236,329,332,338
82,236,330,332,338
82,236,361,364,370
82,236,362,364,370
82,239,242,243,339
82,239,242,243,370
82,239,242,331,338
82,239,242,338,339
82,239,242,363,370
82,239,243,370,371
82,239,331,335,338
82,239,335,338,339
82,239,363,367,370
82,239,367,370,371
82,241,242,244,337
82,241,242,244,370
82,241,242,361,370
82,241,244,369,370
82,241,361,369,370
82,242,243,251,339
82,242,243,251,379
82,242,243,370,379
82,242,244,249,345
82,242,244,249,377
82,242,244,337,338
82,242,244,338,345
82,242,244,370,377
82,242,247,250,346
82,242,247,250,370
82,242,247,251,347
82,242,247,251,379
82,242,247,338,346
82,242,247,338,347
82,242,247,370,379
82,242,249,250,346
82,242,249,250,377
82,242,249,345,346
82,242,250,370,377
82,242,251,339,347
82,242,329,337,338
82,242,330,331,338
82,242,338,339,347
82,242,338,345,346
82,243,370,371,379
82,244,337,338,340
82,244,338,340,345
82,244,369,370,372
82,244,370,372,377
82,247,250,370,378
82,247,338,343,346
82,247,338,343,347
82,247,370,375,378
82,247,370,375,379
82,250,370,377,378
82,297,300,306,338
82,297,300,332,338
82,297,305,306,337
82,297,306,337,338
82,297,329,332,338
82,297,329,337,338
82,298,299,306,330
82,298,300,306,330
82,299,303,306,338
82,299,303,335,338
82,299,306,330,338
82,299,330,331,338
82,299,331,335,338
82,300,306,330,338
82,300,330,332,338
82,303,306,307,339
82,303,306,338,339
82,303,335,338,339
82,305,306,308,337
82,306,307,315,339
82,306,308,313,338
82,306,308,337,338
82,306,311,314,346
82,306,311,315,338
82,306,311,338,346
82,306,313,314,346
82,306,313,338,346
82,306,315,338,339
82,308,313,338,340
82,308,337,338,340
82,311,315,338,343
82,311,338,343,346
82,313,338,340,345
82,313,338,345,346
82,315,338,339,347
82,315,338,343,347
82,809,812,818,908
82,809,817,818,913
82,809,818,908,914
82,809,818,913,914
82,809,905,908,914
82,809,905,913,914
82,810,811,818,906
82,810,812,818,908
82,810,818,906,908
82,811,815,818,911
82,811,818,906,914
82,811,818,911,914
82,811,906,907,914
82,811,907,911,914
82,815,818,819,911
82,817,818,820,916
82,817,818,913,916
82,818,819,827,915
82,818,819,911,915
82,818,820,825,916
82,818,823,826,919
82,818,823,827,919
82,818,825,826,922
82,818,825,914,916
82,818,825,914,922
82,818,826,919,922
82,818,827,914,915
82,818,827,914,919
82,818,906,908,914
82,818,911,914,915
82,818,913,914,916
82,818,914,919,922
82,825,914,916,921
82,825,914,921,922
82,827,914,915,923
82,827,914,919,923
82,841,844,850,873
82,841,844,850,908
82,841,849,850,873
82,841,849,850,914
82,841,849,905,914
82,841,850,908,914
82,841,905,908,914
82,842,843,850,875
82,842,843,850,914
82,842,843,907,914
82,842,844,850,876
82,842,844,850,908
82,842,850,875,882
82,842,850,876,882
82,842,850,908,914
82,842,874,875,882
82,842,874,876,882
82,842,906,907,914
82,842,906,908,914
82,843,847,850,875
82,843,847,850,911
82,843,850,911,914
82,843,907,911,914
82,844,850,873,876
82,847,850,851,879
82,847,850,851,911
82,847,850,875,879
82,849,850,852,884
82,849,850,852,916
82,849,850,873,882
82,849,850,882,884
82,849,850,914,916
82,849,873,881,882
82,849,881,882,884
82,849,905,913,914
82,849,913,914,916
82,850,851,859,891
82,850,851,859,914
82,850,851,879,882
82,850,851,882,891
82,850,851,911,914
82,850,852,857,889
82,850,852,857,916
82,850,852,884,889
82,850,855,858,887
82,850,855,858,919
82,850,855,859,891
82,850,855,859,919
82,850,855,887,891
82,850,857,858,889
82,850,857,858,914
82,850,857,914,916
82,850,858,882,887
82,850,858,882,889
82,850,858,914,919
82,850,859,914,919
82,850,873,876,882
82,850,875,879,882
82,850,882,884,889
82,850,882,887,891
82,851,859,914,923
82,851,879,882,883
82,851,882,883,891
82,851,911,914,915
82,851,914,915,923
82,857,858,914,921
82,857,914,916,921
82,858,882,887,890
82,858,882,889,890
82,858,914,919,922
82,858,914,921,922
82,859,914,919,923
82,873,876,882,1004
82,873,881,882,1009
82,873,882,1004,1010
82,873,882,1009,1010
82,873,1001,1004,1010
82,873,1001,1009,1010
82,874,875,882,1002
82,874,876,882,1004
82,874,882,1002,1004
82,875,879,882,1007
82,875,882,1002,1010
82,875,882,1007,1010
82,875,1002,1003,1010
82,875,1003,1007,1010
82,879,882,883,1007
82,881,882,884,1012
82,881,882,1009,1012
82,882,883,891,1011
82,882,883,1007,1011
82,882,884,889,1012
82,882,887,890,1015
82,882,887,891,1015
82,882,889,890,1018
82,882,889,1010,1012
82,882,889,1010,1018
82,882,890,1015,1018
82,882,891,1010,1011
82,882,891,1010,1015
82,882,1002,1004,1010
82,882,1007,1010,1011
82,882,1009,1010,1012
82,882,1010,1015,1018
82,889,1010,1012,1017
82,889,1010,1017,1018
82,891,1010,1011,1019
82,891,1010,1015,1019
83,85,91,115,379
83,85,91,115,1013
83,85,91,149,315
83,85,91,245,339
83,85,91,245,379
83,85,91,315,339
83,85,91,827,917
83,85,91,851,891
83,85,91,851,917
83,85,91,891,1013
83,85,115,371,379
83,85,149,307,315
83,85,245,371,379
83,85,307,315,339
83,85,819,827,917
83,85,851,883,891
83,85,883,891,1013
83,91,115,1013,1019
83,91,149,155,315
83,91,245,251,339
83,91,245,251,379
83,91,827,917,923
83,91,851,917,923
83,91,891,1013,1019
83,115,1003,1007,1011
83,115,1011,1013,1019
83,139,143,147,299
83,143,147,299,307
83,147,149,155,315
83,147,149,307,315
83,235,239,243,339
83,235,239,243,363
83,239,243,363,371
83,243,245,251,339
83,243,245,251,379
83,243,245,371,379
83,811,819,911,915
83,811,907,911,915
83,819,827,915,917
83,827,915,917,923
83,851,907,911,915
83,851,915,917,923
83,875,883,1007,1011
83,875,1003,1007,1011
83,883,891,1011,1013
83,891,1011,1013,1019
84,89,113,116,377
84,89,113,116,1012
84,89,244,337,340
84,89,313,337,340
84,89,849,852,889
84,89,849,852,916
84,113,116,372,377
84,113,369,372,377
84,148,305,308,313
84,244,369,372,377
84,305,308,313,337
84,308,313,337,340
84,817,820,825,916
84,849,852,884,889
84,849,881,884,889
84,881,884,889,1012
85,91,115,117,379
85,91,115,117,1013
85,91,245,339,341
85,91,315,339,341
85,91,851,853,891
85,91,851,853,917
85,115,117,373,379
85,115,371,373,379
85,149,307,309,315
85,245,371,373,379
85,307,309,315,339
85,309,315,339,341
85,819,821,827,917
85,851,853,885,891
85,851,883,885,891
85,883,885,891,1013
86,88,89,120,377
86,88,89,120,1014
86,88,89,150,313
86,88,89,246,344
86,88,89,246,377
86,88,89,313,344
86,88,89,825,918
86,88,89,856,889
86,88,89,856,918
86,88,89,889,1014
86,88,120,376,377
86,88,150,312,313
86,88,246,376,377
86,88,312,313,344
86,88,824,825,918
86,88,856,888,889
86,88,888,889,1014
86,89,118,120,377
86,89,118,120,1014
86,89,246,342,344
86,89,313,342,344
86,89,854,856,889
86,89,854,856,918
86,118,120,374,377
86,120,374,376,377
86,150,310,312,313
86,246,374,376,377
86,310,312,313,344
86,310,313,342,344
86,822,824,825,918
86,854,856,886,889
86,856,886,888,889
86,886,888,889,1014
87,90,91,122,379
87,90,91,122,1015
87,90,91,151,315
87,90,91,247,346
87,90,91,247,379
87,90,91,315,346
87,90,91,827,919
87,90,91,858,891
87,90,91,858,919
87,90,91,891,1015
87,90,122,378,379
87,90,151,314,315
87,90,247,378,379
87,90,314,315,346
87,90,826,827,919
87,90,858,890,891
87,90,890,891,1015
87,91,119,122,379
87,91,119,122,1015
87,91,247,343,346
87,91,315,343,346
87,91,855,858,891
87,91,855,858,919
87,119,122,375,379
87,122,375,378,379
87,151,311,314,315
87,247,375,378,379
87,311,314,315,346
87,311,315,343,346
87,823,826,827,919
87,855,858,887,891
87,858,887,890,891
87,887,890,891,1015
88,89,120,1014,1017
88,89,150,153,313
88,89,246,249,344
88,89,246,249,377
88,89,825,918,921
88,89,856,918,921
88,89,889,1014,1017
88,91,93,120,379
88,91,93,120,1021
88,91,93,157,315
88,91,93,253,344
88,91,93,253,379
88,91,93,315,344
88,91,93,827,925
88,91,93,856,891
88,91,93,856,925
88,91,93,891,1021
88,91,120,1019,1021
88,91,155,157,315
88,91,251,253,344
88,91,251,253,379
88,91,827,923,925
88,91,856,923,925
88,91,891,1019,1021
88,93,120,376,379
88,93,157,312,315
88,93,253,376,379
88,93,312,315,344
88,93,824,827,925
88,93,856,888,891
88,93,888,891,1021
88,120,1014,1016,1017
88,120,1016,1019,1021
88,150,152,153,313
88,150,152,312,313
88,152,155,157,315
88,152,157,312,315
88,246,248,249,344
88,246,248,249,377
88,246,248,376,377
88,248,251,253,344
88,248,251,253,379
88,248,253,376,379
88,824,825,918,920
88,824,827,920,925
88,825,918,920,921
88,827,920,923,925
88,856,918,920,921
88,856,920,923,925
88,888,889,1014,1016
88,888,891,1016,1021
88,889,1014,1016,1017
88,891,1016,1019,1021
89,90,92,122,377
89,90,92,122,1020
89,90,92,156,313
89,90,92,252,346
89,90,92,252,377
89,90,92,313,346
89,90,92,825,924
89,90,92,858,889
89,90,92,858,924
89,90,92,889,1020
89,90,122,1017,1020
89,90,153,156,313
89,90,249,252,346
89,90,249,252,377
89,90,825,921,924
89,90,858,921,924
89,90,889,1017,1020
89,92,122,124,377
89,92,122,124,1020
89,92,252,346,348
89,92,313,346,348
89,92,858,860,889
89,92,858,860,924
89,94,97,126,377
89,94,97,126,1022
89,94,254,321,350
89,94,313,321,350
89,94,833,862,889
89,94,833,862,926
89,97,121,126,377
89,97,121,126,1022
89,97,121,1017,1022
89,113,116,121,377
89,113,116,121,1012
89,113,121,1012,1017
89,118,120,121,377
89,118,120,121,1014
89,120,121,1014,1017
89,121,122,124,377
89,121,122,124,1020
89,121,122,1017,1020
89,244,249,337,345
89,244,337,340,345
89,246,249,344,345
89,246,342,344,345
89,249,252,345,346
89,249,254,321,345
89,252,345,346,348
89,254,321,345,350
89,313,321,345,350
89,313,337,340,345
89,313,342,344,345
89,313,345,346,348
89,833,857,862,889
89,833,857,862,926
89,833,857,921,926
89,849,852,857,889
89,849,852,857,916
89,849,857,916,921
89,854,856,857,889
89,854,856,857,918
89,856,857,918,921
89,857,858,860,889
89,857,858,860,924
89,857,858,921,924
90,91,122,1015,1019
90,91,151,155,315
90,91,247,251,346
90,91,247,251,379
90,91,827,919,923
90,91,858,919,923
90,91,891,1015,1019
90,92,122,377,378
90,92,156,313,314
90,92,252,377,378
90,92,313,314,346
90,92,825,826,924
90,92,858,889,890
90,92,889,890,1020
90,122,1015,1018,1019
90,122,1017,1018,1020
90,151,154,155,315
90,151,154,314,315
90,153,154,156,313
90,154,156,313,314
90,247,250,251,346
90,247,250,251,379
90,247,250,378,379
90,249,250,252,346
90,249,250,252,377
90,250,252,377,378
90,825,826,922,924
90,825,921,922,924
90,826,827,919,922
90,827,919,922,923
90,858,919,922,923
90,858,921,922,924
90,889,890,1018,1020
90,889,1017,1018,1020
90,890,891,1015,1018
90,891,1015,1018,1019
91,93,120,125,379
91,93,120,125,1021
91,93,253,344,349
91,93,315,344,349
91,93,856,861,891
91,93,856,861,925
91,95,99,127,379
91,95,99,127,1023
91,95,255,323,351
91,95,315,323,351
91,95,835,863,891
91,95,835,863,927
91,99,123,127,379
91,99,123,127,1023
91,99,123,1019,1023
91,115,117,123,379
91,115,117,123,1013
91,115,123,1013,1019
91,119,122,123,379
91,119,122,123,1015
91,120,123,125,379
91,120,123,125,1021
91,120,123,1019,1021
91,122,123,1015,1019
91,245,251,339,347
91,245,339,341,347
91,247,251,346,347
91,247,343,346,347
91,251,253,344,347
91,251,255,323,347
91,253,344,347,349
91,255,323,347,351
91,315,323,347,351
91,315,339,341,347
91,315,343,346,347
91,315,344,347,349
91,835,859,863,891
91,835,859,863,927
91,835,859,923,927
91,851,853,859,891
91,851,853,859,917
91,851,859,917,923
91,855,858,859,891
91,855,858,859,919
91,856,859,861,891
91,856,859,861,925
91,856,859,923,925
91,858,859,919,923
92,122,124,377,380
92,122,377,378,380
92,156,313,314,316
92,252,377,378,380
92,313,314,316,346
92,313,316,346,348
92,825,826,828,924
92,858,860,889,892
92,858,889,890,892
92,889,890,892,1020
93,120,125,379,381
93,120,376,379,381
93,157,312,315,317
93,253,376,379,381
93,312,315,317,344
93,315,317,344,349
93,824,827,829,925
93,856,861,891,893
93,856,888,891,893
93,888,891,893,1021
94,97,126,377,382
94,97,353,377,382
94,158,289,313,318
94,254,353,377,382
94,289,313,318,321
94,313,318,321,350
94,801,825,830,926
94,833,862,889,894
94,833,865,889,894
94,865,889,894,1022
95,99,127,379,383
95,99,355,379,383
95,159,291,315,319
95,255,355,379,383
95,291,315,319,323
95,315,319,323,351
95,803,827,831,927
95,835,863,891,895
95,835,867,891,895
95,867,891,895,1023
96,97,105,160,361
96,97,105,873,992
96,97,126,190,382
96,97,126,894,1022
96,97,160,190,352
96,97,160,352,361
96,97,190,352,382
96,97,864,873,992
96,97,864,894,1022
96,97,864,992,1022
96,99,101,165,357
96,99,101,869,997
96,99,123,160,379
96,99,123,891,992
96,99,160,165,352
96,99,160,352,379
96,99,165,352,357
96,99,864,869,997
96,99,864,891,992
96,99,864,992,997
96,101,107,165,363
96,101,107,875,997
96,101,165,357,363
96,101,869,875,997
96,102,104,166,358
96,102,104,870,998
96,102,105,166,361
96,102,105,873,998
96,102,166,358,361
96,102,870,873,998
96,104,107,160,363
96,104,107,875,992
96,104,160,166,352
96,104,160,352,363
96,104,166,352,358
96,104,864,870,998
96,104,864,875,992
96,104,864,992,998
96,105,160,166,361
96,105,873,992,998
96,107,160,165,363
96,107,875,992,997
96,120,121,160,377
96,120,121,889,992
96,120,125,189,381
96,120,125,893,1021
96,120,160,189,352
96,120,160,352,377
96,120,189,352,381
96,120,864,889,992
96,120,864,893,1021
96,120,864,992,1021
96,121,126,190,377
96,121,126,889,1022
96,121,160,190,377
96,121,889,992,1022
96,123,125,189,379
96,123,125,891,1021
96,123,160,189,379
96,123,891,992,1021
96,125,189,379,381
96,125,891,893,1021
96,126,190,377,382
96,126,889,894,1022
96,160,165,352,363
96,160,166,352,361
96,160,189,352,379
96,160,190,352,377
96,165,352,357,363
96,166,352,358,361
96,189,352,379,381
96,190,352,377,382
96,864,869,875,997
96,864,870,873,998
96,864,873,992,998
96,864,875,992,997
96,864,889,894,1022
96,864,889,992,1022
96,864,891,893,1021
96,864,891,992,1021
97,98,100,164,356
97,98,100,868,996
97,98,121,162,377
97,98,121,889,994
97,98,162,164,354
97,98,162,354,377
97,98,164,354,356
97,98,866,868,996
97,98,866,889,994
97,98,866,994,996
97,100,105,164,361
97,100,105,873,996
97,100,164,356,361
97,100,868,873,996
97,105,160,169,361
97,105,164,169,361
97,105,873,992,1001
97,105,873,996,1001
97,121,126,190,377
97,121,126,889,1022
97,121,162,185,377
97,121,185,190,377
97,121,889,994,1017
97,121,889,1017,1022
97,126,190,377,382
97,126,889,894,1022
97,160,161,169,361
97,160,161,190,352
97,160,161,352,361
97,161,162,164,354
97,161,162,185,377
97,161,162,354,377
97,161,164,169,361
97,161,164,353,354
97,161,164,353,361
97,161,185,190,377
97,161,190,352,353
97,161,190,353,377
97,161,352,353,361
97,161,353,354,377
97,164,353,354,356
97,164,353,356,361
97,190,352,353,382
97,190,353,377,382
97,864,865,873,993
97,864,865,894,1022
97,864,865,993,1022
97,864,873,992,993
97,864,992,993,1022
97,865,866,868,996
97,865,866,889,993
97,865,866,993,996
97,865,868,873,996
97,865,873,993,996
97,865,889,894,1022
97,865,889,993,1022
97,866,889,993,994
97,866,993,994,996
97,873,992,993,1001
97,873,993,996,1001
97,889,993,994,1017
97,889,993,1017,1022
98,99,107,162,363
98,99,107,875,994
98,99,127,191,383
98,99,127,895,1023
98,99,162,191,354
98,99,162,354,363
98,99,191,354,383
98,99,866,875,994
98,99,866,895,1023
98,99,866,994,1023
98,100,105,164,361
98,100,105,873,996
98,100,164,356,361
98,100,868,873,996
98,103,106,167,359
98,103,106,871,999
98,103,107,167,363
98,103,107,875,999
98,103,167,359,363
98,103,871,875,999
98,105,106,162,361
98,105,106,873,994
98,105,162,164,361
98,105,873,994,996
98,106,162,167,354
98,106,162,354,361
98,106,167,354,359
98,106,866,871,999
98,106,866,873,994
98,106,866,994,999
98,107,162,167,363
98,107,875,994,999
98,121,124,188,377
98,121,124,889,1020
98,121,162,188,377
98,121,889,994,1020
98,122,123,162,379
98,122,123,891,994
98,122,124,188,380
98,122,124,892,1020
98,122,162,188,354
98,122,162,354,379
98,122,188,354,380
98,122,866,891,994
98,122,866,892,1020
98,122,866,994,1020
98,123,127,191,379
98,123,127,891,1023
98,123,162,191,379
98,123,891,994,1023
98,124,188,377,380
98,124,889,892,1020
98,127,191,379,383
98,127,891,895,1023
98,162,164,354,361
98,162,167,354,363
98,162,188,354,377
98,162,191,354,379
98,164,354,356,361
98,167,354,359,363
98,188,354,377,380
98,191,354,379,383
98,866,868,873,996
98,866,871,875,999
98,866,873,994,996
98,866,875,994,999
98,866,889,892,1020
98,866,889,994,1020
98,866,891,895,1023
98,866,891,994,1023
99,101,107,165,363
99,101,107,875,997
99,101,165,357,363
99,101,869,875,997
99,107,162,171,363
99,107,165,171,363
99,107,875,994,1003
99,107,875,997,1003
99,123,127,191,379
99,123,127,891,1023
99,123,160,187,379
99,123,187,191,379
99,123,891,992,1019
99,123,891,1019,1023
99,127,191,379,383
99,127,891,895,1023
99,160,163,165,352
99,160,163,187,379
99,160,163,352,379
99,162,163,171,363
99,162,163,191,354
99,162,163,354,363
99,163,165,171,363
99,163,165,352,355
99,163,165,355,363
99,163,187,191,379
99,163,191,354,355
99,163,191,355,379
99,163,352,355,379
99,163,354,355,363
99,165,352,355,357
99,165,355,357,363
99,191,354,355,383
99,191,355,379,383
99,864,867,869,997
99,864,867,891,995
99,864,867,995,997
99,864,891,992,995
99,864,992,995,997
99,866,867,875,995
99,866,867,895,1023
99,866,867,995,1023
99,866,875,994,995
99,866,994,995,1023
99,867,869,875,997
99,867,875,995,997
99,867,891,895,1023
99,867,891,995,1023
99,875,994,995,1003
99,875,995,997,1003
99,891,992,995,1019
99,891,995,1019,1023
102,104,105,166,361
102,104,105,873,998
102,104,166,358,361
102,104,870,873,998
103,106,107,167,363
103,106,107,875,999
103,106,167,359,363
103,106,871,875,999
104,105,112,176,361
104,105,112,873,1008
104,105,166,169,361
104,105,169,176,361
104,105,873,998,1001
104,105,873,1001,1008
104,107,109,173,363
104,107,109,875,1005
104,107,160,171,363
104,107,171,173,363
104,107,875,992,1003
104,107,875,1003,1005
104,109,112,173,365
104,109,112,877,1005
104,109,173,363,365
104,109,875,877,1005
104,112,173,176,368
104,112,173,365,368
104,112,176,361,368
104,112,873,880,1008
104,112,877,880,1005
104,112,880,1005,1008
104,160,166,168,352
104,160,168,171,363
104,160,168,352,363
104,166,168,169,361
104,166,168,352,360
104,166,168,360,361
104,166,352,358,360
104,166,358,360,361
104,168,169,176,361
104,168,171,173,363
104,168,173,176,368
104,168,173,360,363
104,168,173,360,368
104,168,176,361,368
104,168,352,360,363
104,168,360,361,368
104,173,360,363,365
104,173,360,365,368
104,864,870,872,998
104,864,872,875,1000
104,864,872,998,1000
104,864,875,992,1000
104,864,992,998,1000
104,870,872,873,998
104,872,873,880,1000
104,872,873,998,1000
104,872,875,877,1005
104,872,875,1000,1005
104,872,877,880,1005
104,872,880,1000,1005
104,873,880,1000,1008
104,873,998,1000,1001
104,873,1000,1001,1008
104,875,992,1000,1003
104,875,1000,1003,1005
104,880,1000,1005,1008
105,106,108,172,361
105,106,108,873,1004
105,106,162,169,361
105,106,169,172,361
105,106,873,994,1001
105,106,873,1001,1004
105,108,114,172,361
105,108,114,873,1004
105,110,112,174,361
105,110,112,873,1006
105,110,113,174,361
105,110,113,873,1006
105,112,174,176,361
105,112,873,1006,1008
105,113,114,178,361
105,113,114,873,1010
105,113,169,174,361
105,113,169,178,361
105,113,873,1001,1006
105,113,873,1001,1010
105,114,172,178,361
105,114,873,1004,1010
105,160,166,169,361
105,162,164,169,361
105,169,172,178,361
105,169,174,176,361
105,873,992,998,1001
105,873,994,996,1001
105,873,1001,1004,1010
105,873,1001,1006,1008
106,107,114,178,363
106,107,114,875,1010
106,107,167,171,363
106,107,171,178,363
106,107,875,999,1003
106,107,875,1003,1010
106,108,114,172,364
106,108,114,876,1004
106,108,172,361,364
106,108,873,876,1004
106,114,172,178,370
106,114,172,364,370
106,114,178,363,370
106,114,875,882,1010
106,114,876,882,1004
106,114,882,1004,1010
106,162,167,170,354
106,162,169,170,361
106,162,170,354,361
106,167,170,171,363
106,167,170,354,362
106,167,170,362,363
106,167,354,359,362
106,167,359,362,363
106,169,170,172,361
106,170,171,178,363
106,170,172,178,370
106,170,172,361,362
106,170,172,362,370
106,170,178,363,370
106,170,354,361,362
106,170,362,363,370
106,172,361,362,364
106,172,362,364,370
106,866,871,874,999
106,866,873,874,1002
106,866,873,994,1002
106,866,874,999,1002
106,866,994,999,1002
106,871,874,875,999
106,873,874,876,1004
106,873,874,1002,1004
106,873,994,1001,1002
106,873,1001,1002,1004
106,874,875,882,1002
106,874,875,999,1002
106,874,876,882,1004
106,874,882,1002,1004
106,875,882,1002,1010
106,875,999,1002,1003
106,875,1002,1003,1010
106,882,1002,1004,1010
107,109,112,173,363
107,109,112,875,1005
107,111,114,175,363
107,111,114,875,1007
107,111,115,175,363
107,111,115,875,1007
107,112,115,176,363
107,112,115,875,1008
107,112,173,176,363
107,112,875,1005,1008
107,114,175,178,363
107,114,875,1007,1010
107,115,171,175,363
107,115,171,176,363
107,115,875,1003,1007
107,115,875,1003,1008
107,160,165,171,363
107,162,167,171,363
107,171,173,176,363
107,171,175,178,363
107,875,992,997,1003
107,875,994,999,1003
107,875,1003,1005,1008
107,875,1003,1007,1010
108,114,172,361,364
108,114,873,876,1004
109,112,173,363,365
109,112,875,877,1005
110,112,113,174,366
110,112,113,878,1006
110,112,174,361,366
110,112,873,878,1006
110,113,174,361,366
110,113,873,878,1006
111,114,115,175,367
111,114,115,879,1007
111,114,175,363,367
111,114,875,879,1007
111,115,175,363,367
111,115,875,879,1007
112,113,121,176,377
112,113,121,889,1008
112,113,174,176,368
112,113,174,366,368
112,113,176,368,377
112,113,878,880,1006
112,113,880,889,1008
112,113,880,1006,1008
112,115,117,181,373
112,115,117,885,1013
112,115,176,181,368
112,115,176,363,368
112,115,181,368,373
112,115,875,880,1008
112,115,880,885,1013
112,115,880,1008,1013
112,117,123,181,379
112,117,123,891,1013
112,117,181,373,379
112,117,885,891,1013
112,118,120,182,374
112,118,120,886,1014
112,118,121,182,377
112,118,121,889,1014
112,118,182,374,377
112,118,886,889,1014
112,120,123,176,379
112,120,123,891,1008
112,120,176,182,368
112,120,176,368,379
112,120,182,368,374
112,120,880,886,1014
112,120,880,891,1008
112,120,880,1008,1014
112,121,176,182,377
112,121,889,1008,1014
112,123,176,181,379
112,123,891,1008,1013
112,173,176,363,368
112,173,363,365,368
112,174,176,361,368
112,174,361,366,368
112,176,181,368,379
112,176,182,368,377
112,181,368,373,379
112,182,368,374,377
112,873,878,880,1006
112,873,880,1006,1008
112,875,877,880,1005
112,875,880,1005,1008
112,880,885,891,1013
112,880,886,889,1014
112,880,889,1008,1014
112,880,891,1008,1013
113,114,116,180,372
113,114,116,884,1012
113,114,178,180,370
113,114,178,361,370
113,114,180,370,372
113,114,873,882,1010
113,114,882,884,1012
113,114,882,1010,1012
113,116,121,180,377
113,116,121,889,1012
113,116,180,372,377
113,116,884,889,1012
113,121,176,185,377
113,121,180,185,377
113,121,889,1008,1017
113,121,889,1012,1017
113,169,174,177,361
113,169,177,178,361
113,174,176,177,368
113,174,177,361,369
113,174,177,368,369
113,174,361,366,369
113,174,366,368,369
113,176,177,185,377
113,176,177,368,377
113,177,178,180,370
113,177,178,361,370
113,177,180,185,377
113,177,180,369,370
113,177,180,369,377
113,177,361,369,370
113,177,368,369,377
113,180,369,370,372
113,180,369,372,377
113,873,878,881,1006
113,873,881,882,1009
113,873,881,1006,1009
113,873,882,1009,1010
113,873,1001,1006,1009
113,873,1001,1009,1010
113,878,880,881,1006
113,880,881,889,1009
113,880,881,1006,1009
113,880,889,1008,1009
113,880,1006,1008,1009
113,881,882,884,1012
113,881,882,1009,1012
113,881,884,889,1012
113,881,889,1009,1012
113,882,1009,1010,1012
113,889,1008,1009,1017
113,889,1009,1012,1017
114,115,123,178,379
114,115,123,891,1010
114,115,175,178,370
114,115,175,367,370
114,115,178,370,379
114,115,879,882,1007
114,115,882,891,1010
114,115,882,1007,1010
114,116,121,180,377
114,116,121,889,1012
114,116,180,372,377
114,116,884,889,1012
114,119,122,183,375
114,119,122,887,1015
114,119,123,183,379
114,119,123,891,1015
114,119,183,375,379
114,119,887,891,1015
114,121,122,178,377
114,121,122,889,1010
114,121,178,180,377
114,121,889,1010,1012
114,122,178,183,370
114,122,178,370,377
114,122,183,370,375
114,122,882,887,1015
114,122,882,889,1010
114,122,882,1010,1015
114,123,178,183,379
114,123,891,1010,1015
114,172,178,361,370
114,172,361,364,370
114,175,178,363,370
114,175,363,367,370
114,178,180,370,377
114,178,183,370,379
114,180,370,372,377
114,183,370,375,379
114,873,876,882,1004
114,873,882,1004,1010
114,875,879,882,1007
114,875,882,1007,1010
114,882,884,889,1012
114,882,887,891,1015
114,882,889,1010,1012
114,882,891,1010,1015
115,117,123,181,379
115,117,123,891,1013
115,117,181,373,379
115,117,885,891,1013
115,123,178,187,379
115,123,181,187,379
115,123,891,1010,1019
115,123,891,1013,1019
115,171,175,179,363
115,171,176,179,363
115,175,178,179,370
115,175,179,363,371
115,175,179,370,371
115,175,363,367,371
115,175,367,370,371
115,176,179,181,368
115,176,179,363,368
115,178,179,187,379
115,178,179,370,379
115,179,181,187,379
115,179,181,368,371
115,179,181,371,379
115,179,363,368,371
115,179,370,371,379
115,181,368,371,373
115,181,371,373,379
115,875,879,883,1007
115,875,880,883,1011
115,875,880,1008,1011
115,875,883,1007,1011
115,875,1003,1007,1011
115,875,1003,1008,1011
115,879,882,883,1007
115,880,883,885,1013
115,880,883,1011,1013
115,880,1008,1011,1013
115,882,883,891,1011
115,882,883,1007,1011
115,882,891,1010,1011
115,882,1007,1010,1011
115,883,885,891,1013
115,883,891,1011,1013
115,891,1010,1011,1019
115,891,1011,1013,1019
118,120,121,182,377
118,120,121,889,1014
118,120,182,374,377
118,120,886,889,1014
119,122,123,183,379
119,122,123,891,1015
119,122,183,375,379
119,122,887,891,1015
120,121,160,185,377
120,121,182,185,377
120,121,889,992,1017
120,121,889,1014,1017
120,123,125,189,379
120,123,125,891,1021
120,123,176,187,379
120,123,187,189,379
120,123,891,1008,1019
120,123,891,1019,1021
120,125,189,379,381
120,125,891,893,1021
120,160,184,185,377
120,160,184,189,352
120,160,184,352,377
120,176,182,184,368
120,176,184,187,379
120,176,184,368,379
120,182,184,185,377
120,182,184,368,376
120,182,184,376,377
120,182,368,374,376
120,182,374,376,377
120,184,187,189,379
120,184,189,352,376
120,184,189,376,379
120,184,352,376,377
120,184,368,376,379
120,189,352,376,381
120,189,376,379,381
120,864,888,889,1016
120,864,888,893,1021
120,864,888,1016,1021
120,864,889,992,1016
120,864,992,1016,1021
120,880,886,888,1014
120,880,888,891,1016
120,880,888,1014,1016
120,880,891,1008,1016
120,880,1008,1014,1016
120,886,888,889,1014
120,888,889,1014,1016
120,888,891,893,1021
120,888,891,1016,1021
120,889,992,1016,1017
120,889,1014,1016,1017
120,891,1008,1016,1019
120,891,1016,1019,1021
121,122,124,188,377
121,122,124,889,1020
121,122,178,185,377
121,122,185,188,377
121,122,889,1010,1017
121,122,889,1017,1020
121,160,185,190,377
121,162,185,188,377
121,176,182,185,377
121,178,180,185,377
121,889,992,1017,1022
121,889,994,1017,1020
121,889,1008,1014,1017
121,889,1010,1012,1017
122,123,162,187,379
122,123,183,187,379
122,123,891,994,1019
122,123,891,1015,1019
122,124,188,377,380
122,124,889,892,1020
122,162,186,187,379
122,162,186,188,354
122,162,186,354,379
122,178,183,186,370
122,178,185,186,377
122,178,186,370,377
122,183,186,187,379
122,183,186,370,378
122,183,186,378,379
122,183,370,375,378
122,183,375,378,379
122,185,186,188,377
122,186,188,354,378
122,186,188,377,378
122,186,354,378,379
122,186,370,377,378
122,188,354,378,380
122,188,377,378,380
122,866,890,891,1018
122,866,890,892,1020
122,866,890,1018,1020
122,866,891,994,1018
122,866,994,1018,1020
122,882,887,890,1015
122,882,889,890,1018
122,882,889,1010,1018
122,882,890,1015,1018
122,882,1010,1015,1018
122,887,890,891,1015
122,889,890,892,1020
122,889,890,1018,1020
122,889,1010,1017,1018
122,889,1017,1018,1020
122,890,891,1015,1018
122,891,994,1018,1019
122,891,1015,1018,1019
123,160,187,189,379
123,162,187,191,379
123,176,181,187,379
123,178,183,187,379
123,891,992,1019,1021
123,891,994,1019,1023
123,891,1008,1013,1019
123,891,1010,1015,1019
192,193,201,257,297
192,193,222,257,288
192,193,257,288,297
192,195,197,259,288
192,195,219,259,315
192,195,259,288,315
192,197,203,267,299
192,197,256,259,288
192,197,256,267,299
192,197,256,288,299
192,198,200,264,288
192,198,201,265,297
192,198,256,264,288
192,198,256,265,297
192,198,256,288,297
192,200,203,264,299
192,200,264,288,299
192,201,257,265,297
192,203,264,267,299
192,216,217,280,313
192,216,221,280,288
192,216,280,288,313
192,217,222,281,313
192,217,280,281,313
192,219,221,283,315
192,219,259,283,315
192,221,256,280,288
192,221,256,283,315
192,221,256,288,315
192,222,256,257,288
192,222,256,281,313
192,222,256,288,313
192,256,257,265,297
192,256,257,288,297
192,256,259,283,315
192,256,259,288,315
192,256,264,267,299
192,256,264,288,299
192,256,280,281,313
192,256,280,288,313
193,194,196,257,290
193,194,217,257,313
193,194,257,290,313
193,196,201,257,297
193,196,257,289,290
193,196,257,289,297
193,217,222,257,313
193,222,257,288,289
193,222,257,289,313
193,257,288,289,297
193,257,289,290,313
194,195,203,259,299
194,195,223,259,290
194,195,259,290,299
194,196,201,265,297
194,196,257,258,290
194,196,258,265,297
194,196,258,290,297
194,199,202,266,290
194,199,203,267,299
194,199,258,266,290
194,199,258,267,299
194,199,258,290,299
194,201,202,266,297
194,201,265,266,297
194,202,266,290,297
194,203,259,267,299
194,217,220,281,313
194,217,257,281,313
194,218,219,282,315
194,218,220,282,290
194,218,282,290,315
194,219,223,283,315
194,219,282,283,315
194,220,258,281,313
194,220,258,282,290
194,220,258,290,313
194,223,258,259,290
194,223,258,283,315
194,223,258,290,315
194,257,258,281,313
194,257,258,290,313
194,258,259,267,299
194,258,259,290,299
194,258,265,266,297
194,258,266,290,297
194,258,282,283,315
194,258,282,290,315
195,197,203,259,299
195,197,259,288,291
195,197,259,291,299
195,219,223,259,315
195,223,259,290,291
195,223,259,291,315
195,259,288,291,315
195,259,290,291,299
196,201,257,265,297
196,257,258,260,292
196,257,258,290,292
196,257,260,265,297
196,257,260,292,297
196,257,289,290,292
196,257,289,292,297
196,258,260,265,297
196,258,260,292,297
196,258,290,292,297
197,203,259,267,299
197,256,259,261,293
197,256,259,288,293
197,256,261,267,299
197,256,261,293,299
197,256,288,293,299
197,259,261,267,299
197,259,261,293,299
197,259,288,291,293
197,259,291,293,299
198,200,201,264,297
198,200,264,288,296
198,200,264,296,297
198,201,264,265,297
198,256,262,264,294
198,256,262,265,297
198,256,262,294,297
198,256,264,288,294
198,256,288,294,297
198,262,264,265,297
198,262,264,294,297
198,264,288,294,296
198,264,294,296,297
199,202,203,266,299
199,202,266,290,298
199,202,266,298,299
199,203,266,267,299
199,258,263,266,295
199,258,263,267,299
199,258,263,295,299
199,258,266,290,295
199,258,290,295,299
199,263,266,267,299
199,263,266,295,299
199,266,290,295,298
199,266,295,298,299
200,201,208,264,297
200,203,205,264,299
200,205,208,264,304
200,205,264,296,299
200,205,264,296,304
200,208,264,297,304
200,264,288,296,299
200,264,296,297,304
201,202,204,266,297
201,204,210,265,297
201,204,265,266,297
201,206,208,265,297
201,206,209,273,297
201,206,265,273,297
201,208,264,265,297
201,209,210,273,297
201,210,265,273,297
202,203,210,266,299
202,204,210,266,306
202,204,266,297,298
202,204,266,298,306
202,210,266,299,306
202,266,290,297,298
202,266,298,299,306
203,205,208,267,299
203,205,264,267,299
203,207,210,267,299
203,207,211,275,299
203,207,267,275,299
203,208,211,275,299
203,208,267,275,299
203,210,266,267,299
204,210,265,274,297
204,210,266,274,306
204,210,274,297,306
204,265,266,268,297
204,265,268,274,297
204,266,268,274,300
204,266,268,297,300
204,266,274,300,306
204,266,297,298,300
204,266,298,300,306
204,268,274,297,300
204,274,297,300,306
205,208,264,272,304
205,208,267,272,299
205,208,272,299,304
205,264,267,269,299
205,264,269,272,301
205,264,269,299,301
205,264,272,301,304
205,264,296,299,301
205,264,296,301,304
205,267,269,272,299
205,269,272,299,301
205,272,299,301,304
206,208,209,273,304
206,208,265,272,297
206,208,272,273,304
206,208,272,297,304
206,209,273,297,305
206,209,273,304,305
206,265,270,272,297
206,265,270,273,297
206,270,272,273,302
206,270,272,297,302
206,270,273,297,302
206,272,273,302,304
206,272,297,302,304
206,273,297,302,305
206,273,302,304,305
207,210,211,275,306
207,210,267,274,299
207,210,274,275,306
207,210,274,299,306
207,211,275,299,307
207,211,275,306,307
207,267,271,274,299
207,267,271,275,299
207,271,274,275,303
207,271,274,299,303
207,271,275,299,303
207,274,275,303,306
207,274,299,303,306
207,275,299,303,307
207,275,303,306,307
208,209,217,273,313
208,209,273,304,313
208,211,213,275,304
208,211,275,299,304
208,213,219,283,315
208,213,272,275,304
208,213,272,283,315
208,213,272,304,315
208,214,216,280,304
208,214,217,281,313
208,214,272,280,304
208,214,272,281,313
208,214,272,304,313
208,216,219,280,315
208,216,280,304,315
208,217,273,281,313
208,219,280,283,315
208,264,265,272,297
208,264,272,297,304
208,267,272,275,299
208,272,273,281,313
208,272,273,304,313
208,272,275,299,304
208,272,280,283,315
208,272,280,304,315
209,210,212,273,306
209,210,273,297,306
209,212,217,273,313
209,212,273,305,306
209,212,273,305,313
209,273,297,305,306
209,273,304,305,313
210,211,219,275,315
210,211,275,306,315
210,212,217,281,313
210,212,273,274,306
210,212,274,281,313
210,212,274,306,313
210,215,218,282,306
210,215,219,283,315
210,215,274,282,306
210,215,274,283,315
210,215,274,306,315
210,217,218,282,313
210,217,281,282,313
210,218,282,306,313
210,219,275,283,315
210,265,273,274,297
210,266,267,274,299
210,266,274,299,306
210,273,274,297,306
210,274,275,283,315
210,274,275,306,315
210,274,281,282,313
210,274,282,306,313
211,213,219,275,315
211,213,275,304,307
211,213,275,307,315
211,275,299,304,307
211,275,306,307,315
212,217,273,281,313
212,273,274,276,308
212,273,274,306,308
212,273,276,281,313
212,273,276,308,313
212,273,305,306,308
212,273,305,308,313
212,274,276,281,313
212,274,276,308,313
212,274,306,308,313
213,219,275,283,315
213,272,275,277,309
213,272,275,304,309
213,272,277,283,315
213,272,277,309,315
213,272,304,309,315
213,275,277,283,315
213,275,277,309,315
213,275,304,307,309
213,275,307,309,315
214,216,217,280,313
214,216,280,304,312
214,216,280,312,313
214,217,280,281,313
214,272,278,280,310
214,272,278,281,313
214,272,278,310,313
214,272,280,304,310
214,272,304,310,313
214,278,280,281,313
214,278,280,310,313
214,280,304,310,312
214,280,310,312,313
215,218,219,282,315
215,218,282,306,314
215,218,282,314,315
215,219,282,283,315
215,274,279,282,311
215,274,279,283,315
215,274,279,311,315
215,274,282,306,311
215,274,306,311,315
215,279,282,283,315
215,279,282,311,315
215,282,306,311,314
215,282,311,314,315
216,219,221,280,315
216,221,280,288,312
216,221,280,312,315
216,280,288,312,313
216,280,304,312,315
217,218,220,282,313
217,220,281,282,313
217,222,257,281,313
218,220,282,290,314
218,220,282,313,314
218,282,290,314,315
218,282,306,313,314
219,221,280,283,315
219,223,259,283,315
220,258,281,284,313
220,258,282,284,316
220,258,282,290,316
220,258,284,313,316
220,258,290,313,316
220,281,282,284,313
220,282,284,313,316
220,282,290,314,316
220,282,313,314,316
221,256,280,285,317
221,256,280,288,317
221,256,283,285,315
221,256,285,315,317
221,256,288,315,317
221,280,283,285,315
221,280,285,315,317
221,280,288,312,317
221,280,312,315,317
222,256,257,286,318
222,256,257,288,318
222,256,281,286,313
222,256,286,313,318
222,256,288,313,318
222,257,281,286,313
222,257,286,313,318
222,257,288,289,318
222,257,289,313,318
223,258,259,287,319
223,258,259,290,319
223,258,283,287,315
223,258,287,315,319
223,258,290,315,319
223,259,283,287,315
223,259,287,315,319
223,259,290,291,319
223,259,291,315,319
224,225,233,321,361
224,225,254,321,352
224,225,321,352,361
224,227,229,323,352
224,227,251,323,379
224,227,323,352,379
224,229,235,331,363
224,229,320,323,352
224,229,320,331,363
224,229,320,352,363
224,230,232,328,352
224,230,233,329,361
224,230,320,328,352
224,230,320,329,361
224,230,320,352,361
224,232,235,328,363
224,232,328,352,363
224,233,321,329,361
224,235,328,331,363
224,248,249,344,377
224,248,253,344,352
224,248,344,352,377
224,249,254,345,377
224,249,344,345,377
224,251,253,347,379
224,251,323,347,379
224,253,320,344,352
224,253,320,347,379
224,253,320,352,379
224,254,320,321,352
224,254,320,345,377
224,254,320,352,377
224,320,321,329,361
224,320,321,352,361
224,320,323,347,379
224,320,323,352,379
224,320,328,331,363
224,320,328,352,363
224,320,344,345,377
224,320,344,352,377
225,226,228,321,354
225,226,249,321,377
225,226,321,354,377
225,228,233,321,361
225,228,321,353,354
225,228,321,353,361
225,249,254,321,377
225,254,321,352,353
225,254,321,353,377
225,321,352,353,361
225,321,353,354,377
226,227,235,323,363
226,227,255,323,354
226,227,323,354,363
226,228,233,329,361
226,228,321,322,354
226,228,322,329,361
226,228,322,354,361
226,231,234,330,354
226,231,235,331,363
226,231,322,330,354
226,231,322,331,363
226,231,322,354,363
226,233,234,330,361
226,233,329,330,361
226,234,330,354,361
226,235,323,331,363
226,249,252,345,377
226,249,321,345,377
226,250,251,346,379
226,250,252,346,354
226,250,346,354,379
226,251,255,347,379
226,251,346,347,379
226,252,322,345,377
226,252,322,346,354
226,252,322,354,377
226,255,322,323,354
226,255,322,347,379
226,255,322,354,379
226,321,322,345,377
226,321,322,354,377
226,322,323,331,363
226,322,323,354,363
226,322,329,330,361
226,322,330,354,361
226,322,346,347,379
226,322,346,354,379
227,229,235,323,363
227,229,323,352,355
227,229,323,355,363
227,251,255,323,379
227,255,323,354,355
227,255,323,355,379
227,323,352,355,379
227,323,354,355,363
228,233,321,329,361
228,321,322,324,356
228,321,322,354,356
228,321,324,329,361
228,321,324,356,361
228,321,353,354,356
228,321,353,356,361
228,322,324,329,361
228,322,324,356,361
228,322,354,356,361
229,235,323,331,363
229,320,323,325,357
229,320,323,352,357
229,320,325,331,363
229,320,325,357,363
229,320,352,357,363
229,323,325,331,363
229,323,325,357,363
229,323,352,355,357
229,323,355,357,363
230,232,233,328,361
230,232,328,352,360
230,232,328,360,361
230,233,328,329,361
230,320,326,328,358
230,320,326,329,361
230,320,326,358,361
230,320,328,352,358
230,320,352,358,361
230,326,328,329,361
230,326,328,358,361
230,328,352,358,360
230,328,358,360,361
231,234,235,330,363
231,234,330,354,362
231,234,330,362,363
231,235,330,331,363
231,322,327,330,359
231,322,327,331,363
231,322,327,359,363
231,322,330,354,359
231,322,354,359,363
231,327,330,331,363
231,327,330,359,363
231,330,354,359,362
231,330,359,362,363
232,233,240,328,361
232,235,237,328,363
232,237,240,328,368
232,237,328,360,363
232,237,328,360,368
232,240,328,361,368
232,328,352,360,363
232,328,360,361,368
233,234,236,330,361
233,236,242,329,361
233,236,329,330,361
233,238,240,329,361
233,238,241,337,361
233,238,329,337,361
233,240,328,329,361
233,241,242,337,361
233,242,329,337,361
234,235,242,330,363
234,236,242,330,370
234,236,330,361,362
234,236,330,362,370
234,242,330,363,370
234,330,354,361,362
234,330,362,363,370
235,237,240,331,363
235,237,328,331,363
235,239,242,331,363
235,239,243,339,363
235,239,331,339,363
235,240,243,339,363
235,240,331,339,363
235,242,330,331,363
236,242,329,338,361
236,242,330,338,370
236,242,338,361,370
236,329,330,332,361
236,329,332,338,361
236,330,332,338,364
236,330,332,361,364
236,330,338,364,370
236,330,361,362,364
236,330,362,364,370
236,332,338,361,364
236,338,361,364,370
237,240,328,336,368
237,240,331,336,363
237,240,336,363,368
237,328,331,333,363
237,328,333,336,365
237,328,333,363,365
237,328,336,365,368
237,328,360,363,365
237,328,360,365,368
237,331,333,336,363
237,333,336,363,365
237,336,363,365,368
238,240,241,337,368
238,240,329,336,361
238,240,336,337,368
238,240,336,361,368
238,241,337,361,369
238,241,337,368,369
238,329,334,336,361
238,329,334,337,361
238,334,336,337,366
238,334,336,361,366
238,334,337,361,366
238,336,337,366,368
238,336,361,366,368
238,337,361,366,369
238,337,366,368,369
239,242,243,339,370
239,242,331,338,363
239,242,338,339,370
239,242,338,363,370
239,243,339,363,371
239,243,339,370,371
239,331,335,338,363
239,331,335,339,363
239,335,338,339,367
239,335,338,363,367
239,335,339,363,367
239,338,339,367,370
239,338,363,367,370
239,339,363,367,371
239,339,367,370,371
240,241,249,337,377
240,241,337,368,377
240,243,245,339,368
240,243,339,363,368
240,245,251,347,379
240,245,336,339,368
240,245,336,347,379
240,245,336,368,379
240,246,248,344,368
240,246,249,345,377
240,246,336,344,368
240,246,336,345,377
240,246,336,368,377
240,248,251,344,379
240,248,344,368,379
240,249,337,345,377
240,251,344,347,379
240,328,329,336,361
240,328,336,361,368
240,331,336,339,363
240,336,337,345,377
240,336,337,368,377
240,336,339,363,368
240,336,344,347,379
240,336,344,368,379
241,242,244,337,370
241,242,337,361,370
241,244,249,337,377
241,244,337,369,370
241,244,337,369,377
241,337,361,369,370
241,337,368,369,377
242,243,251,339,379
242,243,339,370,379
242,244,249,345,377
242,244,337,338,370
242,244,338,345,377
242,244,338,370,377
242,247,250,346,370
242,247,251,347,379
242,247,338,346,370
242,247,338,347,379
242,247,338,370,379
242,249,250,346,377
242,249,345,346,377
242,250,346,370,377
242,251,339,347,379
242,329,337,338,361
242,330,331,338,363
242,330,338,363,370
242,337,338,361,370
242,338,339,347,379
242,338,339,370,379
242,338,345,346,377
242,338,346,370,377
243,245,251,339,379
243,245,339,368,371
243,245,339,371,379
243,339,363,368,371
243,339,370,371,379
244,249,337,345,377
244,337,338,340,372
244,337,338,370,372
244,337,340,345,377
244,337,340,372,377
244,337,369,370,372
244,337,369,372,377
244,338,340,345,377
244,338,340,372,377
244,338,370,372,377
245,251,339,347,379
245,336,339,341,373
245,336,339,368,373
245,336,341,347,379
245,336,341,373,379
245,336,368,373,379
245,339,341,347,379
245,339,341,373,379
245,339,368,371,373
245,339,371,373,379
246,248,249,344,377
246,248,344,368,376
246,248,344,376,377
246,249,344,345,377
246,336,342,344,374
246,336,342,345,377
246,336,342,374,377
246,336,344,368,374
246,336,368,374,377
246,342,344,345,377
246,342,344,374,377
246,344,368,374,376
246,344,374,376,377
247,250,251,346,379
247,250,346,370,378
247,250,346,378,379
247,251,346,347,379
247,338,343,346,375
247,338,343,347,379
247,338,343,375,379
247,338,346,370,375
247,338,370,375,379
247,343,346,347,379
247,343,346,375,379
247,346,370,375,378
247,346,375,378,379
248,251,253,344,379
248,253,344,352,376
248,253,344,376,379
248,344,352,376,377
248,344,368,376,379
249,250,252,346,377
249,252,345,346,377
249,254,321,345,377
250,252,346,354,378
250,252,346,377,378
250,346,354,378,379
250,346,370,377,378
251,253,344,347,379
251,255,323,347,379
252,322,345,348,377
252,322,346,348,380
252,322,346,354,380
252,322,348,377,380
252,322,354,377,380
252,345,346,348,377
252,346,348,377,380
252,346,354,378,380
252,346,377,378,380
253,320,344,349,381
253,320,344,352,381
253,320,347,349,379
253,320,349,379,381
253,320,352,379,381
253,344,347,349,379
253,344,349,379,381
253,344,352,376,381
253,344,376,379,381
254,320,321,350,382
254,320,321,352,382
254,320,345,350,377
254,320,350,377,382
254,320,352,377,382
254,321,345,350,377
254,321,350,377,382
254,321,352,353,382
254,321,353,377,382
255,322,323,351,383
255,322,323,354,383
255,322,347,351,379
255,322,351,379,383
255,322,354,379,383
255,323,347,351,379
255,323,351,379,383
255,323,354,355,383
255,323,355,379,383
256,257,265,297,512
256,257,265,361,416
256,257,265,416,512
256,257,286,318,512
256,257,286,382,446
256,257,286,446,512
256,257,288,297,512
256,257,288,318,512
256,257,352,361,416
256,257,352,382,446
256,257,352,416,446
256,257,416,446,512
256,259,261,293,512
256,259,261,357,421
256,259,261,421,512
256,259,283,315,512
256,259,283,379,416
256,259,283,416,512
256,259,288,293,512
256,259,288,315,512
256,259,352,357,421
256,259,352,379,416
256,259,352,416,421
256,259,416,421,512
256,261,267,299,512
256,261,267,363,421
256,261,267,421,512
256,261,293,299,512
256,261,357,363,421
256,262,264,294,512
256,262,264,358,422
256,262,264,422,512
256,262,265,297,512
256,262,265,361,422
256,262,265,422,512
256,262,294,297,512
256,262,358,361,422
256,264,267,299,512
256,264,267,363,416
256,264,267,416,512
256,264,288,294,512
256,264,288,299,512
256,264,352,358,422
256,264,352,363,416
256,264,352,416,422
256,264,416,422,512
256,265,361,416,422
256,265,416,422,512
256,267,363,416,421
256,267,416,421,512
256,280,281,313,512
256,280,281,377,416
256,280,281,416,512
256,280,285,317,512
256,280,285,381,445
256,280,285,445,512
256,280,288,313,512
256,280,288,317,512
256,280,352,377,416
256,280,352,381,445
256,280,352,416,445
256,280,416,445,512
256,281,286,313,512
256,281,286,377,446
256,281,286,446,512
256,281,377,416,446
256,281,416,446,512
256,283,285,315,512
256,283,285,379,445
256,283,285,445,512
256,283,379,416,445
256,283,416,445,512
256,285,315,317,512
256,285,379,381,445
256,286,313,318,512
256,286,377,382,446
256,288,293,299,512
256,288,294,297,512
256,288,313,318,512
256,288,315,317,512
256,352,357,363,421
256,352,358,361,422
256,352,361,416,422
256,352,363,416,421
256,352,377,382,446
256,352,377,416,446
256,352,379,381,445
256,352,379,416,445
257,258,260,292,514
257,258,260,356,420
257,258,260,420,514
257,258,281,313,514
257,258,281,377,418
257,258,281,418,514
257,258,290,292,514
257,258,290,313,514
257,258,354,356,420
257,258,354,377,418
257,258,354,418,420
257,258,418,420,514
257,260,265,297,521
257,260,265,361,420
257,260,265,420,521
257,260,292,297,516
257,260,292,514,516
257,260,297,516,521
257,260,356,361,420
257,260,420,514,516
257,260,420,516,521
257,265,297,512,521
257,265,361,416,425
257,265,361,420,425
257,265,416,425,512
257,265,420,425,521
257,265,425,512,521
257,281,286,313,537
257,281,286,377,446
257,281,286,446,537
257,281,313,514,537
257,281,377,418,441
257,281,377,441,446
257,281,418,441,514
257,281,441,446,537
257,281,441,514,537
257,286,313,318,542
257,286,313,537,542
257,286,318,512,542
257,286,377,382,446
257,286,446,512,542
257,286,446,537,542
257,288,289,297,512
257,288,289,318,512
257,289,290,292,514
257,289,290,313,514
257,289,292,297,516
257,289,292,514,516
257,289,297,512,513
257,289,297,513,516
257,289,313,318,542
257,289,313,513,514
257,289,313,513,542
257,289,318,512,542
257,289,512,513,542
257,289,513,514,516
257,297,512,513,521
257,297,513,516,521
257,313,513,514,537
257,313,513,537,542
257,352,353,361,417
257,352,353,382,446
257,352,353,417,446
257,352,361,416,417
257,352,416,417,446
257,353,354,356,420
257,353,354,377,417
257,353,354,417,420
257,353,356,361,420
257,353,361,417,420
257,353,377,382,446
257,353,377,417,446
257,354,377,417,418
257,354,417,418,420
257,361,416,417,425
257,361,417,420,425
257,377,417,418,441
257,377,417,441,446
257,416,417,425,512
257,416,417,446,512
257,417,418,420,514
257,417,418,441,514
257,417,420,425,513
257,417,420,513,514
257,417,425,512,513
257,417,441,446,513
257,417,441,513,514
257,417,446,512,513
257,420,425,513,521
257,420,513,514,516
257,420,513,516,521
257,425,512,513,521
257,441,446,513,537
257,441,513,514,537
257,446,512,513,542
257,446,513,537,542
258,259,267,299,514
258,259,267,363,418
258,259,267,418,514
258,259,287,319,514
258,259,287,383,447
258,259,287,447,514
258,259,290,299,514
258,259,290,319,514
258,259,354,363,418
258,259,354,383,447
258,259,354,418,447
258,259,418,447,514
258,260,265,297,514
258,260,265,361,420
258,260,265,420,514
258,260,292,297,514
258,260,356,361,420
258,263,266,295,514
258,263,266,359,423
258,263,266,423,514
258,263,267,299,514
258,263,267,363,423
258,263,267,423,514
258,263,295,299,514
258,263,359,363,423
258,265,266,297,514
258,265,266,361,418
258,265,266,418,514
258,265,361,418,420
258,265,418,420,514
258,266,290,295,514
258,266,290,297,514
258,266,354,359,423
258,266,354,361,418
258,266,354,418,423
258,266,418,423,514
258,267,363,418,423
258,267,418,423,514
258,281,284,313,514
258,281,284,377,444
258,281,284,444,514
258,281,377,418,444
258,281,418,444,514
258,282,283,315,514
258,282,283,379,418
258,282,283,418,514
258,282,284,316,514
258,282,284,380,444
258,282,284,444,514
258,282,290,315,514
258,282,290,316,514
258,282,354,379,418
258,282,354,380,444
258,282,354,418,444
258,282,418,444,514
258,283,287,315,514
258,283,287,379,447
258,283,287,447,514
258,283,379,418,447
258,283,418,447,514
258,284,313,316,514
258,284,377,380,444
258,287,315,319,514
258,287,379,383,447
258,290,292,297,514
258,290,295,299,514
258,290,313,316,514
258,290,315,319,514
258,354,356,361,420
258,354,359,363,423
258,354,361,418,420
258,354,363,418,423
258,354,377,380,444
258,354,377,418,444
258,354,379,383,447
258,354,379,418,447
259,261,267,299,523
259,261,267,363,421
259,261,267,421,523
259,261,293,299,517
259,261,293,512,517
259,261,299,517,523
259,261,357,363,421
259,261,421,512,517
259,261,421,517,523
259,267,299,514,523
259,267,363,418,427
259,267,363,421,427
259,267,418,427,514
259,267,421,427,523
259,267,427,514,523
259,283,287,315,539
259,283,287,379,447
259,283,287,447,539
259,283,315,512,539
259,283,379,416,443
259,283,379,443,447
259,283,416,443,512
259,283,443,447,539
259,283,443,512,539
259,287,315,319,543
259,287,315,539,543
259,287,319,514,543
259,287,379,383,447
259,287,447,514,543
259,287,447,539,543
259,288,291,293,512
259,288,291,315,512
259,290,291,299,514
259,290,291,319,514
259,291,293,299,517
259,291,293,512,517
259,291,299,514,515
259,291,299,515,517
259,291,315,319,543
259,291,315,512,515
259,291,315,515,543
259,291,319,514,543
259,291,512,515,517
259,291,514,515,543
259,299,514,515,523
259,299,515,517,523
259,315,512,515,539
259,315,515,539,543
259,352,355,357,421
259,352,355,379,419
259,352,355,419,421
259,352,379,416,419
259,352,416,419,421
259,354,355,363,419
259,354,355,383,447
259,354,355,419,447
259,354,363,418,419
259,354,418,419,447
259,355,357,363,421
259,355,363,419,421
259,355,379,383,447
259,355,379,419,447
259,363,418,419,427
259,363,419,421,427
259,379,416,419,443
259,379,419,443,447
259,416,419,421,512
259,416,419,443,512
259,418,419,427,514
259,418,419,447,514
259,419,421,427,515
259,419,421,512,515
259,419,427,514,515
259,419,443,447,515
259,419,443,512,515
259,419,447,514,515
259,421,427,515,523
259,421,512,515,517
259,421,515,517,523
259,427,514,515,523
259,443,447,515,539
259,443,512,515,539
259,447,514,515,543
259,447,515,539,543
260,265,297,514,521
260,265,420,514,521
260,292,297,514,516
260,297,514,516,521
260,420,514,516,521
261,267,299,512,523
261,267,421,512,523
261,293,299,512,517
261,299,512,517,523
261,421,512,517,523
262,264,265,297,521
262,264,265,361,422
262,264,265,422,521
262,264,294,297,518
262,264,294,512,518
262,264,297,518,521
262,264,358,361,422
262,264,422,512,518
262,264,422,518,521
262,265,297,512,521
262,265,422,512,521
262,294,297,512,518
262,297,512,518,521
262,422,512,518,521
263,266,267,299,523
263,266,267,363,423
263,266,267,423,523
263,266,295,299,519
263,266,295,514,519
263,266,299,519,523
263,266,359,363,423
263,266,423,514,519
263,266,423,519,523
263,267,299,514,523
263,267,423,514,523
263,295,299,514,519
263,299,514,519,523
263,423,514,519,523
264,265,272,297,528
264,265,272,361,432
264,265,272,432,528
264,265,297,521,528
264,265,361,422,425
264,265,361,425,432
264,265,422,425,521
264,265,425,432,528
264,265,425,521,528
264,267,269,299,523
264,267,269,363,429
264,267,269,429,523
264,267,299,512,523
264,267,363,416,427
264,267,363,427,429
264,267,416,427,512
264,267,427,429,523
264,267,427,512,523
264,269,272,301,528
264,269,272,365,429
264,269,272,429,528
264,269,299,301,525
264,269,299,523,525
264,269,301,525,528
264,269,363,365,429
264,269,429,523,525
264,269,429,525,528
264,272,297,304,528
264,272,301,304,528
264,272,361,368,432
264,272,365,368,429
264,272,368,429,432
264,272,429,432,528
264,288,294,296,512
264,288,296,299,512
264,294,296,297,518
264,294,296,512,518
264,296,297,304,528
264,296,297,518,520
264,296,297,520,528
264,296,299,301,525
264,296,299,512,520
264,296,299,520,525
264,296,301,304,528
264,296,301,525,528
264,296,512,518,520
264,296,520,525,528
264,297,518,520,521
264,297,520,521,528
264,299,512,520,523
264,299,520,523,525
264,352,358,360,422
264,352,360,363,424
264,352,360,422,424
264,352,363,416,424
264,352,416,422,424
264,358,360,361,422
264,360,361,368,424
264,360,361,422,424
264,360,363,365,429
264,360,363,424,429
264,360,365,368,429
264,360,368,424,429
264,361,368,424,432
264,361,422,424,425
264,361,424,425,432
264,363,416,424,427
264,363,424,427,429
264,368,424,429,432
264,416,422,424,512
264,416,424,427,512
264,422,424,425,520
264,422,424,512,520
264,422,425,520,521
264,422,512,518,520
264,422,518,520,521
264,424,425,432,528
264,424,425,520,528
264,424,427,429,520
264,424,427,512,520
264,424,429,432,528
264,424,429,520,528
264,425,520,521,528
264,427,429,520,523
264,427,512,520,523
264,429,520,523,525
264,429,520,525,528
265,266,268,297,521
265,266,268,361,428
265,266,268,428,521
265,266,297,514,521
265,266,361,418,425
265,266,361,425,428
265,266,418,425,514
265,266,425,428,521
265,266,425,514,521
265,268,274,297,530
265,268,274,361,428
265,268,274,428,530
265,268,297,521,530
265,268,428,521,530
265,270,272,297,528
265,270,272,361,430
265,270,272,430,528
265,270,273,297,521
265,270,273,361,430
265,270,273,430,521
265,270,297,521,528
265,270,430,521,528
265,272,361,430,432
265,272,430,432,528
265,273,274,297,530
265,273,274,361,434
265,273,274,434,530
265,273,297,521,530
265,273,361,425,430
265,273,361,425,434
265,273,425,430,521
265,273,425,434,530
265,273,425,521,530
265,274,361,428,434
265,274,428,434,530
265,361,416,422,425
265,361,418,420,425
265,361,425,428,434
265,361,425,430,432
265,416,422,425,512
265,418,420,425,514
265,420,425,514,521
265,422,425,512,521
265,425,428,434,530
265,425,428,521,530
265,425,430,432,528
265,425,430,521,528
266,267,274,299,530
266,267,274,363,434
266,267,274,434,530
266,267,299,523,530
266,267,363,423,427
266,267,363,427,434
266,267,423,427,523
266,267,427,434,530
266,267,427,523,530
266,268,274,300,530
266,268,274,364,428
266,268,274,428,530
266,268,297,300,524
266,268,297,521,524
266,268,300,524,530
266,268,361,364,428
266,268,428,521,524
266,268,428,524,530
266,274,299,306,530
266,274,300,306,530
266,274,363,370,434
266,274,364,370,428
266,274,370,428,434
266,274,428,434,530
266,290,295,298,514
266,290,297,298,514
266,295,298,299,519
266,295,298,514,519
266,297,298,300,524
266,297,298,514,522
266,297,298,522,524
266,297,514,521,522
266,297,521,522,524
266,298,299,306,530
266,298,299,519,522
266,298,299,522,530
266,298,300,306,530
266,298,300,524,530
266,298,514,519,522
266,298,522,524,530
266,299,519,522,523
266,299,522,523,530
266,354,359,362,423
266,354,361,362,426
266,354,361,418,426
266,354,362,423,426
266,354,418,423,426
266,359,362,363,423
266,361,362,364,428
266,361,362,426,428
266,361,418,425,426
266,361,425,426,428
266,362,363,370,426
266,362,363,423,426
266,362,364,370,428
266,362,370,426,428
266,363,370,426,434
266,363,423,426,427
266,363,426,427,434
266,370,426,428,434
266,418,423,426,514
266,418,425,426,514
266,423,426,427,522
266,423,426,514,522
266,423,427,522,523
266,423,514,519,522
266,423,519,522,523
266,425,426,428,522
266,425,426,514,522
266,425,428,521,522
266,425,514,521,522
266,426,427,434,530
266,426,427,522,530
266,426,428,434,530
266,426,428,522,530
266,427,522,523,530
266,428,521,522,524
266,428,522,524,530
267,269,272,299,528
267,269,272,363,429
267,269,272,429,528
267,269,299,523,528
267,269,429,523,528
267,271,274,299,530
267,271,274,363,431
267,271,274,431,530
267,271,275,299,523
267,271,275,363,431
267,271,275,431,523
267,271,299,523,530
267,271,431,523,530
267,272,275,299,528
267,272,275,363,432
267,272,275,432,528
267,272,363,429,432
267,272,429,432,528
267,274,363,431,434
267,274,431,434,530
267,275,299,523,528
267,275,363,427,431
267,275,363,427,432
267,275,427,431,523
267,275,427,432,528
267,275,427,523,528
267,363,416,421,427
267,363,418,423,427
267,363,427,429,432
267,363,427,431,434
267,416,421,427,512
267,418,423,427,514
267,421,427,512,523
267,423,427,514,523
267,427,429,432,528
267,427,429,523,528
267,427,431,434,530
267,427,431,523,530
268,274,297,300,530
268,274,361,364,428
268,297,300,524,530
268,297,521,524,530
268,428,521,524,530
269,272,299,301,528
269,272,363,365,429
269,299,301,525,528
269,299,523,525,528
269,429,523,525,528
270,272,273,302,528
270,272,273,366,430
270,272,273,430,528
270,272,297,302,528
270,272,361,366,430
270,273,297,302,526
270,273,297,521,526
270,273,302,526,528
270,273,361,366,430
270,273,430,521,526
270,273,430,526,528
270,297,302,526,528
270,297,521,526,528
270,430,521,526,528
271,274,275,303,530
271,274,275,367,431
271,274,275,431,530
271,274,299,303,530
271,274,363,367,431
271,275,299,303,527
271,275,299,523,527
271,275,303,527,530
271,275,363,367,431
271,275,431,523,527
271,275,431,527,530
271,299,303,527,530
271,299,523,527,530
271,431,523,527,530
272,273,281,313,528
272,273,281,377,432
272,273,281,432,528
272,273,302,304,528
272,273,304,313,528
272,273,366,368,430
272,273,368,377,432
272,273,368,430,432
272,273,430,432,528
272,275,277,309,528
272,275,277,373,437
272,275,277,437,528
272,275,299,304,528
272,275,304,309,528
272,275,363,368,432
272,275,368,373,437
272,275,368,432,437
272,275,432,437,528
272,277,283,315,528
272,277,283,379,437
272,277,283,437,528
272,277,309,315,528
272,277,373,379,437
272,278,280,310,528
272,278,280,374,438
272,278,280,438,528
272,278,281,313,528
272,278,281,377,438
272,278,281,438,528
272,278,310,313,528
272,278,374,377,438
272,280,283,315,528
272,280,283,379,432
272,280,283,432,528
272,280,304,310,528
272,280,304,315,528
272,280,368,374,438
272,280,368,379,432
272,280,368,432,438
272,280,432,438,528
272,281,377,432,438
272,281,432,438,528
272,283,379,432,437
272,283,432,437,528
272,297,302,304,528
272,299,301,304,528
272,304,309,315,528
272,304,310,313,528
272,361,366,368,430
272,361,368,430,432
272,363,365,368,429
272,363,368,429,432
272,368,373,379,437
272,368,374,377,438
272,368,377,432,438
272,368,379,432,437
273,274,276,308,530
273,274,276,372,436
273,274,276,436,530
273,274,297,306,530
273,274,306,308,530
273,274,361,370,434
273,274,370,372,436
273,274,370,434,436
273,274,434,436,530
273,276,281,313,537
273,276,281,377,436
273,276,281,436,537
273,276,308,313,532
273,276,308,530,532
273,276,313,532,537
273,276,372,377,436
273,276,436,530,532
273,276,436,532,537
273,281,313,528,537
273,281,377,432,441
273,281,377,436,441
273,281,432,441,528
273,281,436,441,537
273,281,441,528,537
273,297,302,305,526
273,297,305,306,530
273,297,305,526,529
273,297,305,529,530
273,297,521,526,529
273,297,521,529,530
273,302,304,305,528
273,302,305,526,528
273,304,305,313,528
273,305,306,308,530
273,305,308,313,532
273,305,308,530,532
273,305,313,528,529
273,305,313,529,532
273,305,526,528,529
273,305,529,530,532
273,313,528,529,537
273,313,529,532,537
273,361,366,369,430
273,361,369,370,433
273,361,369,430,433
273,361,370,433,434
273,361,425,430,433
273,361,425,433,434
273,366,368,369,430
273,368,369,377,433
273,368,369,430,433
273,368,377,432,433
273,368,430,432,433
273,369,370,372,436
273,369,370,433,436
273,369,372,377,436
273,369,377,433,436
273,370,433,434,436
273,377,432,433,441
273,377,433,436,441
273,425,430,433,529
273,425,430,521,529
273,425,433,434,530
273,425,433,529,530
273,425,521,529,530
273,430,432,433,528
273,430,433,528,529
273,430,521,526,529
273,430,526,528,529
273,432,433,441,528
273,433,434,436,530
273,433,436,441,529
273,433,436,529,530
273,433,441,528,529
273,436,441,529,537
273,436,529,530,532
273,436,529,532,537
273,441,528,529,537
274,275,283,315,530
274,275,283,379,434
274,275,283,434,530
274,275,303,306,530
274,275,306,315,530
274,275,367,370,431
274,275,370,379,434
274,275,370,431,434
274,275,431,434,530
274,276,281,313,530
274,276,281,377,436
274,276,281,436,530
274,276,308,313,530
274,276,372,377,436
274,279,282,311,530
274,279,282,375,439
274,279,282,439,530
274,279,283,315,530
274,279,283,379,439
274,279,283,439,530
274,279,311,315,530
274,279,375,379,439
274,281,282,313,530
274,281,282,377,434
274,281,282,434,530
274,281,377,434,436
274,281,434,436,530
274,282,306,311,530
274,282,306,313,530
274,282,370,375,439
274,282,370,377,434
274,282,370,434,439
274,282,434,439,530
274,283,379,434,439
274,283,434,439,530
274,297,300,306,530
274,299,303,306,530
274,306,308,313,530
274,306,311,315,530
274,361,364,370,428
274,361,370,428,434
274,363,367,370,431
274,363,370,431,434
274,370,372,377,436
274,370,375,379,439
274,370,377,434,436
274,370,379,434,439
275,277,283,315,539
275,277,283,379,437
275,277,283,437,539
275,277,309,315,533
275,277,309,528,533
275,277,315,533,539
275,277,373,379,437
275,277,437,528,533
275,277,437,533,539
275,283,315,530,539
275,283,379,434,443
275,283,379,437,443
275,283,434,443,530
275,283,437,443,539
275,283,443,530,539
275,299,303,307,527
275,299,304,307,528
275,299,307,527,531
275,299,307,528,531
275,299,523,527,531
275,299,523,528,531
275,303,306,307,530
275,303,307,527,530
275,304,307,309,528
275,306,307,315,530
275,307,309,315,533
275,307,309,528,533
275,307,315,530,531
275,307,315,531,533
275,307,527,530,531
275,307,528,531,533
275,315,530,531,539
275,315,531,533,539
275,363,367,371,431
275,363,368,371,435
275,363,368,432,435
275,363,371,431,435
275,363,427,431,435
275,363,427,432,435
275,367,370,371,431
275,368,371,373,437
275,368,371,435,437
275,368,432,435,437
275,370,371,379,435
275,370,371,431,435
275,370,379,434,435
275,370,431,434,435
275,371,373,379,437
275,371,379,435,437
275,379,434,435,443
275,379,435,437,443
275,427,431,435,531
275,427,431,523,531
275,427,432,435,528
275,427,435,528,531
275,427,523,528,531
275,431,434,435,530
275,431,435,530,531
275,431,523,527,531
275,431,527,530,531
275,432,435,437,528
275,434,435,443,530
275,435,437,443,531
275,435,437,528,531
275,435,443,530,531
275,437,443,531,539
275,437,528,531,533
275,437,531,533,539
275,443,530,531,539
276,281,313,530,537
276,281,436,530,537
276,308,313,530,532
276,313,530,532,537
276,436,530,532,537
277,283,315,528,539
277,283,437,528,539
277,309,315,528,533
277,315,528,533,539
277,437,528,533,539
278,280,281,313,537
278,280,281,377,438
278,280,281,438,537
278,280,310,313,534
278,280,310,528,534
278,280,313,534,537
278,280,374,377,438
278,280,438,528,534
278,280,438,534,537
278,281,313,528,537
278,281,438,528,537
278,310,313,528,534
278,313,528,534,537
278,438,528,534,537
279,282,283,315,539
279,282,283,379,439
279,282,283,439,539
279,282,311,315,535
279,282,311,530,535
279,282,315,535,539
279,282,375,379,439
279,282,439,530,535
279,282,439,535,539
279,283,315,530,539
279,283,439,530,539
279,311,315,530,535
279,315,530,535,539
279,439,530,535,539
280,281,313,512,537
280,281,377,416,441
280,281,377,438,441
280,281,416,441,512
280,281,438,441,537
280,281,441,512,537
280,283,285,315,539
280,283,285,379,445
280,283,285,445,539
280,283,315,528,539
280,283,379,432,443
280,283,379,443,445
280,283,432,443,528
280,283,443,445,539
280,283,443,528,539
280,285,315,317,541
280,285,315,539,541
280,285,317,512,541
280,285,379,381,445
280,285,445,512,541
280,285,445,539,541
280,288,312,313,512
280,288,312,317,512
280,304,310,312,528
280,304,312,315,528
280,310,312,313,534
280,310,312,528,534
280,312,313,512,536
280,312,313,534,536
280,312,315,317,541
280,312,315,528,536
280,312,315,536,541
280,312,317,512,541
280,312,512,536,541
280,312,528,534,536
280,313,512,536,537
280,313,534,536,537
280,315,528,536,539
280,315,536,539,541
280,352,376,377,440
280,352,376,381,445
280,352,376,440,445
280,352,377,416,440
280,352,416,440,445
280,368,374,376,438
280,368,376,379,440
280,368,376,438,440
280,368,379,432,440
280,368,432,438,440
280,374,376,377,438
280,376,377,438,440
280,376,379,381,445
280,376,379,440,445
280,377,416,440,441
280,377,438,440,441
280,379,432,440,443
280,379,440,443,445
280,416,440,441,512
280,416,440,445,512
280,432,438,440,528
280,432,440,443,528
280,438,440,441,536
280,438,440,528,536
280,438,441,536,537
280,438,528,534,536
280,438,534,536,537
280,440,441,512,536
280,440,443,445,536
280,440,443,528,536
280,440,445,512,536
280,441,512,536,537
280,443,445,536,539
280,443,528,536,539
280,445,512,536,541
280,445,536,539,541
281,282,284,313,537
281,282,284,377,444
281,282,284,444,537
281,282,313,530,537
281,282,377,434,441
281,282,377,441,444
281,282,434,441,530
281,282,441,444,537
281,282,441,530,537
281,284,313,514,537
281,284,444,514,537
281,286,313,512,537
281,286,446,512,537
281,377,416,441,446
281,377,418,441,444
281,377,432,438,441
281,377,434,436,441
281,416,441,446,512
281,418,441,444,514
281,432,438,441,528
281,434,436,441,530
281,436,441,530,537
281,438,441,528,537
281,441,444,514,537
281,441,446,512,537
282,283,315,514,539
282,283,379,418,443
282,283,379,439,443
282,283,418,443,514
282,283,439,443,539
282,283,443,514,539
282,284,313,316,540
282,284,313,537,540
282,284,316,514,540
282,284,377,380,444
282,284,444,514,540
282,284,444,537,540
282,290,314,315,514
282,290,314,316,514
282,306,311,314,530
282,306,313,314,530
282,311,314,315,535
282,311,314,530,535
282,313,314,316,540
282,313,314,530,538
282,313,314,538,540
282,313,530,537,538
282,313,537,538,540
282,314,315,514,538
282,314,315,535,538
282,314,316,514,540
282,314,514,538,540
282,314,530,535,538
282,315,514,538,539
282,315,535,538,539
282,354,378,379,442
282,354,378,380,444
282,354,378,442,444
282,354,379,418,442
282,354,418,442,444
282,370,375,378,439
282,370,377,378,442
282,370,377,434,442
282,370,378,439,442
282,370,434,439,442
282,375,378,379,439
282,377,378,380,444
282,377,378,442,444
282,377,434,441,442
282,377,441,442,444
282,378,379,439,442
282,379,418,442,443
282,379,439,442,443
282,418,442,443,514
282,418,442,444,514
282,434,439,442,530
282,434,441,442,530
282,439,442,443,538
282,439,442,530,538
282,439,443,538,539
282,439,530,535,538
282,439,535,538,539
282,441,442,444,538
282,441,442,530,538
282,441,444,537,538
282,441,530,537,538
282,442,443,514,538
282,442,444,514,538
282,443,514,538,539
282,444,514,538,540
282,444,537,538,540
283,285,315,512,539
283,285,445,512,539
283,287,315,514,539
283,287,447,514,539
283,379,416,443,445
283,379,418,443,447
283,379,432,437,443
283,379,434,439,443
283,416,443,445,512
283,418,443,447,514
283,432,437,443,528
283,434,439,443,530
283,437,443,528,539
283,439,443,530,539
283,443,445,512,539
283,443,447,514,539
284,313,316,514,540
284,313,514,537,540
284,444,514,537,540
285,315,317,512,541
285,315,512,539,541
285,445,512,539,541
286,313,318,512,542
286,313,512,537,542
286,446,512,537,542
287,315,319,514,543
287,315,514,539,543
287,447,514,539,543
288,289,297,321,385
288,289,297,385,576
288,289,297,449,512
288,289,297,449,545
288,289,297,545,576
288,289,318,321,414
288,289,318,414,576
288,289,318,478,512
288,289,318,478,545
288,289,318,545,576
288,289,321,385,414
288,289,385,414,576
288,289,449,478,512
288,289,449,478,545
288,291,293,323,389
288,291,293,389,576
288,291,293,453,512
288,291,293,453,547
288,291,293,547,576
288,291,315,323,387
288,291,315,387,576
288,291,315,451,512
288,291,315,451,547
288,291,315,547,576
288,291,323,387,389
288,291,387,389,576
288,291,451,453,512
288,291,451,453,547
288,293,299,320,389
288,293,299,389,576
288,293,299,453,512
288,293,299,453,544
288,293,299,544,576
288,293,320,323,389
288,293,453,544,547
288,293,544,547,576
288,294,296,328,390
288,294,296,390,576
288,294,296,454,512
288,294,296,454,552
288,294,296,552,576
288,294,297,320,390
288,294,297,390,576
288,294,297,454,512
288,294,297,454,544
288,294,297,544,576
288,294,320,328,390
288,294,454,544,552
288,294,544,552,576
288,296,299,328,392
288,296,299,392,576
288,296,299,456,512
288,296,299,456,552
288,296,299,552,576
288,296,328,390,392
288,296,390,392,576
288,296,454,456,512
288,296,454,456,552
288,297,320,321,384
288,297,320,384,390
288,297,321,384,385
288,297,384,385,576
288,297,384,390,576
288,297,448,449,512
288,297,448,449,545
288,297,448,454,512
288,297,448,454,544
288,297,448,544,545
288,297,544,545,576
288,299,320,328,384
288,299,320,384,389
288,299,328,384,392
288,299,384,389,576
288,299,384,392,576
288,299,448,453,512
288,299,448,453,544
288,299,448,456,512
288,299,448,456,552
288,299,448,544,552
288,299,544,552,576
288,312,313,344,408
288,312,313,408,576
288,312,313,472,512
288,312,313,472,568
288,312,313,568,576
288,312,317,344,413
288,312,317,413,576
288,312,317,477,512
288,312,317,477,568
288,312,317,568,576
288,312,344,408,413
288,312,408,413,576
288,312,472,477,512
288,312,472,477,568
288,313,318,320,414
288,313,318,414,576
288,313,318,478,512
288,313,318,478,544
288,313,318,544,576
288,313,320,344,384
288,313,320,384,414
288,313,344,384,408
288,313,384,408,576
288,313,384,414,576
288,313,448,472,512
288,313,448,472,568
288,313,448,478,512
288,313,448,478,544
288,313,448,544,568
288,313,544,568,576
288,315,317,320,413
288,315,317,413,576
288,315,317,477,512
288,315,317,477,544
288,315,317,544,576
288,315,320,323,384
288,315,320,384,413
288,315,323,384,387
288,315,384,387,576
288,315,384,413,576
288,315,448,451,512
288,315,448,451,547
288,315,448,477,512
288,315,448,477,544
288,315,448,544,547
288,315,544,547,576
288,317,320,344,413
288,317,477,544,568
288,317,544,568,576
288,318,320,321,414
288,318,478,544,545
288,318,544,545,576
288,320,321,384,414
288,320,323,384,389
288,320,328,384,390
288,320,344,384,413
288,321,384,385,414
288,323,384,387,389
288,328,384,390,392
288,344,384,408,413
288,384,385,414,576
288,384,387,389,576
288,384,390,392,576
288,384,408,413,576
288,448,449,478,512
288,448,449,478,545
288,448,451,453,512
288,448,451,453,547
288,448,453,544,547
288,448,454,456,512
288,448,454,456,552
288,448,454,544,552
288,448,472,477,512
288,448,472,477,568
288,448,477,544,568
288,448,478,544,545
289,290,292,321,388
289,290,292,388,578
289,290,292,452,514
289,290,292,452,545
289,290,292,545,578
289,290,313,321,385
289,290,313,385,578
289,290,313,449,514
289,290,313,449,545
289,290,313,545,578
289,290,321,385,388
289,290,385,388,578
289,290,449,452,514
289,290,449,452,545
289,292,297,321,388
289,292,297,388,580
289,292,297,452,516
289,292,297,452,545
289,292,297,545,580
289,292,388,578,580
289,292,452,514,516
289,292,545,578,580
289,297,321,385,388
289,297,385,388,577
289,297,385,576,577
289,297,388,577,580
289,297,449,452,513
289,297,449,452,545
289,297,449,512,513
289,297,452,513,516
289,297,545,576,577
289,297,545,577,580
289,313,318,321,414
289,313,318,414,606
289,313,318,478,542
289,313,318,478,545
289,313,318,545,606
289,313,321,385,414
289,313,385,414,577
289,313,385,577,578
289,313,414,577,606
289,313,449,478,513
289,313,449,478,545
289,313,449,513,514
289,313,478,513,542
289,313,545,577,578
289,313,545,577,606
289,318,414,576,606
289,318,478,512,542
289,318,545,576,606
289,385,388,577,578
289,385,414,576,577
289,388,577,578,580
289,414,576,577,606
289,449,452,513,514
289,449,478,512,513
289,452,513,514,516
289,478,512,513,542
289,545,576,577,606
289,545,577,578,580
290,291,299,323,387
290,291,299,387,578
290,291,299,451,514
290,291,299,451,547
290,291,299,547,578
290,291,319,323,415
290,291,319,415,578
290,291,319,479,514
290,291,319,479,547
290,291,319,547,578
290,291,323,387,415
290,291,387,415,578
290,291,451,479,514
290,291,451,479,547
290,292,297,322,388
290,292,297,388,578
290,292,297,452,514
290,292,297,452,546
290,292,297,546,578
290,292,321,322,388
290,292,452,545,546
290,292,545,546,578
290,295,298,330,391
290,295,298,391,578
290,295,298,455,514
290,295,298,455,554
290,295,298,554,578
290,295,299,322,391
290,295,299,391,578
290,295,299,455,514
290,295,299,455,546
290,295,299,546,578
290,295,322,330,391
290,295,455,546,554
290,295,546,554,578
290,297,298,330,394
290,297,298,394,578
290,297,298,458,514
290,297,298,458,554
290,297,298,554,578
290,297,322,330,386
290,297,322,386,388
290,297,330,386,394
290,297,386,388,578
290,297,386,394,578
290,297,450,452,514
290,297,450,452,546
290,297,450,458,514
290,297,450,458,554
290,297,450,546,554
290,297,546,554,578
290,298,330,391,394
290,298,391,394,578
290,298,455,458,514
290,298,455,458,554
290,299,322,323,386
290,299,322,386,391
290,299,323,386,387
290,299,386,387,578
290,299,386,391,578
290,299,450,451,514
290,299,450,451,547
290,299,450,455,514
290,299,450,455,546
290,299,450,546,547
290,299,546,547,578
290,313,316,322,412
290,313,316,412,578
290,313,316,476,514
290,313,316,476,546
290,313,316,546,578
290,313,321,322,386
290,313,321,385,386
290,313,322,386,412
290,313,385,386,578
290,313,386,412,578
290,313,449,450,514
290,313,449,450,545
290,313,450,476,514
290,313,450,476,546
290,313,450,545,546
290,313,545,546,578
290,314,315,346,410
290,314,315,410,578
290,314,315,474,514
290,314,315,474,570
290,314,315,570,578
290,314,316,346,412
290,314,316,412,578
290,314,316,476,514
290,314,316,476,570
290,314,316,570,578
290,314,346,410,412
290,314,410,412,578
290,314,474,476,514
290,314,474,476,570
290,315,319,322,415
290,315,319,415,578
290,315,319,479,514
290,315,319,479,546
290,315,319,546,578
290,315,322,346,386
290,315,322,386,415
290,315,346,386,410
290,315,386,410,578
290,315,386,415,578
290,315,450,474,514
290,315,450,474,570
290,315,450,479,514
290,315,450,479,546
290,315,450,546,570
290,315,546,570,578
290,316,322,346,412
290,316,476,546,570
290,316,546,570,578
290,319,322,323,415
290,319,479,546,547
290,319,546,547,578
290,321,322,386,388
290,321,385,386,388
290,322,323,386,415
290,322,330,386,391
290,322,346,386,412
290,323,386,387,415
290,330,386,391,394
290,346,386,410,412
290,385,386,388,578
290,386,387,415,578
290,386,391,394,578
290,386,410,412,578
290,449,450,452,514
290,449,450,452,545
290,450,451,479,514
290,450,451,479,547
290,450,452,545,546
290,450,455,458,514
290,450,455,458,554
290,450,455,546,554
290,450,474,476,514
290,450,474,476,570
290,450,476,546,570
290,450,479,546,547
291,293,299,323,389
291,293,299,389,581
291,293,299,453,517
291,293,299,453,547
291,293,299,547,581
291,293,389,576,581
291,293,453,512,517
291,293,547,576,581
291,299,323,387,389
291,299,387,389,579
291,299,387,578,579
291,299,389,579,581
291,299,451,453,515
291,299,451,453,547
291,299,451,514,515
291,299,453,515,517
291,299,547,578,579
291,299,547,579,581
291,315,319,323,415
291,315,319,415,607
291,315,319,479,543
291,315,319,479,547
291,315,319,547,607
291,315,323,387,415
291,315,387,415,579
291,315,387,576,579
291,315,415,579,607
291,315,451,479,515
291,315,451,479,547
291,315,451,512,515
291,315,479,515,543
291,315,547,576,579
291,315,547,579,607
291,319,415,578,607
291,319,479,514,543
291,319,547,578,607
291,387,389,576,579
291,387,415,578,579
291,389,576,579,581
291,415,578,579,607
291,451,453,512,515
291,451,479,514,515
291,453,512,515,517
291,479,514,515,543
291,547,576,579,581
291,547,578,579,607
292,297,321,324,388
292,297,322,324,388
292,297,388,578,580
292,297,452,514,516
292,297,452,545,548
292,297,452,546,548
292,297,545,548,580
292,297,546,548,578
292,297,548,578,580
292,321,322,324,388
292,452,545,546,548
292,545,546,548,578
292,545,548,578,580
293,299,320,325,389
293,299,323,325,389
293,299,389,576,581
293,299,453,512,517
293,299,453,544,549
293,299,453,547,549
293,299,544,549,576
293,299,547,549,581
293,299,549,576,581
293,320,323,325,389
293,453,544,547,549
293,544,547,549,576
293,547,549,576,581
294,296,297,328,390
294,296,297,390,582
294,296,297,454,518
294,296,297,454,552
294,296,297,552,582
294,296,390,576,582
294,296,454,512,518
294,296,552,576,582
294,297,320,326,390
294,297,326,328,390
294,297,390,576,582
294,297,454,512,518
294,297,454,544,550
294,297,454,550,552
294,297,544,550,576
294,297,550,552,582
294,297,550,576,582
294,320,326,328,390
294,454,544,550,552
294,544,550,552,576
294,550,552,576,582
295,298,299,330,391
295,298,299,391,583
295,298,299,455,519
295,298,299,455,554
295,298,299,554,583
295,298,391,578,583
295,298,455,514,519
295,298,554,578,583
295,299,322,327,391
295,299,327,330,391
295,299,391,578,583
295,299,455,514,519
295,299,455,546,551
295,299,455,551,554
295,299,546,551,578
295,299,551,554,583
295,299,551,578,583
295,322,327,330,391
295,455,546,551,554
295,546,551,554,578
295,551,554,578,583
296,297,304,328,392
296,297,304,392,592
296,297,304,456,528
296,297,304,456,552
296,297,304,552,592
296,297,328,390,392
296,297,390,392,584
296,297,390,582,584
296,297,392,584,592
296,297,454,456,520
296,297,454,456,552
296,297,454,518,520
296,297,456,520,528
296,297,552,582,584
296,297,552,584,592
296,299,301,328,397
296,299,301,397,589
296,299,301,461,525
296,299,301,461,552
296,299,301,552,589
296,299,328,392,397
296,299,392,397,584
296,299,392,576,584
296,299,397,584,589
296,299,456,461,520
296,299,456,461,552
296,299,456,512,520
296,299,461,520,525
296,299,552,576,584
296,299,552,584,589
296,301,304,328,397
296,301,304,397,592
296,301,304,461,528
296,301,304,461,552
296,301,304,552,592
296,301,397,589,592
296,301,461,525,528
296,301,552,589,592
296,304,328,392,397
296,304,392,397,592
296,304,456,461,528
296,304,456,461,552
296,390,392,576,584
296,390,576,582,584
296,392,397,584,592
296,397,584,589,592
296,454,456,512,520
296,454,512,518,520
296,456,461,520,528
296,461,520,525,528
296,552,576,582,584
296,552,584,589,592
297,298,300,330,396
297,298,300,396,588
297,298,300,460,524
297,298,300,460,554
297,298,300,554,588
297,298,330,394,396
297,298,394,396,586
297,298,394,578,586
297,298,396,586,588
297,298,458,460,522
297,298,458,460,554
297,298,458,514,522
297,298,460,522,524
297,298,554,578,586
297,298,554,586,588
297,300,306,338,396
297,300,306,396,594
297,300,306,460,530
297,300,306,460,562
297,300,306,562,594
297,300,330,332,396
297,300,332,338,396
297,300,396,588,594
297,300,460,524,530
297,300,460,554,556
297,300,460,556,562
297,300,554,556,588
297,300,556,562,594
297,300,556,588,594
297,302,304,336,398
297,302,304,398,592
297,302,304,462,528
297,302,304,462,560
297,302,304,560,592
297,302,305,337,398
297,302,305,398,590
297,302,305,462,526
297,302,305,462,561
297,302,305,561,590
297,302,334,336,398
297,302,334,337,398
297,302,398,590,592
297,302,462,526,528
297,302,462,558,560
297,302,462,558,561
297,302,558,560,592
297,302,558,561,590
297,302,558,590,592
297,304,328,336,400
297,304,328,392,400
297,304,336,398,400
297,304,392,400,592
297,304,398,400,592
297,304,456,464,528
297,304,456,464,552
297,304,462,464,528
297,304,462,464,560
297,304,464,552,560
297,304,552,560,592
297,305,306,337,401
297,305,306,401,594
297,305,306,465,530
297,305,306,465,561
297,305,306,561,594
297,305,337,398,401
297,305,398,401,593
297,305,398,590,593
297,305,401,593,594
297,305,462,465,529
297,305,462,465,561
297,305,462,526,529
297,305,465,529,530
297,305,561,590,593
297,305,561,593,594
297,306,337,338,402
297,306,337,401,402
297,306,338,396,402
297,306,396,402,594
297,306,401,402,594
297,306,460,466,530
297,306,460,466,562
297,306,465,466,530
297,306,465,466,561
297,306,466,561,562
297,306,561,562,594
297,320,321,329,384
297,320,326,329,390
297,320,329,384,390
297,321,324,329,388
297,321,329,384,393
297,321,329,388,393
297,321,384,385,393
297,321,385,388,393
297,322,324,329,388
297,322,329,330,386
297,322,329,386,388
297,326,328,329,390
297,328,329,336,400
297,328,329,390,393
297,328,329,393,400
297,328,390,392,393
297,328,392,393,400
297,329,330,332,396
297,329,330,386,393
297,329,330,393,396
297,329,332,338,396
297,329,334,336,398
297,329,334,337,398
297,329,336,398,400
297,329,337,338,402
297,329,337,393,398
297,329,337,393,402
297,329,338,396,402
297,329,384,390,393
297,329,386,388,393
297,329,393,396,402
297,329,393,398,400
297,330,386,393,394
297,330,393,394,396
297,337,393,398,401
297,337,393,401,402
297,384,385,393,576
297,384,390,393,576
297,385,388,393,577
297,385,393,576,577
297,386,388,393,578
297,386,393,394,578
297,388,393,577,585
297,388,393,578,585
297,388,577,580,585
297,388,578,580,585
297,390,392,393,584
297,390,393,576,585
297,390,393,584,585
297,390,576,582,585
297,390,582,584,585
297,392,393,400,592
297,392,393,584,592
297,393,394,396,586
297,393,394,578,586
297,393,396,402,594
297,393,396,585,586
297,393,396,585,594
297,393,398,400,592
297,393,398,401,593
297,393,398,585,592
297,393,398,585,593
297,393,401,402,594
297,393,401,593,594
297,393,576,577,585
297,393,578,585,586
297,393,584,585,592
297,393,585,593,594
297,396,585,586,588
297,396,585,588,594
297,398,585,590,592
297,398,585,590,593
297,448,449,457,512
297,448,449,457,545
297,448,454,457,512
297,448,454,457,553
297,448,454,544,553
297,448,457,545,553
297,448,544,545,553
297,449,452,457,513
297,449,452,457,545
297,449,457,512,513
297,450,452,457,514
297,450,452,457,553
297,450,452,546,553
297,450,457,458,514
297,450,457,458,554
297,450,457,553,554
297,450,546,553,554
297,452,457,513,521
297,452,457,514,521
297,452,457,545,553
297,452,513,516,521
297,452,514,516,521
297,452,545,548,553
297,452,546,548,553
297,454,456,457,520
297,454,456,457,552
297,454,457,512,521
297,454,457,520,521
297,454,457,552,553
297,454,512,518,521
297,454,518,520,521
297,454,544,550,553
297,454,550,552,553
297,456,457,464,528
297,456,457,464,552
297,456,457,520,528
297,457,458,460,522
297,457,458,460,554
297,457,458,514,522
297,457,460,466,530
297,457,460,466,553
297,457,460,521,522
297,457,460,521,530
297,457,460,553,554
297,457,462,464,528
297,457,462,464,553
297,457,462,465,529
297,457,462,465,561
297,457,462,521,528
297,457,462,521,529
297,457,462,553,561
297,457,464,552,553
297,457,465,466,530
297,457,465,466,561
297,457,465,529,530
297,457,466,553,561
297,457,512,513,521
297,457,514,521,522
297,457,520,521,528
297,457,521,529,530
297,460,466,553,562
297,460,521,522,524
297,460,521,524,530
297,460,553,554,556
297,460,553,556,562
297,462,464,553,560
297,462,521,526,528
297,462,521,526,529
297,462,553,558,560
297,462,553,558,561
297,464,552,553,560
297,466,553,561,562
297,544,545,553,576
297,544,550,553,576
297,545,548,553,585
297,545,548,580,585
297,545,553,576,585
297,545,576,577,585
297,545,577,580,585
297,546,548,553,578
297,546,553,554,578
297,548,553,578,585
297,548,578,580,585
297,550,552,553,585
297,550,552,582,585
297,550,553,576,585
297,550,576,582,585
297,552,553,560,592
297,552,553,585,592
297,552,582,584,585
297,552,584,585,592
297,553,554,556,585
297,553,554,578,585
297,553,556,562,594
297,553,556,585,594
297,553,558,560,592
297,553,558,561,585
297,553,558,585,592
297,553,561,562,594
297,553,561,585,594
297,554,556,585,588
297,554,578,585,586
297,554,585,586,588
297,556,585,588,594
297,558,561,585,590
297,558,585,590,592
297,561,585,590,593
297,561,585,593,594
298,299,306,330,394
298,299,306,394,594
298,299,306,458,530
298,299,306,458,554
298,299,306,554,594
298,299,330,391,394
298,299,391,394,586
298,299,391,583,586
298,299,394,586,594
298,299,455,458,522
298,299,455,458,554
298,299,455,519,522
298,299,458,522,530
298,299,554,583,586
298,299,554,586,594
298,300,306,330,396
298,300,306,396,594
298,300,306,460,530
298,300,306,460,554
298,300,306,554,594
298,300,396,588,594
298,300,460,524,530
298,300,554,588,594
298,306,330,394,396
298,306,394,396,594
298,306,458,460,530
298,306,458,460,554
298,391,394,578,586
298,391,578,583,586
298,394,396,586,594
298,396,586,588,594
298,455,458,514,522
298,455,514,519,522
298,458,460,522,530
298,460,522,524,530
298,554,578,583,586
298,554,586,588,594
299,301,304,336,397
299,301,304,397,592
299,301,304,461,528
299,301,304,461,560
299,301,304,560,592
299,301,328,333,397
299,301,333,336,397
299,301,397,589,592
299,301,461,525,528
299,301,461,552,557
299,301,461,557,560
299,301,552,557,589
299,301,557,560,592
299,301,557,589,592
299,303,306,338,399
299,303,306,399,594
299,303,306,463,530
299,303,306,463,562
299,303,306,562,594
299,303,307,339,399
299,303,307,399,591
299,303,307,463,527
299,303,307,463,563
299,303,307,563,591
299,303,335,338,399
299,303,335,339,399
299,303,399,591,594
299,303,463,527,530
299,303,463,559,562
299,303,463,559,563
299,303,559,562,594
299,303,559,563,591
299,303,559,591,594
299,304,307,339,403
299,304,307,403,592
299,304,307,467,528
299,304,307,467,563
299,304,307,563,592
299,304,336,339,400
299,304,336,397,400
299,304,339,400,403
299,304,397,400,592
299,304,400,403,592
299,304,461,464,528
299,304,461,464,560
299,304,464,467,528
299,304,464,467,563
299,304,464,560,563
299,304,560,563,592
299,306,330,338,402
299,306,330,394,402
299,306,338,399,402
299,306,394,402,594
299,306,399,402,594
299,306,458,466,530
299,306,458,466,554
299,306,463,466,530
299,306,463,466,562
299,306,466,554,562
299,306,554,562,594
299,307,339,399,403
299,307,399,403,595
299,307,399,591,595
299,307,403,592,595
299,307,463,467,531
299,307,463,467,563
299,307,463,527,531
299,307,467,528,531
299,307,563,591,595
299,307,563,592,595
299,320,325,331,389
299,320,328,331,384
299,320,331,384,389
299,322,323,331,386
299,322,327,331,391
299,322,331,386,391
299,323,325,331,389
299,323,331,386,395
299,323,331,389,395
299,323,386,387,395
299,323,387,389,395
299,327,330,331,391
299,328,331,333,397
299,328,331,384,395
299,328,331,395,397
299,328,384,392,395
299,328,392,395,397
299,330,331,338,402
299,330,331,391,395
299,330,331,395,402
299,330,391,394,395
299,330,394,395,402
299,331,333,336,397
299,331,335,338,399
299,331,335,339,399
299,331,336,339,400
299,331,336,397,400
299,331,338,399,402
299,331,339,395,399
299,331,339,395,400
299,331,384,389,395
299,331,386,391,395
299,331,395,397,400
299,331,395,399,402
299,339,395,399,403
299,339,395,400,403
299,384,389,395,576
299,384,392,395,576
299,386,387,395,578
299,386,391,395,578
299,387,389,395,579
299,387,395,578,579
299,389,395,576,587
299,389,395,579,587
299,389,576,581,587
299,389,579,581,587
299,391,394,395,586
299,391,395,578,587
299,391,395,586,587
299,391,578,583,587
299,391,583,586,587
299,392,395,397,584
299,392,395,576,584
299,394,395,402,594
299,394,395,586,594
299,395,397,400,592
299,395,397,584,587
299,395,397,587,592
299,395,399,402,594
299,395,399,403,595
299,395,399,587,594
299,395,399,587,595
299,395,400,403,592
299,395,403,592,595
299,395,576,584,587
299,395,578,579,587
299,395,586,587,594
299,395,587,592,595
299,397,584,587,589
299,397,587,589,592
299,399,587,591,594
299,399,587,591,595
299,448,453,459,512
299,448,453,459,555
299,448,453,544,555
299,448,456,459,512
299,448,456,459,552
299,448,459,552,555
299,448,544,552,555
299,450,451,459,514
299,450,451,459,547
299,450,455,459,514
299,450,455,459,555
299,450,455,546,555
299,450,459,547,555
299,450,546,547,555
299,451,453,459,515
299,451,453,459,547
299,451,459,514,515
299,453,459,512,523
299,453,459,515,523
299,453,459,547,555
299,453,512,517,523
299,453,515,517,523
299,453,544,549,555
299,453,547,549,555
299,455,458,459,522
299,455,458,459,554
299,455,459,514,523
299,455,459,522,523
299,455,459,554,555
299,455,514,519,523
299,455,519,522,523
299,455,546,551,555
299,455,551,554,555
299,456,459,461,520
299,456,459,461,552
299,456,459,512,520
299,458,459,466,530
299,458,459,466,554
299,458,459,522,530
299,459,461,464,528
299,459,461,464,555
299,459,461,520,523
299,459,461,523,528
299,459,461,552,555
299,459,463,466,530
299,459,463,466,555
299,459,463,467,531
299,459,463,467,563
299,459,463,523,530
299,459,463,523,531
299,459,463,555,563
299,459,464,467,528
299,459,464,467,563
299,459,464,555,563
299,459,466,554,555
299,459,467,528,531
299,459,512,520,523
299,459,514,515,523
299,459,522,523,530
299,459,523,528,531
299,461,464,555,560
299,461,520,523,525
299,461,523,525,528
299,461,552,555,557
299,461,555,557,560
299,463,466,555,562
299,463,523,527,530
299,463,523,527,531
299,463,555,559,562
299,463,555,559,563
299,464,555,560,563
299,466,554,555,562
299,544,549,555,576
299,544,552,555,576
299,546,547,555,578
299,546,551,555,578
299,547,549,555,587
299,547,549,581,587
299,547,555,578,587
299,547,578,579,587
299,547,579,581,587
299,549,555,576,587
299,549,576,581,587
299,551,554,555,587
299,551,554,583,587
299,551,555,578,587
299,551,578,583,587
299,552,555,557,587
299,552,555,576,587
299,552,557,587,589
299,552,576,584,587
299,552,584,587,589
299,554,555,562,594
299,554,555,587,594
299,554,583,586,587
299,554,586,587,594
299,555,557,560,592
299,555,557,587,592
299,555,559,562,594
299,555,559,563,587
299,555,559,587,594
299,555,560,563,592
299,555,563,587,592
299,557,587,589,592
299,559,563,587,591
299,559,587,591,594
299,563,587,591,595
299,563,587,592,595
300,306,330,338,396
300,306,460,554,562
300,306,554,562,594
300,330,332,338,396
300,460,554,556,562
300,554,556,562,594
300,554,556,588,594
301,304,328,336,397
301,304,461,552,560
301,304,552,560,592
301,328,333,336,397
301,461,552,557,560
301,552,557,560,592
301,552,557,589,592
302,304,305,337,398
302,304,305,398,592
302,304,305,462,528
302,304,305,462,561
302,304,305,561,592
302,304,336,337,398
302,304,462,560,561
302,304,560,561,592
302,305,398,590,592
302,305,462,526,528
302,305,561,590,592
302,334,336,337,398
302,462,558,560,561
302,558,560,561,592
302,558,561,590,592
303,306,307,339,399
303,306,307,399,594
303,306,307,463,530
303,306,307,463,563
303,306,307,563,594
303,306,338,339,399
303,306,463,562,563
303,306,562,563,594
303,307,399,591,594
303,307,463,527,530
303,307,563,591,594
303,335,338,339,399
303,463,559,562,563
303,559,562,563,594
303,559,563,591,594
304,305,313,337,401
304,305,313,401,592
304,305,313,465,528
304,305,313,465,561
304,305,313,561,592
304,305,337,398,401
304,305,398,401,592
304,305,462,465,528
304,305,462,465,561
304,307,309,339,405
304,307,309,405,592
304,307,309,469,528
304,307,309,469,563
304,307,309,563,592
304,307,339,403,405
304,307,403,405,592
304,307,467,469,528
304,307,467,469,563
304,309,315,336,405
304,309,315,405,592
304,309,315,469,528
304,309,315,469,560
304,309,315,560,592
304,309,336,339,405
304,309,469,560,563
304,309,560,563,592
304,310,312,344,406
304,310,312,406,592
304,310,312,470,528
304,310,312,470,568
304,310,312,568,592
304,310,313,336,406
304,310,313,406,592
304,310,313,470,528
304,310,313,470,560
304,310,313,560,592
304,310,336,344,406
304,310,470,560,568
304,310,560,568,592
304,312,315,344,408
304,312,315,408,592
304,312,315,472,528
304,312,315,472,568
304,312,315,568,592
304,312,344,406,408
304,312,406,408,592
304,312,470,472,528
304,312,470,472,568
304,313,336,337,400
304,313,336,400,406
304,313,337,400,401
304,313,400,401,592
304,313,400,406,592
304,313,464,465,528
304,313,464,465,561
304,313,464,470,528
304,313,464,470,560
304,313,464,560,561
304,313,560,561,592
304,315,336,344,400
304,315,336,400,405
304,315,344,400,408
304,315,400,405,592
304,315,400,408,592
304,315,464,469,528
304,315,464,469,560
304,315,464,472,528
304,315,464,472,568
304,315,464,560,568
304,315,560,568,592
304,328,336,397,400
304,328,392,397,400
304,336,337,398,400
304,336,339,400,405
304,336,344,400,406
304,337,398,400,401
304,339,400,403,405
304,344,400,406,408
304,392,397,400,592
304,398,400,401,592
304,400,403,405,592
304,400,406,408,592
304,456,461,464,528
304,456,461,464,552
304,461,464,552,560
304,462,464,465,528
304,462,464,465,561
304,462,464,560,561
304,464,467,469,528
304,464,467,469,563
304,464,469,560,563
304,464,470,472,528
304,464,470,472,568
304,464,470,560,568
305,306,308,337,404
305,306,308,404,594
305,306,308,468,530
305,306,308,468,561
305,306,308,561,594
305,306,337,401,404
305,306,401,404,594
305,306,465,468,530
305,306,465,468,561
305,308,313,337,404
305,308,313,404,596
305,308,313,468,532
305,308,313,468,561
305,308,313,561,596
305,308,404,594,596
305,308,468,530,532
305,308,561,594,596
305,313,337,401,404
305,313,401,404,593
305,313,401,592,593
305,313,404,593,596
305,313,465,468,529
305,313,465,468,561
305,313,465,528,529
305,313,468,529,532
305,313,561,592,593
305,313,561,593,596
305,398,401,592,593
305,398,590,592,593
305,401,404,593,594
305,404,593,594,596
305,462,465,528,529
305,462,526,528,529
305,465,468,529,530
305,468,529,530,532
305,561,590,592,593
305,561,593,594,596
306,307,315,339,403
306,307,315,403,594
306,307,315,467,530
306,307,315,467,563
306,307,315,563,594
306,307,339,399,403
306,307,399,403,594
306,307,463,467,530
306,307,463,467,563
306,308,313,338,404
306,308,313,404,594
306,308,313,468,530
306,308,313,468,562
306,308,313,562,594
306,308,337,338,404
306,308,468,561,562
306,308,561,562,594
306,311,314,346,407
306,311,314,407,594
306,311,314,471,530
306,311,314,471,570
306,311,314,570,594
306,311,315,338,407
306,311,315,407,594
306,311,315,471,530
306,311,315,471,562
306,311,315,562,594
306,311,338,346,407
306,311,471,562,570
306,311,562,570,594
306,313,314,346,410
306,313,314,410,594
306,313,314,474,530
306,313,314,474,570
306,313,314,570,594
306,313,338,346,402
306,313,338,402,404
306,313,346,402,410
306,313,402,404,594
306,313,402,410,594
306,313,466,468,530
306,313,466,468,562
306,313,466,474,530
306,313,466,474,570
306,313,466,562,570
306,313,562,570,594
306,314,346,407,410
306,314,407,410,594
306,314,471,474,530
306,314,471,474,570
306,315,338,339,402
306,315,338,402,407
306,315,339,402,403
306,315,402,403,594
306,315,402,407,594
306,315,466,467,530
306,315,466,467,563
306,315,466,471,530
306,315,466,471,562
306,315,466,562,563
306,315,562,563,594
306,330,338,396,402
306,330,394,396,402
306,337,338,402,404
306,337,401,402,404
306,338,339,399,402
306,338,346,402,407
306,339,399,402,403
306,346,402,407,410
306,394,396,402,594
306,399,402,403,594
306,401,402,404,594
306,402,407,410,594
306,458,460,466,530
306,458,460,466,554
306,460,466,554,562
306,463,466,467,530
306,463,466,467,563
306,463,466,562,563
306,465,466,468,530
306,465,466,468,561
306,466,468,561,562
306,466,471,474,530
306,466,471,474,570
306,466,471,562,570
307,309,315,339,405
307,309,315,405,597
307,309,315,469,533
307,309,315,469,563
307,309,315,563,597
307,309,405,592,597
307,309,469,528,533
307,309,563,592,597
307,315,339,403,405
307,315,403,405,595
307,315,403,594,595
307,315,405,595,597
307,315,467,469,531
307,315,467,469,563
307,315,467,530,531
307,315,469,531,533
307,315,563,594,595
307,315,563,595,597
307,399,403,594,595
307,399,591,594,595
307,403,405,592,595
307,405,592,595,597
307,463,467,530,531
307,463,527,530,531
307,467,469,528,531
307,469,528,531,533
307,563,591,594,595
307,563,592,595,597
308,313,337,340,404
308,313,338,340,404
308,313,404,594,596
308,313,468,530,532
308,313,468,561,564
308,313,468,562,564
308,313,561,564,596
308,313,562,564,594
308,313,564,594,596
308,337,338,340,404
308,468,561,562,564
308,561,562,564,594
308,561,564,594,596
309,315,336,341,405
309,315,339,341,405
309,315,405,592,597
309,315,469,528,533
309,315,469,560,565
309,315,469,563,565
309,315,560,565,592
309,315,563,565,597
309,315,565,592,597
309,336,339,341,405
309,469,560,563,565
309,560,563,565,592
309,563,565,592,597
310,312,313,344,406
310,312,313,406,598
310,312,313,470,534
310,312,313,470,568
310,312,313,568,598
310,312,406,592,598
310,312,470,528,534
310,312,568,592,598
310,313,336,342,406
310,313,342,344,406
310,313,406,592,598
310,313,470,528,534
310,313,470,560,566
310,313,470,566,568
310,313,560,566,592
310,313,566,568,598
310,313,566,592,598
310,336,342,344,406
310,470,560,566,568
310,560,566,568,592
310,566,568,592,598
311,314,315,346,407
311,314,315,407,599
311,314,315,471,535
311,314,315,471,570
311,314,315,570,599
311,314,407,594,599
311,314,471,530,535
311,314,570,594,599
311,315,338,343,407
311,315,343,346,407
311,315,407,594,599
311,315,471,530,535
311,315,471,562,567
311,315,471,567,570
311,315,562,567,594
311,315,567,570,599
311,315,567,594,599
311,338,343,346,407
311,471,562,567,570
311,562,567,570,594
311,567,570,594,599
312,313,344,406,408
312,313,406,408,600
312,313,406,598,600
312,313,408,576,600
312,313,470,472,536
312,313,470,472,568
312,313,470,534,536
312,313,472,512,536
312,313,568,576,600
312,313,568,598,600
312,315,317,344,413
312,315,317,413,605
312,315,317,477,541
312,315,317,477,568
312,315,317,568,605
312,315,344,408,413
312,315,408,413,600
312,315,408,592,600
312,315,413,600,605
312,315,472,477,536
312,315,472,477,568
312,315,472,528,536
312,315,477,536,541
312,315,568,592,600
312,315,568,600,605
312,317,413,576,605
312,317,477,512,541
312,317,568,576,605
312,406,408,592,600
312,406,592,598,600
312,408,413,576,600
312,413,576,600,605
312,470,472,528,536
312,470,528,534,536
312,472,477,512,536
312,477,512,536,541
312,568,576,600,605
312,568,592,598,600
313,314,316,346,412
313,314,316,412,604
313,314,316,476,540
313,314,316,476,570
313,314,316,570,604
313,314,346,410,412
313,314,410,412,602
313,314,410,594,602
313,314,412,602,604
313,314,474,476,538
313,314,474,476,570
313,314,474,530,538
313,314,476,538,540
313,314,570,594,602
313,314,570,602,604
313,316,322,348,412
313,316,346,348,412
313,316,412,578,604
313,316,476,514,540
313,316,476,546,572
313,316,476,570,572
313,316,546,572,578
313,316,570,572,604
313,316,572,578,604
313,318,320,350,414
313,318,321,350,414
313,318,414,576,606
313,318,478,512,542
313,318,478,544,574
313,318,478,545,574
313,318,544,574,576
313,318,545,574,606
313,318,574,576,606
313,320,344,345,384
313,320,345,350,414
313,320,345,384,414
313,321,322,345,386
313,321,345,350,414
313,321,345,386,409
313,321,345,409,414
313,321,385,386,409
313,321,385,409,414
313,322,345,348,412
313,322,345,386,412
313,336,337,345,400
313,336,342,345,406
313,336,345,400,406
313,337,340,345,404
313,337,345,400,409
313,337,345,404,409
313,337,400,401,409
313,337,401,404,409
313,338,340,345,404
313,338,345,346,402
313,338,345,402,404
313,342,344,345,406
313,344,345,384,409
313,344,345,406,409
313,344,384,408,409
313,344,406,408,409
313,345,346,348,412
313,345,346,402,409
313,345,346,409,412
313,345,384,409,414
313,345,386,409,412
313,345,400,406,409
313,345,402,404,409
313,346,402,409,410
313,346,409,410,412
313,384,408,409,576
313,384,409,414,576
313,385,386,409,578
313,385,409,414,577
313,385,409,577,578
313,386,409,412,578
313,400,401,409,592
313,400,406,409,592
313,401,404,409,593
313,401,409,592,593
313,402,404,409,594
313,402,409,410,594
313,404,409,593,601
313,404,409,594,601
313,404,593,596,601
313,404,594,596,601
313,406,408,409,600
313,406,409,592,601
313,406,409,600,601
313,406,592,598,601
313,406,598,600,601
313,408,409,576,600
313,409,410,412,602
313,409,410,594,602
313,409,412,578,601
313,409,412,601,602
313,409,414,576,601
313,409,414,577,601
313,409,576,600,601
313,409,577,578,601
313,409,592,593,601
313,409,594,601,602
313,412,578,601,604
313,412,601,602,604
313,414,576,601,606
313,414,577,601,606
313,448,472,473,512
313,448,472,473,568
313,448,473,478,512
313,448,473,478,569
313,448,473,568,569
313,448,478,544,569
313,448,544,568,569
313,449,450,473,514
313,449,450,473,545
313,449,473,478,513
313,449,473,478,545
313,449,473,513,514
313,450,473,476,514
313,450,473,476,569
313,450,473,545,569
313,450,476,546,569
313,450,545,546,569
313,464,465,473,528
313,464,465,473,561
313,464,470,473,528
313,464,470,473,569
313,464,470,560,569
313,464,473,561,569
313,464,560,561,569
313,465,468,473,529
313,465,468,473,561
313,465,473,528,529
313,466,468,473,530
313,466,468,473,569
313,466,468,562,569
313,466,473,474,530
313,466,473,474,570
313,466,473,569,570
313,466,562,569,570
313,468,473,529,537
313,468,473,530,537
313,468,473,561,569
313,468,529,532,537
313,468,530,532,537
313,468,561,564,569
313,468,562,564,569
313,470,472,473,536
313,470,472,473,568
313,470,473,528,537
313,470,473,536,537
313,470,473,568,569
313,470,528,534,537
313,470,534,536,537
313,470,560,566,569
313,470,566,568,569
313,472,473,512,536
313,473,474,476,538
313,473,474,476,570
313,473,474,530,538
313,473,476,514,537
313,473,476,537,538
313,473,476,569,570
313,473,478,512,537
313,473,478,513,537
313,473,478,545,569
313,473,512,536,537
313,473,513,514,537
313,473,528,529,537
313,473,530,537,538
313,476,514,537,540
313,476,537,538,540
313,476,546,569,572
313,476,569,570,572
313,478,512,537,542
313,478,513,537,542
313,478,544,569,574
313,478,545,569,574
313,544,568,569,576
313,544,569,574,576
313,545,546,569,578
313,545,569,574,601
313,545,569,578,601
313,545,574,601,606
313,545,577,578,601
313,545,577,601,606
313,546,569,572,578
313,560,561,569,592
313,560,566,569,592
313,561,564,569,601
313,561,564,596,601
313,561,569,592,601
313,561,592,593,601
313,561,593,596,601
313,562,564,569,594
313,562,569,570,594
313,564,569,594,601
313,564,594,596,601
313,566,568,569,601
313,566,568,598,601
313,566,569,592,601
313,566,592,598,601
313,568,569,576,601
313,568,576,600,601
313,568,598,600,601
313,569,570,572,601
313,569,570,594,601
313,569,572,578,601
313,569,574,576,601
313,570,572,601,604
313,570,594,601,602
313,570,601,602,604
313,572,578,601,604
313,574,576,601,606
314,315,346,407,410
314,315,407,410,602
314,315,407,599,602
314,315,410,578,602
314,315,471,474,538
314,315,471,474,570
314,315,471,535,538
314,315,474,514,538
314,315,570,578,602
314,315,570,599,602
314,316,412,578,604
314,316,476,514,540
314,316,570,578,604
314,407,410,594,602
314,407,594,599,602
314,410,412,578,602
314,412,578,602,604
314,471,474,530,538
314,471,530,535,538
314,474,476,514,538
314,476,514,538,540
314,570,578,602,604
314,570,594,599,602
315,317,320,349,413
315,317,344,349,413
315,317,413,576,605
315,317,477,512,541
315,317,477,544,573
315,317,477,568,573
315,317,544,573,576
315,317,568,573,605
315,317,573,576,605
315,319,322,351,415
315,319,323,351,415
315,319,415,578,607
315,319,479,514,543
315,319,479,546,575
315,319,479,547,575
315,319,546,575,578
315,319,547,575,607
315,319,575,578,607
315,320,323,347,384
315,320,347,349,413
315,320,347,384,413
315,322,346,347,386
315,322,347,351,415
315,322,347,386,415
315,323,347,351,415
315,323,347,384,411
315,323,347,411,415
315,323,384,387,411
315,323,387,411,415
315,336,341,347,405
315,336,344,347,400
315,336,347,400,405
315,338,339,347,402
315,338,343,347,407
315,338,347,402,407
315,339,341,347,405
315,339,347,402,411
315,339,347,405,411
315,339,402,403,411
315,339,403,405,411
315,343,346,347,407
315,344,347,349,413
315,344,347,400,411
315,344,347,411,413
315,344,400,408,411
315,344,408,411,413
315,346,347,386,411
315,346,347,407,411
315,346,386,410,411
315,346,407,410,411
315,347,384,411,413
315,347,386,411,415
315,347,400,405,411
315,347,402,407,411
315,384,387,411,576
315,384,411,413,576
315,386,410,411,578
315,386,411,415,578
315,387,411,415,579
315,387,411,576,579
315,400,405,411,592
315,400,408,411,592
315,402,403,411,594
315,402,407,411,594
315,403,405,411,595
315,403,411,594,595
315,405,411,592,603
315,405,411,595,603
315,405,592,597,603
315,405,595,597,603
315,407,410,411,602
315,407,411,594,603
315,407,411,602,603
315,407,594,599,603
315,407,599,602,603
315,408,411,413,600
315,408,411,592,600
315,410,411,578,602
315,411,413,576,603
315,411,413,600,603
315,411,415,578,603
315,411,415,579,603
315,411,576,579,603
315,411,578,602,603
315,411,592,600,603
315,411,594,595,603
315,413,576,603,605
315,413,600,603,605
315,415,578,603,607
315,415,579,603,607
315,448,451,475,512
315,448,451,475,547
315,448,475,477,512
315,448,475,477,571
315,448,475,547,571
315,448,477,544,571
315,448,544,547,571
315,450,474,475,514
315,450,474,475,570
315,450,475,479,514
315,450,475,479,571
315,450,475,570,571
315,450,479,546,571
315,450,546,570,571
315,451,475,479,515
315,451,475,479,547
315,451,475,512,515
315,464,469,475,528
315,464,469,475,571
315,464,469,560,571
315,464,472,475,528
315,464,472,475,568
315,464,475,568,571
315,464,560,568,571
315,466,467,475,530
315,466,467,475,563
315,466,471,475,530
315,466,471,475,571
315,466,471,562,571
315,466,475,563,571
315,466,562,563,571
315,467,469,475,531
315,467,469,475,563
315,467,475,530,531
315,469,475,528,539
315,469,475,531,539
315,469,475,563,571
315,469,528,533,539
315,469,531,533,539
315,469,560,565,571
315,469,563,565,571
315,471,474,475,538
315,471,474,475,570
315,471,475,530,539
315,471,475,538,539
315,471,475,570,571
315,471,530,535,539
315,471,535,538,539
315,471,562,567,571
315,471,567,570,571
315,472,475,477,536
315,472,475,477,568
315,472,475,528,536
315,474,475,514,538
315,475,477,512,539
315,475,477,536,539
315,475,477,568,571
315,475,479,514,539
315,475,479,515,539
315,475,479,547,571
315,475,512,515,539
315,475,514,538,539
315,475,528,536,539
315,475,530,531,539
315,477,512,539,541
315,477,536,539,541
315,477,544,571,573
315,477,568,571,573
315,479,514,539,543
315,479,515,539,543
315,479,546,571,575
315,479,547,571,575
315,544,547,571,576
315,544,571,573,576
315,546,570,571,578
315,546,571,575,578
315,547,571,575,603
315,547,571,576,603
315,547,575,603,607
315,547,576,579,603
315,547,579,603,607
315,560,565,571,592
315,560,568,571,592
315,562,563,571,594
315,562,567,571,594
315,563,565,571,603
315,563,565,597,603
315,563,571,594,603
315,563,594,595,603
315,563,595,597,603
315,565,571,592,603
315,565,592,597,603
315,567,570,571,603
315,567,570,599,603
315,567,571,594,603
315,567,594,599,603
315,568,571,573,603
315,568,571,592,603
315,568,573,603,605
315,568,592,600,603
315,568,600,603,605
315,570,571,578,603
315,570,578,602,603
315,570,599,602,603
315,571,573,576,603
315,571,575,578,603
315,573,576,603,605
315,575,578,603,607
316,322,346,348,412
316,476,546,570,572
316,546,570,572,578
316,570,572,578,604
317,320,344,349,413
317,477,544,568,573
317,544,568,573,576
317,568,573,576,605
318,320,321,350,414
318,478,544,545,574
318,544,545,574,576
318,545,574,576,606
319,322,323,351,415
319,479,546,547,575
319,546,547,575,578
319,547,575,578,607
320,321,329,361,576
320,321,329,384,576
320,321,350,382,576
320,321,350,414,576
320,321,352,361,576
320,321,352,382,576
320,321,384,414,576
320,323,325,357,576
320,323,325,389,576
320,323,347,379,576
320,323,347,384,576
320,323,352,357,576
320,323,352,379,576
320,323,384,389,576
320,325,331,363,576
320,325,331,389,576
320,325,357,363,576
320,326,328,358,576
320,326,328,390,576
320,326,329,361,576
320,326,329,390,576
320,326,358,361,576
320,328,331,363,576
320,328,331,384,576
320,328,352,358,576
320,328,352,363,576
320,328,384,390,576
320,329,384,390,576
320,331,384,389,576
320,344,345,377,576
320,344,345,384,576
320,344,349,381,576
320,344,349,413,576
320,344,352,377,576
320,344,352,381,576
320,344,384,413,576
320,345,350,377,576
320,345,350,414,576
320,345,384,414,576
320,347,349,379,576
320,347,349,413,576
320,347,384,413,576
320,349,379,381,576
320,350,377,382,576
320,352,357,363,576
320,352,358,361,576
320,352,377,382,576
320,352,379,381,576
321,322,324,356,578
321,322,324,388,578
321,322,345,377,578
321,322,345,386,578
321,322,354,356,578
321,322,354,377,578
321,322,386,388,578
321,324,329,361,585
321,324,329,388,585
321,324,356,361,580
321,324,356,578,580
321,324,361,580,585
321,324,388,578,580
321,324,388,580,585
321,329,361,576,585
321,329,384,393,576
321,329,388,393,585
321,329,393,576,585
321,345,350,377,601
321,345,350,414,601
321,345,377,578,601
321,345,386,409,578
321,345,409,414,601
321,345,409,578,601
321,350,377,382,606
321,350,377,601,606
321,350,382,576,606
321,350,414,576,606
321,350,414,601,606
321,352,353,361,576
321,352,353,382,576
321,353,354,356,578
321,353,354,377,578
321,353,356,361,580
321,353,356,578,580
321,353,361,576,577
321,353,361,577,580
321,353,377,382,606
321,353,377,577,578
321,353,377,577,606
321,353,382,576,606
321,353,576,577,606
321,353,577,578,580
321,361,576,577,585
321,361,577,580,585
321,377,577,578,601
321,377,577,601,606
321,384,385,393,576
321,384,385,414,576
321,385,386,388,578
321,385,386,409,578
321,385,388,393,577
321,385,388,577,578
321,385,393,576,577
321,385,409,414,577
321,385,409,577,578
321,385,414,576,577
321,388,393,577,585
321,388,577,578,580
321,388,577,580,585
321,393,576,577,585
321,409,414,577,601
321,409,577,578,601
321,414,576,577,606
321,414,577,601,606
322,323,331,363,578
322,323,331,386,578
322,323,351,383,578
322,323,351,415,578
322,323,354,363,578
322,323,354,383,578
322,323,386,415,578
322,324,329,361,578
322,324,329,388,578
322,324,356,361,578
322,327,330,359,578
322,327,330,391,578
322,327,331,363,578
322,327,331,391,578
322,327,359,363,578
322,329,330,361,578
322,329,330,386,578
322,329,386,388,578
322,330,354,359,578
322,330,354,361,578
322,330,386,391,578
322,331,386,391,578
322,345,348,377,578
322,345,348,412,578
322,345,386,412,578
322,346,347,379,578
322,346,347,386,578
322,346,348,380,578
322,346,348,412,578
322,346,354,379,578
322,346,354,380,578
322,346,386,412,578
322,347,351,379,578
322,347,351,415,578
322,347,386,415,578
322,348,377,380,578
322,351,379,383,578
322,354,356,361,578
322,354,359,363,578
322,354,377,380,578
322,354,379,383,578
323,325,331,363,587
323,325,331,389,587
323,325,357,363,581
323,325,357,576,581
323,325,363,581,587
323,325,389,576,581
323,325,389,581,587
323,331,363,578,587
323,331,386,395,578
323,331,389,395,587
323,331,395,578,587
323,347,351,379,603
323,347,351,415,603
323,347,379,576,603
323,347,384,411,576
323,347,411,415,603
323,347,411,576,603
323,351,379,383,607
323,351,379,603,607
323,351,383,578,607
323,351,415,578,607
323,351,415,603,607
323,352,355,357,576
323,352,355,379,576
323,354,355,363,578
323,354,355,383,578
323,355,357,363,581
323,355,357,576,581
323,355,363,578,579
323,355,363,579,581
323,355,379,383,607
323,355,379,576,579
323,355,379,579,607
323,355,383,578,607
323,355,576,579,581
323,355,578,579,607
323,363,578,579,587
323,363,579,581,587
323,379,576,579,603
323,379,579,603,607
323,384,387,389,576
323,384,387,411,576
323,386,387,395,578
323,386,387,415,578
323,387,389,395,579
323,387,389,576,579
323,387,395,578,579
323,387,411,415,579
323,387,411,576,579
323,387,415,578,579
323,389,395,579,587
323,389,576,579,581
323,389,579,581,587
323,395,578,579,587
323,411,415,579,603
323,411,576,579,603
323,415,578,579,607
323,415,579,603,607
324,329,361,578,585
324,329,388,578,585
324,356,361,578,580
324,361,578,580,585
324,388,578,580,585
325,331,363,576,587
325,331,389,576,587
325,357,363,576,581
325,363,576,581,587
325,389,576,581,587
326,328,329,361,585
326,328,329,390,585
326,328,358,361,582
326,328,358,576,582
326,328,361,582,585
326,328,390,576,582
326,328,390,582,585
326,329,361,576,585
326,329,390,576,585
326,358,361,576,582
326,361,576,582,585
326,390,576,582,585
327,330,331,363,587
327,330,331,391,587
327,330,359,363,583
327,330,359,578,583
327,330,363,583,587
327,330,391,578,583
327,330,391,583,587
327,331,363,578,587
327,331,391,578,587
327,359,363,578,583
327,363,578,583,587
327,391,578,583,587
328,329,336,361,592
328,329,336,400,592
328,329,361,585,592
328,329,390,393,585
328,329,393,400,592
328,329,393,585,592
328,331,333,363,587
328,331,333,397,587
328,331,363,576,587
328,331,384,395,576
328,331,395,397,587
328,331,395,576,587
328,333,336,365,592
328,333,336,397,592
328,333,363,365,589
328,333,363,587,589
328,333,365,589,592
328,333,397,587,589
328,333,397,589,592
328,336,361,368,592
328,336,365,368,592
328,336,397,400,592
328,352,358,360,576
328,352,360,363,576
328,358,360,361,582
328,358,360,576,582
328,360,361,368,592
328,360,361,582,584
328,360,361,584,592
328,360,363,365,589
328,360,363,576,584
328,360,363,584,589
328,360,365,368,592
328,360,365,589,592
328,360,576,582,584
328,360,584,589,592
328,361,582,584,585
328,361,584,585,592
328,363,576,584,587
328,363,584,587,589
328,384,390,392,576
328,384,392,395,576
328,390,392,393,584
328,390,392,576,584
328,390,393,584,585
328,390,576,582,584
328,390,582,584,585
328,392,393,400,592
328,392,393,584,592
328,392,395,397,584
328,392,395,576,584
328,392,397,400,592
328,392,397,584,592
328,393,584,585,592
328,395,397,584,587
328,395,576,584,587
328,397,584,587,589
328,397,584,589,592
329,330,332,361,585
329,330,332,396,585
329,330,361,578,585
329,330,386,393,578
329,330,393,396,585
329,330,393,578,585
329,332,338,361,594
329,332,338,396,594
329,332,361,585,594
329,332,396,585,594
329,334,336,361,592
329,334,336,398,592
329,334,337,361,585
329,334,337,398,585
329,334,361,585,592
329,334,398,585,592
329,336,398,400,592
329,337,338,361,594
329,337,338,402,594
329,337,361,585,594
329,337,393,398,585
329,337,393,402,594
329,337,393,585,594
329,338,396,402,594
329,384,390,393,576
329,386,388,393,578
329,388,393,578,585
329,390,393,576,585
329,393,396,402,594
329,393,396,585,594
329,393,398,400,592
329,393,398,585,592
330,331,338,363,594
330,331,338,402,594
330,331,363,587,594
330,331,391,395,587
330,331,395,402,594
330,331,395,587,594
330,332,338,364,594
330,332,338,396,594
330,332,361,364,588
330,332,361,585,588
330,332,364,588,594
330,332,396,585,588
330,332,396,588,594
330,338,363,370,594
330,338,364,370,594
330,338,396,402,594
330,354,359,362,578
330,354,361,362,578
330,359,362,363,583
330,359,362,578,583
330,361,362,364,588
330,361,362,578,586
330,361,362,586,588
330,361,578,585,586
330,361,585,586,588
330,362,363,370,594
330,362,363,583,586
330,362,363,586,594
330,362,364,370,594
330,362,364,588,594
330,362,578,583,586
330,362,586,588,594
330,363,583,586,587
330,363,586,587,594
330,386,391,394,578
330,386,393,394,578
330,391,394,395,586
330,391,394,578,586
330,391,395,586,587
330,391,578,583,586
330,391,583,586,587
330,393,394,396,586
330,393,394,578,586
330,393,396,585,586
330,393,578,585,586
330,394,395,402,594
330,394,395,586,594
330,394,396,402,594
330,394,396,586,594
330,395,586,587,594
330,396,585,586,588
330,396,586,588,594
331,333,336,363,592
331,333,336,397,592
331,333,363,587,592
331,333,397,587,592
331,335,338,363,594
331,335,338,399,594
331,335,339,363,587
331,335,339,399,587
331,335,363,587,594
331,335,399,587,594
331,336,339,363,592
331,336,339,400,592
331,336,397,400,592
331,338,399,402,594
331,339,363,587,592
331,339,395,399,587
331,339,395,400,592
331,339,395,587,592
331,384,389,395,576
331,386,391,395,578
331,389,395,576,587
331,391,395,578,587
331,395,397,400,592
331,395,397,587,592
331,395,399,402,594
331,395,399,587,594
332,338,361,364,594
332,361,364,588,594
332,361,585,588,594
332,396,585,588,594
333,336,363,365,592
333,363,365,589,592
333,363,587,589,592
333,397,587,589,592
334,336,337,366,592
334,336,337,398,592
334,336,361,366,592
334,337,361,366,590
334,337,361,585,590
334,337,366,590,592
334,337,398,585,590
334,337,398,590,592
334,361,366,590,592
334,361,585,590,592
334,398,585,590,592
335,338,339,367,594
335,338,339,399,594
335,338,363,367,594
335,339,363,367,591
335,339,363,587,591
335,339,367,591,594
335,339,399,587,591
335,339,399,591,594
335,363,367,591,594
335,363,587,591,594
335,399,587,591,594
336,337,345,377,592
336,337,345,400,592
336,337,366,368,592
336,337,368,377,592
336,337,398,400,592
336,339,341,373,592
336,339,341,405,592
336,339,363,368,592
336,339,368,373,592
336,339,400,405,592
336,341,347,379,592
336,341,347,405,592
336,341,373,379,592
336,342,344,374,592
336,342,344,406,592
336,342,345,377,592
336,342,345,406,592
336,342,374,377,592
336,344,347,379,592
336,344,347,400,592
336,344,368,374,592
336,344,368,379,592
336,344,400,406,592
336,345,400,406,592
336,347,400,405,592
336,361,366,368,592
336,363,365,368,592
336,368,373,379,592
336,368,374,377,592
337,338,340,372,594
337,338,340,404,594
337,338,361,370,594
337,338,370,372,594
337,338,402,404,594
337,340,345,377,601
337,340,345,404,601
337,340,372,377,596
337,340,372,594,596
337,340,377,596,601
337,340,404,594,596
337,340,404,596,601
337,345,377,592,601
337,345,400,409,592
337,345,404,409,601
337,345,409,592,601
337,361,366,369,590
337,361,369,370,594
337,361,369,590,593
337,361,369,593,594
337,361,585,590,593
337,361,585,593,594
337,366,368,369,592
337,366,369,590,592
337,368,369,377,592
337,369,370,372,594
337,369,372,377,596
337,369,372,594,596
337,369,377,592,593
337,369,377,593,596
337,369,590,592,593
337,369,593,594,596
337,377,592,593,601
337,377,593,596,601
337,393,398,401,593
337,393,398,585,593
337,393,401,402,594
337,393,401,593,594
337,393,585,593,594
337,398,400,401,592
337,398,401,592,593
337,398,585,590,593
337,398,590,592,593
337,400,401,409,592
337,401,402,404,594
337,401,404,409,593
337,401,404,593,594
337,401,409,592,593
337,404,409,593,601
337,404,593,594,596
337,404,593,596,601
337,409,592,593,601
338,339,347,379,594
338,339,347,402,594
338,339,367,370,594
338,339,370,379,594
338,339,399,402,594
338,340,345,377,594
338,340,345,404,594
338,340,372,377,594
338,343,346,375,594
338,343,346,407,594
338,343,347,379,594
338,343,347,407,594
338,343,375,379,594
338,345,346,377,594
338,345,346,402,594
338,345,402,404,594
338,346,370,375,594
338,346,370,377,594
338,346,402,407,594
338,347,402,407,594
338,361,364,370,594
338,363,367,370,594
338,370,372,377,594
338,370,375,379,594
339,341,347,379,603
339,341,347,405,603
339,341,373,379,597
339,341,373,592,597
339,341,379,597,603
339,341,405,592,597
339,341,405,597,603
339,347,379,594,603
339,347,402,411,594
339,347,405,411,603
339,347,411,594,603
339,363,367,371,591
339,363,368,371,592
339,363,371,591,595
339,363,371,592,595
339,363,587,591,595
339,363,587,592,595
339,367,370,371,594
339,367,371,591,594
339,368,371,373,592
339,370,371,379,594
339,371,373,379,597
339,371,373,592,597
339,371,379,594,595
339,371,379,595,597
339,371,591,594,595
339,371,592,595,597
339,379,594,595,603
339,379,595,597,603
339,395,399,403,595
339,395,399,587,595
339,395,400,403,592
339,395,403,592,595
339,395,587,592,595
339,399,402,403,594
339,399,403,594,595
339,399,587,591,595
339,399,591,594,595
339,400,403,405,592
339,402,403,411,594
339,403,405,411,595
339,403,405,592,595
339,403,411,594,595
339,405,411,595,603
339,405,592,595,597
339,405,595,597,603
339,411,594,595,603
340,345,377,594,601
340,345,404,594,601
340,372,377,594,596
340,377,594,596,601
340,404,594,596,601
341,347,379,592,603
341,347,405,592,603
341,373,379,592,597
341,379,592,597,603
341,405,592,597,603
342,344,345,377,601
342,344,345,406,601
342,344,374,377,598
342,344,374,592,598
342,344,377,598,601
342,344,406,592,598
342,344,406,598,601
342,345,377,592,601
342,345,406,592,601
342,374,377,592,598
342,377,592,598,601
342,406,592,598,601
343,346,347,379,603
343,346,347,407,603
343,346,375,379,599
343,346,375,594,599
343,346,379,599,603
343,346,407,594,599
343,346,407,599,603
343,347,379,594,603
343,347,407,594,603
343,375,379,594,599
343,379,594,599,603
343,407,594,599,603
344,345,377,576,601
344,345,384,409,576
344,345,406,409,601
344,345,409,576,601
344,347,349,379,603
344,347,349,413,603
344,347,379,592,603
344,347,400,411,592
344,347,411,413,603
344,347,411,592,603
344,349,379,381,605
344,349,379,603,605
344,349,381,576,605
344,349,413,576,605
344,349,413,603,605
344,352,376,377,576
344,352,376,381,576
344,368,374,376,592
344,368,376,379,592
344,374,376,377,598
344,374,376,592,598
344,376,377,576,600
344,376,377,598,600
344,376,379,381,605
344,376,379,592,600
344,376,379,600,605
344,376,381,576,605
344,376,576,600,605
344,376,592,598,600
344,377,576,600,601
344,377,598,600,601
344,379,592,600,603
344,379,600,603,605
344,384,408,409,576
344,384,408,413,576
344,400,406,408,592
344,400,408,411,592
344,406,408,409,600
344,406,408,592,600
344,406,409,600,601
344,406,592,598,600
344,406,598,600,601
344,408,409,576,600
344,408,411,413,600
344,408,411,592,600
344,408,413,576,600
344,409,576,600,601
344,411,413,600,603
344,411,592,600,603
344,413,576,600,605
344,413,600,603,605
345,346,348,377,601
345,346,348,412,601
345,346,377,594,601
345,346,402,409,594
345,346,409,412,601
345,346,409,594,601
345,348,377,578,601
345,348,412,578,601
345,350,377,576,601
345,350,414,576,601
345,384,409,414,576
345,386,409,412,578
345,400,406,409,592
345,402,404,409,594
345,404,409,594,601
345,406,409,592,601
345,409,412,578,601
345,409,414,576,601
346,347,379,578,603
346,347,386,411,578
346,347,407,411,603
346,347,411,578,603
346,348,377,380,604
346,348,377,601,604
346,348,380,578,604
346,348,412,578,604
346,348,412,601,604
346,354,378,379,578
346,354,378,380,578
346,370,375,378,594
346,370,377,378,594
346,375,378,379,599
346,375,378,594,599
346,377,378,380,604
346,377,378,594,602
346,377,378,602,604
346,377,594,601,602
346,377,601,602,604
346,378,379,578,602
346,378,379,599,602
346,378,380,578,604
346,378,578,602,604
346,378,594,599,602
346,379,578,602,603
346,379,599,602,603
346,386,410,411,578
346,386,410,412,578
346,402,407,410,594
346,402,409,410,594
346,407,410,411,602
346,407,410,594,602
346,407,411,602,603
346,407,594,599,602
346,407,599,602,603
346,409,410,412,602
346,409,410,594,602
346,409,412,601,602
346,409,594,601,602
346,410,411,578,602
346,410,412,578,602
346,411,578,602,603
346,412,578,602,604
346,412,601,602,604
347,349,379,576,603
347,349,413,576,603
347,351,379,578,603
347,351,415,578,603
347,384,411,413,576
347,386,411,415,578
347,400,405,411,592
347,402,407,411,594
347,405,411,592,603
347,407,411,594,603
347,411,413,576,603
347,411,415,578,603
348,377,380,578,604
348,377,578,601,604
348,412,578,601,604
349,379,381,576,605
349,379,576,603,605
349,413,576,603,605
350,377,382,576,606
350,377,576,601,606
350,414,576,601,606
351,379,383,578,607
351,379,578,603,607
351,415,578,603,607
352,353,361,417,512
352,353,361,481,576
352,353,361,481,609
352,353,361,512,609
352,353,382,446,512
352,353,382,510,576
352,353,382,510,609
352,353,382,512,609
352,353,417,446,512
352,353,481,510,576
352,353,481,510,609
352,355,357,421,512
352,355,357,485,576
352,355,357,485,611
352,355,357,512,611
352,355,379,419,512
352,355,379,483,576
352,355,379,483,611
352,355,379,512,611
352,355,419,421,512
352,355,483,485,576
352,355,483,485,611
352,357,363,421,512
352,357,363,485,576
352,357,363,485,608
352,357,363,512,608
352,357,485,608,611
352,357,512,608,611
352,358,360,422,512
352,358,360,486,576
352,358,360,486,616
352,358,360,512,616
352,358,361,422,512
352,358,361,486,576
352,358,361,486,608
352,358,361,512,608
352,358,486,608,616
352,358,512,608,616
352,360,363,424,512
352,360,363,488,576
352,360,363,488,616
352,360,363,512,616
352,360,422,424,512
352,360,486,488,576
352,360,486,488,616
352,361,416,417,512
352,361,416,422,512
352,361,480,481,576
352,361,480,481,609
352,361,480,486,576
352,361,480,486,608
352,361,480,608,609
352,361,512,608,609
352,363,416,421,512
352,363,416,424,512
352,363,480,485,576
352,363,480,485,608
352,363,480,488,576
352,363,480,488,616
352,363,480,608,616
352,363,512,608,616
352,376,377,440,512
352,376,377,504,576
352,376,377,504,632
352,376,377,512,632
352,376,381,445,512
352,376,381,509,576
352,376,381,509,632
352,376,381,512,632
352,376,440,445,512
352,376,504,509,576
352,376,504,509,632
352,377,382,446,512
352,377,382,510,576
352,377,382,510,608
352,377,382,512,608
352,377,416,440,512
352,377,416,446,512
352,377,480,504,576
352,377,480,504,632
352,377,480,510,576
352,377,480,510,608
352,377,480,608,632
352,377,512,608,632
352,379,381,445,512
352,379,381,509,576
352,379,381,509,608
352,379,381,512,608
352,379,416,419,512
352,379,416,445,512
352,379,480,483,576
352,379,480,483,611
352,379,480,509,576
352,379,480,509,608
352,379,480,608,611
352,379,512,608,611
352,381,509,608,632
352,381,512,608,632
352,382,510,608,609
352,382,512,608,609
352,416,417,446,512
352,416,419,421,512
352,416,422,424,512
352,416,440,445,512
352,480,481,510,576
352,480,481,510,609
352,480,483,485,576
352,480,483,485,611
352,480,485,608,611
352,480,486,488,576
352,480,486,488,616
352,480,486,608,616
352,480,504,509,576
352,480,504,509,632
352,480,509,608,632
352,480,510,608,609
353,354,356,420,514
353,354,356,484,578
353,354,356,484,609
353,354,356,514,609
353,354,377,417,514
353,354,377,481,578
353,354,377,481,609
353,354,377,514,609
353,354,417,420,514
353,354,481,484,578
353,354,481,484,609
353,356,361,420,516
353,356,361,484,580
353,356,361,484,609
353,356,361,516,609
353,356,420,514,516
353,356,484,578,580
353,356,514,516,609
353,361,417,420,513
353,361,417,512,513
353,361,420,513,516
353,361,481,484,577
353,361,481,484,609
353,361,481,576,577
353,361,484,577,580
353,361,512,513,609
353,361,513,516,609
353,377,382,446,542
353,377,382,510,606
353,377,382,510,609
353,377,382,542,609
353,377,417,446,513
353,377,417,513,514
353,377,446,513,542
353,377,481,510,577
353,377,481,510,609
353,377,481,577,578
353,377,510,577,606
353,377,513,514,609
353,377,513,542,609
353,382,446,512,542
353,382,510,576,606
353,382,512,542,609
353,417,420,513,514
353,417,446,512,513
353,420,513,514,516
353,446,512,513,542
353,481,484,577,578
353,481,510,576,577
353,484,577,578,580
353,510,576,577,606
353,512,513,542,609
353,513,514,516,609
354,355,363,419,514
354,355,363,483,578
354,355,363,483,611
354,355,363,514,611
354,355,383,447,514
354,355,383,511,578
354,355,383,511,611
354,355,383,514,611
354,355,419,447,514
354,355,483,511,578
354,355,483,511,611
354,356,361,420,514
354,356,361,484,578
354,356,361,484,610
354,356,361,514,610
354,356,484,609,610
354,356,514,609,610
354,359,362,423,514
354,359,362,487,578
354,359,362,487,618
354,359,362,514,618
354,359,363,423,514
354,359,363,487,578
354,359,363,487,610
354,359,363,514,610
354,359,487,610,618
354,359,514,610,618
354,361,362,426,514
354,361,362,490,578
354,361,362,490,618
354,361,362,514,618
354,361,418,420,514
354,361,418,426,514
354,361,482,484,578
354,361,482,484,610
354,361,482,490,578
354,361,482,490,618
354,361,482,610,618
354,361,514,610,618
354,362,423,426,514
354,362,487,490,578
354,362,487,490,618
354,363,418,419,514
354,363,418,423,514
354,363,482,483,578
354,363,482,483,611
354,363,482,487,578
354,363,482,487,610
354,363,482,610,611
354,363,514,610,611
354,377,380,444,514
354,377,380,508,578
354,377,380,508,610
354,377,380,514,610
354,377,417,418,514
354,377,418,444,514
354,377,481,482,578
354,377,481,482,609
354,377,482,508,578
354,377,482,508,610
354,377,482,609,610
354,377,514,609,610
354,378,379,442,514
354,378,379,506,578
354,378,379,506,634
354,378,379,514,634
354,378,380,444,514
354,378,380,508,578
354,378,380,508,634
354,378,380,514,634
354,378,442,444,514
354,378,506,508,578
354,378,506,508,634
354,379,383,447,514
354,379,383,511,578
354,379,383,511,610
354,379,383,514,610
354,379,418,442,514
354,379,418,447,514
354,379,482,506,578
354,379,482,506,634
354,379,482,511,578
354,379,482,511,610
354,379,482,610,634
354,379,514,610,634
354,380,508,610,634
354,380,514,610,634
354,383,511,610,611
354,383,514,610,611
354,417,418,420,514
354,418,419,447,514
354,418,423,426,514
354,418,442,444,514
354,481,482,484,578
354,481,482,484,609
354,482,483,511,578
354,482,483,511,611
354,482,484,609,610
354,482,487,490,578
354,482,487,490,618
354,482,487,610,618
354,482,506,508,578
354,482,506,508,634
354,482,508,610,634
354,482,511,610,611
355,357,363,421,517
355,357,363,485,581
355,357,363,485,611
355,357,363,517,611
355,357,421,512,517
355,357,485,576,581
355,357,512,517,611
355,363,419,421,515
355,363,419,514,515
355,363,421,515,517
355,363,483,485,579
355,363,483,485,611
355,363,483,578,579
355,363,485,579,581
355,363,514,515,611
355,363,515,517,611
355,379,383,447,543
355,379,383,511,607
355,379,383,511,611
355,379,383,543,611
355,379,419,447,515
355,379,419,512,515
355,379,447,515,543
355,379,483,511,579
355,379,483,511,611
355,379,483,576,579
355,379,511,579,607
355,379,512,515,611
355,379,515,543,611
355,383,447,514,543
355,383,511,578,607
355,383,514,543,611
355,419,421,512,515
355,419,447,514,515
355,421,512,515,517
355,447,514,515,543
355,483,485,576,579
355,483,511,578,579
355,485,576,579,581
355,511,578,579,607
355,512,515,517,611
355,514,515,543,611
356,361,420,514,516
356,361,484,578,580
356,361,484,609,612
356,361,484,610,612
356,361,514,516,612
356,361,514,610,612
356,361,516,609,612
356,484,609,610,612
356,514,516,609,612
356,514,609,610,612
357,363,421,512,517
357,363,485,576,581
357,363,485,608,613
357,363,485,611,613
357,363,512,517,613
357,363,512,608,613
357,363,517,611,613
357,485,608,611,613
357,512,517,611,613
357,512,608,611,613
358,360,361,422,518
358,360,361,486,582
358,360,361,486,616
358,360,361,518,616
358,360,422,512,518
358,360,486,576,582
358,360,512,518,616
358,361,422,512,518
358,361,486,576,582
358,361,486,608,614
358,361,486,614,616
358,361,512,518,614
358,361,512,608,614
358,361,518,614,616
358,486,608,614,616
358,512,518,614,616
358,512,608,614,616
359,362,363,423,519
359,362,363,487,583
359,362,363,487,618
359,362,363,519,618
359,362,423,514,519
359,362,487,578,583
359,362,514,519,618
359,363,423,514,519
359,363,487,578,583
359,363,487,610,615
359,363,487,615,618
359,363,514,519,615
359,363,514,610,615
359,363,519,615,618
359,487,610,615,618
359,514,519,615,618
359,514,610,615,618
360,361,368,424,528
360,361,368,488,592
360,361,368,488,616
360,361,368,528,616
360,361,422,424,520
360,361,422,518,520
360,361,424,520,528
360,361,486,488,584
360,361,486,488,616
360,361,486,582,584
360,361,488,584,592
360,361,518,520,616
360,361,520,528,616
360,363,365,429,525
360,363,365,493,589
360,363,365,493,616
360,363,365,525,616
360,363,424,429,520
360,363,424,512,520
360,363,429,520,525
360,363,488,493,584
360,363,488,493,616
360,363,488,576,584
360,363,493,584,589
360,363,512,520,616
360,363,520,525,616
360,365,368,429,528
360,365,368,493,592
360,365,368,493,616
360,365,368,528,616
360,365,429,525,528
360,365,493,589,592
360,365,525,528,616
360,368,424,429,528
360,368,488,493,592
360,368,488,493,616
360,422,424,512,520
360,422,512,518,520
360,424,429,520,528
360,429,520,525,528
360,486,488,576,584
360,486,576,582,584
360,488,493,584,592
360,493,584,589,592
360,512,518,520,616
360,520,525,528,616
361,362,364,428,524
361,362,364,492,588
361,362,364,492,618
361,362,364,524,618
361,362,426,428,522
361,362,426,514,522
361,362,428,522,524
361,362,490,492,586
361,362,490,492,618
361,362,490,578,586
361,362,492,586,588
361,362,514,522,618
361,362,522,524,618
361,364,370,428,530
361,364,370,492,594
361,364,370,492,626
361,364,370,530,626
361,364,428,524,530
361,364,492,588,594
361,364,492,618,620
361,364,492,620,626
361,364,524,530,620
361,364,524,618,620
361,364,530,620,626
361,366,368,430,528
361,366,368,494,592
361,366,368,494,624
361,366,368,528,624
361,366,369,430,526
361,366,369,494,590
361,366,369,494,625
361,366,369,526,625
361,366,430,526,528
361,366,494,590,592
361,366,494,622,624
361,366,494,622,625
361,366,526,528,622
361,366,526,622,625
361,366,528,622,624
361,368,424,432,528
361,368,430,432,528
361,368,488,496,592
361,368,488,496,616
361,368,494,496,592
361,368,494,496,624
361,368,496,616,624
361,368,528,616,624
361,369,370,433,530
361,369,370,497,594
361,369,370,497,625
361,369,370,530,625
361,369,430,433,529
361,369,430,526,529
361,369,433,529,530
361,369,494,497,593
361,369,494,497,625
361,369,494,590,593
361,369,497,593,594
361,369,526,529,625
361,369,529,530,625
361,370,428,434,530
361,370,433,434,530
361,370,492,498,594
361,370,492,498,626
361,370,497,498,594
361,370,497,498,625
361,370,498,625,626
361,370,530,625,626
361,416,417,425,512
361,416,422,425,512
361,417,420,425,513
361,417,425,512,513
361,418,420,425,514
361,418,425,426,514
361,420,425,513,521
361,420,425,514,521
361,420,513,516,521
361,420,514,516,521
361,422,424,425,520
361,422,425,512,521
361,422,425,520,521
361,422,512,518,521
361,422,518,520,521
361,424,425,432,528
361,424,425,520,528
361,425,426,428,522
361,425,426,514,522
361,425,428,434,530
361,425,428,521,522
361,425,428,521,530
361,425,430,432,528
361,425,430,433,529
361,425,430,521,528
361,425,430,521,529
361,425,433,434,530
361,425,433,529,530
361,425,512,513,521
361,425,514,521,522
361,425,520,521,528
361,425,521,529,530
361,428,521,522,524
361,428,521,524,530
361,430,521,526,528
361,430,521,526,529
361,480,481,489,576
361,480,481,489,609
361,480,486,489,576
361,480,486,489,617
361,480,486,608,617
361,480,489,609,617
361,480,608,609,617
361,481,484,489,577
361,481,484,489,609
361,481,489,576,577
361,482,484,489,578
361,482,484,489,617
361,482,484,610,617
361,482,489,490,578
361,482,489,490,618
361,482,489,617,618
361,482,610,617,618
361,484,489,577,585
361,484,489,578,585
361,484,489,609,617
361,484,577,580,585
361,484,578,580,585
361,484,609,612,617
361,484,610,612,617
361,486,488,489,584
361,486,488,489,616
361,486,489,576,585
361,486,489,584,585
361,486,489,616,617
361,486,576,582,585
361,486,582,584,585
361,486,608,614,617
361,486,614,616,617
361,488,489,496,592
361,488,489,496,616
361,488,489,584,592
361,489,490,492,586
361,489,490,492,618
361,489,490,578,586
361,489,492,498,594
361,489,492,498,617
361,489,492,585,586
361,489,492,585,594
361,489,492,617,618
361,489,494,496,592
361,489,494,496,617
361,489,494,497,593
361,489,494,497,625
361,489,494,585,592
361,489,494,585,593
361,489,494,617,625
361,489,496,616,617
361,489,497,498,594
361,489,497,498,625
361,489,497,593,594
361,489,498,617,625
361,489,576,577,585
361,489,578,585,586
361,489,584,585,592
361,489,585,593,594
361,492,498,617,626
361,492,585,586,588
361,492,585,588,594
361,492,617,618,620
361,492,617,620,626
361,494,496,617,624
361,494,585,590,592
361,494,585,590,593
361,494,617,622,624
361,494,617,622,625
361,496,616,617,624
361,498,617,625,626
361,512,513,521,609
361,512,518,521,614
361,512,521,609,617
361,512,521,614,617
361,512,608,609,617
361,512,608,614,617
361,513,516,521,609
361,514,516,521,612
361,514,521,522,618
361,514,521,612,617
361,514,521,617,618
361,514,610,612,617
361,514,610,617,618
361,516,521,609,612
361,518,520,521,616
361,518,521,614,616
361,520,521,528,616
361,521,522,524,618
361,521,524,530,620
361,521,524,618,620
361,521,526,528,622
361,521,526,529,625
361,521,526,622,625
361,521,528,616,617
361,521,528,617,622
361,521,529,530,625
361,521,530,617,620
361,521,530,617,625
361,521,609,612,617
361,521,614,616,617
361,521,617,618,620
361,521,617,622,625
361,528,616,617,624
361,528,617,622,624
361,530,617,620,626
361,530,617,625,626
362,363,370,426,530
362,363,370,490,594
362,363,370,490,618
362,363,370,530,618
362,363,423,426,522
362,363,423,519,522
362,363,426,522,530
362,363,487,490,586
362,363,487,490,618
362,363,487,583,586
362,363,490,586,594
362,363,519,522,618
362,363,522,530,618
362,364,370,428,530
362,364,370,492,594
362,364,370,492,618
362,364,370,530,618
362,364,428,524,530
362,364,492,588,594
362,364,524,530,618
362,370,426,428,530
362,370,490,492,594
362,370,490,492,618
362,423,426,514,522
362,423,514,519,522
362,426,428,522,530
362,428,522,524,530
362,487,490,578,586
362,487,578,583,586
362,490,492,586,594
362,492,586,588,594
362,514,519,522,618
362,522,524,530,618
363,365,368,429,528
363,365,368,493,592
363,365,368,493,624
363,365,368,528,624
363,365,429,525,528
363,365,493,589,592
363,365,493,616,621
363,365,493,621,624
363,365,525,528,621
363,365,525,616,621
363,365,528,621,624
363,367,370,431,530
363,367,370,495,594
363,367,370,495,626
363,367,370,530,626
363,367,371,431,527
363,367,371,495,591
363,367,371,495,627
363,367,371,527,627
363,367,431,527,530
363,367,495,591,594
363,367,495,623,626
363,367,495,623,627
363,367,527,530,623
363,367,527,623,627
363,367,530,623,626
363,368,371,435,528
363,368,371,499,592
363,368,371,499,627
363,368,371,528,627
363,368,429,432,528
363,368,432,435,528
363,368,493,496,592
363,368,493,496,624
363,368,496,499,592
363,368,496,499,627
363,368,496,624,627
363,368,528,624,627
363,370,426,434,530
363,370,431,434,530
363,370,490,498,594
363,370,490,498,618
363,370,495,498,594
363,370,495,498,626
363,370,498,618,626
363,370,530,618,626
363,371,431,435,531
363,371,431,527,531
363,371,435,528,531
363,371,495,499,595
363,371,495,499,627
363,371,495,591,595
363,371,499,592,595
363,371,527,531,627
363,371,528,531,627
363,416,421,427,512
363,416,424,427,512
363,418,419,427,514
363,418,423,427,514
363,419,421,427,515
363,419,427,514,515
363,421,427,512,523
363,421,427,515,523
363,421,512,517,523
363,421,515,517,523
363,423,426,427,522
363,423,427,514,523
363,423,427,522,523
363,423,514,519,523
363,423,519,522,523
363,424,427,429,520
363,424,427,512,520
363,426,427,434,530
363,426,427,522,530
363,427,429,432,528
363,427,429,520,523
363,427,429,523,528
363,427,431,434,530
363,427,431,435,531
363,427,431,523,530
363,427,431,523,531
363,427,432,435,528
363,427,435,528,531
363,427,512,520,523
363,427,514,515,523
363,427,522,523,530
363,427,523,528,531
363,429,520,523,525
363,429,523,525,528
363,431,523,527,530
363,431,523,527,531
363,480,485,491,576
363,480,485,491,619
363,480,485,608,619
363,480,488,491,576
363,480,488,491,616
363,480,491,616,619
363,480,608,616,619
363,482,483,491,578
363,482,483,491,611
363,482,487,491,578
363,482,487,491,619
363,482,487,610,619
363,482,491,611,619
363,482,610,611,619
363,483,485,491,579
363,483,485,491,611
363,483,491,578,579
363,485,491,576,587
363,485,491,579,587
363,485,491,611,619
363,485,576,581,587
363,485,579,581,587
363,485,608,613,619
363,485,611,613,619
363,487,490,491,586
363,487,490,491,618
363,487,491,578,587
363,487,491,586,587
363,487,491,618,619
363,487,578,583,587
363,487,583,586,587
363,487,610,615,619
363,487,615,618,619
363,488,491,493,584
363,488,491,493,616
363,488,491,576,584
363,490,491,498,594
363,490,491,498,618
363,490,491,586,594
363,491,493,496,592
363,491,493,496,619
363,491,493,584,587
363,491,493,587,592
363,491,493,616,619
363,491,495,498,594
363,491,495,498,619
363,491,495,499,595
363,491,495,499,627
363,491,495,587,594
363,491,495,587,595
363,491,495,619,627
363,491,496,499,592
363,491,496,499,627
363,491,496,619,627
363,491,498,618,619
363,491,499,592,595
363,491,576,584,587
363,491,578,579,587
363,491,586,587,594
363,491,587,592,595
363,493,496,619,624
363,493,584,587,589
363,493,587,589,592
363,493,616,619,621
363,493,619,621,624
363,495,498,619,626
363,495,587,591,594
363,495,587,591,595
363,495,619,623,626
363,495,619,623,627
363,496,619,624,627
363,498,618,619,626
363,512,517,523,613
363,512,520,523,616
363,512,523,613,619
363,512,523,616,619
363,512,608,613,619
363,512,608,616,619
363,514,515,523,611
363,514,519,523,615
363,514,523,611,619
363,514,523,615,619
363,514,610,611,619
363,514,610,615,619
363,515,517,523,611
363,517,523,611,613
363,519,522,523,618
363,519,523,615,618
363,520,523,525,616
363,522,523,530,618
363,523,525,528,621
363,523,525,616,621
363,523,527,530,623
363,523,527,531,627
363,523,527,623,627
363,523,528,531,627
363,523,528,619,621
363,523,528,619,627
363,523,530,618,619
363,523,530,619,623
363,523,611,613,619
363,523,615,618,619
363,523,616,619,621
363,523,619,623,627
363,528,619,621,624
363,528,619,624,627
363,530,618,619,626
363,530,619,623,626
364,370,492,618,626
364,370,530,618,626
364,492,618,620,626
364,524,530,618,620
364,530,618,620,626
365,368,493,616,624
365,368,528,616,624
365,493,616,621,624
365,525,528,616,621
365,528,616,621,624
366,368,369,430,528
366,368,369,494,592
366,368,369,494,625
366,368,369,528,625
366,368,494,624,625
366,368,528,624,625
366,369,430,526,528
366,369,494,590,592
366,369,526,528,625
366,494,622,624,625
366,526,528,622,625
366,528,622,624,625
367,370,371,431,530
367,370,371,495,594
367,370,371,495,627
367,370,371,530,627
367,370,495,626,627
367,370,530,626,627
367,371,431,527,530
367,371,495,591,594
367,371,527,530,627
367,495,623,626,627
367,527,530,623,627
367,530,623,626,627
368,369,377,433,528
368,369,377,497,592
368,369,377,497,625
368,369,377,528,625
368,369,430,433,528
368,369,494,497,592
368,369,494,497,625
368,371,373,437,528
368,371,373,501,592
368,371,373,501,627
368,371,373,528,627
368,371,435,437,528
368,371,499,501,592
368,371,499,501,627
368,373,379,437,528
368,373,379,501,592
368,373,379,501,624
368,373,379,528,624
368,373,501,624,627
368,373,528,624,627
368,374,376,438,528
368,374,376,502,592
368,374,376,502,632
368,374,376,528,632
368,374,377,438,528
368,374,377,502,592
368,374,377,502,624
368,374,377,528,624
368,374,502,624,632
368,374,528,624,632
368,376,379,440,528
368,376,379,504,592
368,376,379,504,632
368,376,379,528,632
368,376,438,440,528
368,376,502,504,592
368,376,502,504,632
368,377,432,433,528
368,377,432,438,528
368,377,496,497,592
368,377,496,497,625
368,377,496,502,592
368,377,496,502,624
368,377,496,624,625
368,377,528,624,625
368,379,432,437,528
368,379,432,440,528
368,379,496,501,592
368,379,496,501,624
368,379,496,504,592
368,379,496,504,632
368,379,496,624,632
368,379,528,624,632
368,424,429,432,528
368,430,432,433,528
368,432,435,437,528
368,432,438,440,528
368,488,493,496,592
368,488,493,496,616
368,493,496,616,624
368,494,496,497,592
368,494,496,497,625
368,494,496,624,625
368,496,499,501,592
368,496,499,501,627
368,496,501,624,627
368,496,502,504,592
368,496,502,504,632
368,496,502,624,632
369,370,372,436,530
369,370,372,500,594
369,370,372,500,625
369,370,372,530,625
369,370,433,436,530
369,370,497,500,594
369,370,497,500,625
369,372,377,436,532
369,372,377,500,596
369,372,377,500,625
369,372,377,532,625
369,372,436,530,532
369,372,500,594,596
369,372,530,532,625
369,377,433,436,529
369,377,433,528,529
369,377,436,529,532
369,377,497,500,593
369,377,497,500,625
369,377,497,592,593
369,377,500,593,596
369,377,528,529,625
369,377,529,532,625
369,430,433,528,529
369,430,526,528,529
369,433,436,529,530
369,436,529,530,532
369,494,497,592,593
369,494,590,592,593
369,497,500,593,594
369,500,593,594,596
369,526,528,529,625
369,529,530,532,625
370,371,379,435,530
370,371,379,499,594
370,371,379,499,627
370,371,379,530,627
370,371,431,435,530
370,371,495,499,594
370,371,495,499,627
370,372,377,436,530
370,372,377,500,594
370,372,377,500,626
370,372,377,530,626
370,372,500,625,626
370,372,530,625,626
370,375,378,439,530
370,375,378,503,594
370,375,378,503,634
370,375,378,530,634
370,375,379,439,530
370,375,379,503,594
370,375,379,503,626
370,375,379,530,626
370,375,503,626,634
370,375,530,626,634
370,377,378,442,530
370,377,378,506,594
370,377,378,506,634
370,377,378,530,634
370,377,434,436,530
370,377,434,442,530
370,377,498,500,594
370,377,498,500,626
370,377,498,506,594
370,377,498,506,634
370,377,498,626,634
370,377,530,626,634
370,378,439,442,530
370,378,503,506,594
370,378,503,506,634
370,379,434,435,530
370,379,434,439,530
370,379,498,499,594
370,379,498,499,627
370,379,498,503,594
370,379,498,503,626
370,379,498,626,627
370,379,530,626,627
370,426,428,434,530
370,431,434,435,530
370,433,434,436,530
370,434,439,442,530
370,490,492,498,594
370,490,492,498,618
370,492,498,618,626
370,495,498,499,594
370,495,498,499,627
370,495,498,626,627
370,497,498,500,594
370,497,498,500,625
370,498,500,625,626
370,498,503,506,594
370,498,503,506,634
370,498,503,626,634
371,373,379,437,533
371,373,379,501,597
371,373,379,501,627
371,373,379,533,627
371,373,437,528,533
371,373,501,592,597
371,373,528,533,627
371,379,435,437,531
371,379,435,530,531
371,379,437,531,533
371,379,499,501,595
371,379,499,501,627
371,379,499,594,595
371,379,501,595,597
371,379,530,531,627
371,379,531,533,627
371,431,435,530,531
371,431,527,530,531
371,435,437,528,531
371,437,528,531,533
371,495,499,594,595
371,495,591,594,595
371,499,501,592,595
371,501,592,595,597
371,527,530,531,627
371,528,531,533,627
372,377,436,530,532
372,377,500,594,596
372,377,500,625,628
372,377,500,626,628
372,377,530,532,628
372,377,530,626,628
372,377,532,625,628
372,500,625,626,628
372,530,532,625,628
372,530,625,626,628
373,379,437,528,533
373,379,501,592,597
373,379,501,624,629
373,379,501,627,629
373,379,528,533,629
373,379,528,624,629
373,379,533,627,629
373,501,624,627,629
373,528,533,627,629
373,528,624,627,629
374,376,377,438,534
374,376,377,502,598
374,376,377,502,632
374,376,377,534,632
374,376,438,528,534
374,376,502,592,598
374,376,528,534,632
374,377,438,528,534
374,377,502,592,598
374,377,502,624,630
374,377,502,630,632
374,377,528,534,630
374,377,528,624,630
374,377,534,630,632
374,502,624,630,632
374,528,534,630,632
374,528,624,630,632
375,378,379,439,535
375,378,379,503,599
375,378,379,503,634
375,378,379,535,634
375,378,439,530,535
375,378,503,594,599
375,378,530,535,634
375,379,439,530,535
375,379,503,594,599
375,379,503,626,631
375,379,503,631,634
375,379,530,535,631
375,379,530,626,631
375,379,535,631,634
375,503,626,631,634
375,530,535,631,634
375,530,626,631,634
376,377,438,440,536
376,377,438,534,536
376,377,440,512,536
376,377,502,504,600
376,377,502,504,632
376,377,502,598,600
376,377,504,576,600
376,377,512,536,632
376,377,534,536,632
376,379,381,445,541
376,379,381,509,605
376,379,381,509,632
376,379,381,541,632
376,379,440,445,536
376,379,440,528,536
376,379,445,536,541
376,379,504,509,600
376,379,504,509,632
376,379,504,592,600
376,379,509,600,605
376,379,528,536,632
376,379,536,541,632
376,381,445,512,541
376,381,509,576,605
376,381,512,541,632
376,438,440,528,536
376,438,528,534,536
376,440,445,512,536
376,445,512,536,541
376,502,504,592,600
376,502,592,598,600
376,504,509,576,600
376,509,576,600,605
376,512,536,541,632
376,528,534,536,632
377,378,380,444,540
377,378,380,508,604
377,378,380,508,634
377,378,380,540,634
377,378,442,444,538
377,378,442,530,538
377,378,444,538,540
377,378,506,508,602
377,378,506,508,634
377,378,506,594,602
377,378,508,602,604
377,378,530,538,634
377,378,538,540,634
377,380,444,514,540
377,380,508,578,604
377,380,508,610,636
377,380,508,634,636
377,380,514,540,636
377,380,514,610,636
377,380,540,634,636
377,382,446,512,542
377,382,510,576,606
377,382,510,608,638
377,382,510,609,638
377,382,512,542,638
377,382,512,608,638
377,382,542,609,638
377,416,440,441,512
377,416,441,446,512
377,417,418,441,514
377,417,441,446,513
377,417,441,513,514
377,418,441,444,514
377,432,433,441,528
377,432,438,441,528
377,433,436,441,529
377,433,441,528,529
377,434,436,441,530
377,434,441,442,530
377,436,441,529,537
377,436,441,530,537
377,436,529,532,537
377,436,530,532,537
377,438,440,441,536
377,438,441,528,537
377,438,441,536,537
377,438,528,534,537
377,438,534,536,537
377,440,441,512,536
377,441,442,444,538
377,441,442,530,538
377,441,444,514,537
377,441,444,537,538
377,441,446,512,537
377,441,446,513,537
377,441,512,536,537
377,441,513,514,537
377,441,528,529,537
377,441,530,537,538
377,444,514,537,540
377,444,537,538,540
377,446,512,537,542
377,446,513,537,542
377,480,504,505,576
377,480,504,505,632
377,480,505,510,576
377,480,505,510,633
377,480,505,632,633
377,480,510,608,633
377,480,608,632,633
377,481,482,505,578
377,481,482,505,609
377,481,505,510,577
377,481,505,510,609
377,481,505,577,578
377,482,505,508,578
377,482,505,508,633
377,482,505,609,633
377,482,508,610,633
377,482,609,610,633
377,496,497,505,592
377,496,497,505,625
377,496,502,505,592
377,496,502,505,633
377,496,502,624,633
377,496,505,625,633
377,496,624,625,633
377,497,500,505,593
377,497,500,505,625
377,497,505,592,593
377,498,500,505,594
377,498,500,505,633
377,498,500,626,633
377,498,505,506,594
377,498,505,506,634
377,498,505,633,634
377,498,626,633,634
377,500,505,593,601
377,500,505,594,601
377,500,505,625,633
377,500,593,596,601
377,500,594,596,601
377,500,625,628,633
377,500,626,628,633
377,502,504,505,600
377,502,504,505,632
377,502,505,592,601
377,502,505,600,601
377,502,505,632,633
377,502,592,598,601
377,502,598,600,601
377,502,624,630,633
377,502,630,632,633
377,504,505,576,600
377,505,506,508,602
377,505,506,508,634
377,505,506,594,602
377,505,508,578,601
377,505,508,601,602
377,505,508,633,634
377,505,510,576,601
377,505,510,577,601
377,505,510,609,633
377,505,576,600,601
377,505,577,578,601
377,505,592,593,601
377,505,594,601,602
377,508,578,601,604
377,508,601,602,604
377,508,610,633,636
377,508,633,634,636
377,510,576,601,606
377,510,577,601,606
377,510,608,633,638
377,510,609,633,638
377,512,536,537,632
377,512,537,542,638
377,512,537,632,633
377,512,537,633,638
377,512,608,632,633
377,512,608,633,638
377,513,514,537,609
377,513,537,542,609
377,514,537,540,636
377,514,537,609,633
377,514,537,633,636
377,514,609,610,633
377,514,610,633,636
377,528,529,537,625
377,528,534,537,630
377,528,537,625,633
377,528,537,630,633
377,528,624,625,633
377,528,624,630,633
377,529,532,537,625
377,530,532,537,628
377,530,537,538,634
377,530,537,628,633
377,530,537,633,634
377,530,626,628,633
377,530,626,633,634
377,532,537,625,628
377,534,536,537,632
377,534,537,630,632
377,537,538,540,634
377,537,540,634,636
377,537,542,609,638
377,537,609,633,638
377,537,625,628,633
377,537,630,632,633
377,537,633,634,636
378,379,439,442,538
378,379,439,535,538
378,379,442,514,538
378,379,503,506,602
378,379,503,506,634
378,379,503,599,602
378,379,506,578,602
378,379,514,538,634
378,379,535,538,634
378,380,444,514,540
378,380,508,578,604
378,380,514,540,634
378,439,442,530,538
378,439,530,535,538
378,442,444,514,538
378,444,514,538,540
378,503,506,594,602
378,503,594,599,602
378,506,508,578,602
378,508,578,602,604
378,514,538,540,634
378,530,535,538,634
379,381,445,512,541
379,381,509,576,605
379,381,509,608,637
379,381,509,632,637
379,381,512,541,637
379,381,512,608,637
379,381,541,632,637
379,383,447,514,543
379,383,511,578,607
379,383,511,610,639
379,383,511,611,639
379,383,514,543,639
379,383,514,610,639
379,383,543,611,639
379,416,419,443,512
379,416,443,445,512
379,418,442,443,514
379,418,443,447,514
379,419,443,447,515
379,419,443,512,515
379,432,437,443,528
379,432,440,443,528
379,434,435,443,530
379,434,439,443,530
379,435,437,443,531
379,435,443,530,531
379,437,443,528,539
379,437,443,531,539
379,437,528,533,539
379,437,531,533,539
379,439,442,443,538
379,439,443,530,539
379,439,443,538,539
379,439,530,535,539
379,439,535,538,539
379,440,443,445,536
379,440,443,528,536
379,442,443,514,538
379,443,445,512,539
379,443,445,536,539
379,443,447,514,539
379,443,447,515,539
379,443,512,515,539
379,443,514,538,539
379,443,528,536,539
379,443,530,531,539
379,445,512,539,541
379,445,536,539,541
379,447,514,539,543
379,447,515,539,543
379,480,483,507,576
379,480,483,507,611
379,480,507,509,576
379,480,507,509,635
379,480,507,611,635
379,480,509,608,635
379,480,608,611,635
379,482,506,507,578
379,482,506,507,634
379,482,507,511,578
379,482,507,511,635
379,482,507,634,635
379,482,511,610,635
379,482,610,634,635
379,483,507,511,579
379,483,507,511,611
379,483,507,576,579
379,496,501,507,592
379,496,501,507,635
379,496,501,624,635
379,496,504,507,592
379,496,504,507,632
379,496,507,632,635
379,496,624,632,635
379,498,499,507,594
379,498,499,507,627
379,498,503,507,594
379,498,503,507,635
379,498,503,626,635
379,498,507,627,635
379,498,626,627,635
379,499,501,507,595
379,499,501,507,627
379,499,507,594,595
379,501,507,592,603
379,501,507,595,603
379,501,507,627,635
379,501,592,597,603
379,501,595,597,603
379,501,624,629,635
379,501,627,629,635
379,503,506,507,602
379,503,506,507,634
379,503,507,594,603
379,503,507,602,603
379,503,507,634,635
379,503,594,599,603
379,503,599,602,603
379,503,626,631,635
379,503,631,634,635
379,504,507,509,600
379,504,507,509,632
379,504,507,592,600
379,506,507,578,602
379,507,509,576,603
379,507,509,600,603
379,507,509,632,635
379,507,511,578,603
379,507,511,579,603
379,507,511,611,635
379,507,576,579,603
379,507,578,602,603
379,507,592,600,603
379,507,594,595,603
379,509,576,603,605
379,509,600,603,605
379,509,608,635,637
379,509,632,635,637
379,511,578,603,607
379,511,579,603,607
379,511,610,635,639
379,511,611,635,639
379,512,515,539,611
379,512,539,541,637
379,512,539,611,635
379,512,539,635,637
379,512,608,611,635
379,512,608,635,637
379,514,538,539,634
379,514,539,543,639
379,514,539,634,635
379,514,539,635,639
379,514,610,634,635
379,514,610,635,639
379,515,539,543,611
379,528,533,539,629
379,528,536,539,632
379,528,539,629,635
379,528,539,632,635
379,528,624,629,635
379,528,624,632,635
379,530,531,539,627
379,530,535,539,631
379,530,539,627,635
379,530,539,631,635
379,530,626,627,635
379,530,626,631,635
379,531,533,539,627
379,533,539,627,629
379,535,538,539,634
379,535,539,631,634
379,536,539,541,632
379,539,541,632,637
379,539,543,611,639
379,539,611,635,639
379,539,627,629,635
379,539,631,634,635
379,539,632,635,637
380,508,610,634,636
380,514,540,634,636
380,514,610,634,636
381,509,608,632,637
381,512,541,632,637
381,512,608,632,637
382,510,608,609,638
382,512,542,609,638
382,512,608,609,638
383,511,610,611,639
383,514,543,611,639
383,514,610,611,639
448,449,457,512,545
448,449,478,512,545
448,451,453,512,547
448,451,475,512,547
448,453,459,512,555
448,453,512,544,547
448,453,512,544,555
448,454,456,512,552
448,454,457,512,553
448,454,512,544,552
448,454,512,544,553
448,456,459,512,552
448,457,512,545,553
448,459,512,552,555
448,472,473,512,568
448,472,477,512,568
448,473,478,512,569
448,473,512,568,569
448,475,477,512,571
448,475,512,547,571
448,477,512,544,568
448,477,512,544,571
448,478,512,544,545
448,478,512,544,569
448,512,544,545,553
448,512,544,547,571
448,512,544,552,555
448,512,544,568,569
449,450,452,514,545
449,450,473,514,545
449,452,457,513,545
449,452,513,514,545
449,457,512,513,545
449,473,478,513,545
449,473,513,514,545
449,478,512,513,545
450,451,459,514,547
450,451,479,514,547
450,452,457,514,553
450,452,514,545,546
450,452,514,546,553
450,455,458,514,554
450,455,459,514,555
450,455,514,546,554
450,455,514,546,555
450,457,458,514,554
450,457,514,553,554
450,459,514,547,555
450,473,476,514,569
450,473,514,545,569
450,474,475,514,570
450,474,476,514,570
450,475,479,514,571
450,475,514,570,571
450,476,514,546,569
450,476,514,546,570
450,479,514,546,547
450,479,514,546,571
450,514,545,546,569
450,514,546,547,555
450,514,546,553,554
450,514,546,570,571
451,453,459,515,547
451,453,512,515,547
451,459,514,515,547
451,475,479,515,547
451,475,512,515,547
451,479,514,515,547
452,457,513,521,545
452,457,514,521,553
452,457,521,545,553
452,513,514,516,545
452,513,516,521,545
452,514,516,521,548
452,514,516,545,548
452,514,521,548,553
452,514,545,546,548
452,514,546,548,553
452,516,521,545,548
452,521,545,548,553
453,459,512,523,555
453,459,515,523,547
453,459,523,547,555
453,512,515,517,547
453,512,517,523,549
453,512,517,547,549
453,512,523,549,555
453,512,544,547,549
453,512,544,549,555
453,515,517,523,547
453,517,523,547,549
453,523,547,549,555
454,456,457,520,552
454,456,512,520,552
454,457,512,521,553
454,457,520,521,552
454,457,521,552,553
454,512,518,520,552
454,512,518,521,550
454,512,518,550,552
454,512,521,550,553
454,512,544,550,552
454,512,544,550,553
454,518,520,521,552
454,518,521,550,552
454,521,550,552,553
455,458,459,522,554
455,458,514,522,554
455,459,514,523,555
455,459,522,523,554
455,459,523,554,555
455,514,519,522,554
455,514,519,523,551
455,514,519,551,554
455,514,523,551,555
455,514,546,551,554
455,514,546,551,555
455,519,522,523,554
455,519,523,551,554
455,523,551,554,555
456,457,464,528,552
456,457,520,528,552
456,459,461,520,552
456,459,512,520,552
456,461,464,528,552
456,461,520,528,552
457,458,460,522,554
457,458,514,522,554
457,460,466,530,553
457,460,521,522,554
457,460,521,530,553
457,460,521,553,554
457,462,464,528,553
457,462,465,529,561
457,462,521,528,553
457,462,521,529,561
457,462,521,553,561
457,464,528,552,553
457,465,466,530,561
457,465,529,530,561
457,466,530,553,561
457,512,513,521,545
457,512,521,545,553
457,514,521,522,554
457,514,521,553,554
457,520,521,528,552
457,521,528,552,553
457,521,529,530,561
457,521,530,553,561
458,459,466,530,554
458,459,522,530,554
458,460,466,530,554
458,460,522,530,554
459,461,464,528,555
459,461,520,523,552
459,461,523,528,555
459,461,523,552,555
459,463,466,530,555
459,463,467,531,563
459,463,523,530,555
459,463,523,531,563
459,463,523,555,563
459,464,467,528,563
459,464,528,555,563
459,466,530,554,555
459,467,528,531,563
459,512,520,523,552
459,512,523,552,555
459,514,515,523,547
459,514,523,547,555
459,522,523,530,554
459,523,528,531,563
459,523,528,555,563
459,523,530,554,555
460,466,530,553,562
460,466,530,554,562
460,521,522,524,554
460,521,524,530,556
460,521,524,554,556
460,521,530,553,556
460,521,553,554,556
460,522,524,530,554
460,524,530,554,556
460,530,553,556,562
460,530,554,556,562
461,464,528,552,560
461,464,528,555,560
461,520,523,525,552
461,520,525,528,552
461,523,525,528,557
461,523,525,552,557
461,523,528,555,557
461,523,552,555,557
461,525,528,552,557
461,528,552,557,560
461,528,555,557,560
462,464,465,528,561
462,464,528,553,560
462,464,528,560,561
462,465,528,529,561
462,521,526,528,558
462,521,526,529,561
462,521,526,558,561
462,521,528,553,558
462,521,553,558,561
462,526,528,529,561
462,526,528,558,561
462,528,553,558,560
462,528,558,560,561
463,466,467,530,563
463,466,530,555,562
463,466,530,562,563
463,467,530,531,563
463,523,527,530,559
463,523,527,531,563
463,523,527,559,563
463,523,530,555,559
463,523,555,559,563
463,527,530,531,563
463,527,530,559,563
463,530,555,559,562
463,530,559,562,563
464,465,473,528,561
464,467,469,528,563
464,469,475,528,571
464,469,528,560,563
464,469,528,560,571
464,470,472,528,568
464,470,473,528,569
464,470,528,560,568
464,470,528,560,569
464,472,475,528,568
464,473,528,561,569
464,475,528,568,571
464,528,552,553,560
464,528,555,560,563
464,528,560,561,569
464,528,560,568,571
465,466,468,530,561
465,468,473,529,561
465,468,529,530,561
465,473,528,529,561
466,467,475,530,563
466,468,473,530,569
466,468,530,561,562
466,468,530,562,569
466,471,474,530,570
466,471,475,530,571
466,471,530,562,570
466,471,530,562,571
466,473,474,530,570
466,473,530,569,570
466,475,530,563,571
466,530,553,561,562
466,530,554,555,562
466,530,562,563,571
466,530,562,569,570
467,469,475,531,563
467,469,528,531,563
467,475,530,531,563
468,473,529,537,561
468,473,530,537,569
468,473,537,561,569
468,529,530,532,561
468,529,532,537,561
468,530,532,537,564
468,530,532,561,564
468,530,537,564,569
468,530,561,562,564
468,530,562,564,569
468,532,537,561,564
468,537,561,564,569
469,475,528,539,571
469,475,531,539,563
469,475,539,563,571
469,528,531,533,563
469,528,533,539,565
469,528,533,563,565
469,528,539,565,571
469,528,560,563,565
469,528,560,565,571
469,531,533,539,563
469,533,539,563,565
469,539,563,565,571
470,472,473,536,568
470,472,528,536,568
470,473,528,537,569
470,473,536,537,568
470,473,537,568,569
470,528,534,536,568
470,528,534,537,566
470,528,534,566,568
470,528,537,566,569
470,528,560,566,568
470,528,560,566,569
470,534,536,537,568
470,534,537,566,568
470,537,566,568,569
471,474,475,538,570
471,474,530,538,570
471,475,530,539,571
471,475,538,539,570
471,475,539,570,571
471,530,535,538,570
471,530,535,539,567
471,530,535,567,570
471,530,539,567,571
471,530,562,567,570
471,530,562,567,571
471,535,538,539,570
471,535,539,567,570
471,539,567,570,571
472,473,512,536,568
472,475,477,536,568
472,475,528,536,568
472,477,512,536,568
473,474,476,538,570
473,474,530,538,570
473,476,514,537,569
473,476,537,538,570
473,476,537,569,570
473,478,512,537,569
473,478,513,537,545
473,478,537,545,569
473,512,536,537,568
473,512,537,568,569
473,513,514,537,545
473,514,537,545,569
473,528,529,537,561
473,528,537,561,569
473,530,537,538,570
473,530,537,569,570
474,475,514,538,570
474,476,514,538,570
475,477,512,539,571
475,477,536,539,568
475,477,539,568,571
475,479,514,539,571
475,479,515,539,547
475,479,539,547,571
475,512,515,539,547
475,512,539,547,571
475,514,538,539,570
475,514,539,570,571
475,528,536,539,568
475,528,539,568,571
475,530,531,539,563
475,530,539,563,571
476,514,537,540,572
476,514,537,569,572
476,514,538,540,570
476,514,540,570,572
476,514,546,569,572
476,514,546,570,572
476,537,538,540,570
476,537,540,570,572
476,537,569,570,572
477,512,536,541,568
477,512,539,541,573
477,512,539,571,573
477,512,541,568,573
477,512,544,568,573
477,512,544,571,573
477,536,539,541,568
477,539,541,568,573
477,539,568,571,573
478,512,513,542,545
478,512,537,542,574
478,512,537,569,574
478,512,542,545,574
478,512,544,545,574
478,512,544,569,574
478,513,537,542,545
478,537,542,545,574
478,537,545,569,574
479,514,515,543,547
479,514,539,543,575
479,514,539,571,575
479,514,543,547,575
479,514,546,547,575
479,514,546,571,575
479,515,539,543,547
479,539,543,547,575
479,539,547,571,575
480,481,489,576,609
480,481,510,576,609
480,483,485,576,611
480,483,507,576,611
480,485,491,576,619
480,485,576,608,611
480,485,576,608,619
480,486,488,576,616
480,486,489,576,617
480,486,576,608,616
480,486,576,608,617
480,488,491,576,616
480,489,576,609,617
480,491,576,616,619
480,504,505,576,632
480,504,509,576,632
480,505,510,576,633
480,505,576,632,633
480,507,509,576,635
480,507,576,611,635
480,509,576,608,632
480,509,576,608,635
480,510,576,608,609
480,510,576,608,633
480,576,608,609,617
480,576,608,611,635
480,576,608,616,619
480,576,608,632,633
481,482,484,578,609
481,482,505,578,609
481,484,489,577,609
481,484,577,578,609
481,489,576,577,609
481,505,510,577,609
481,505,577,578,609
481,510,576,577,609
482,483,491,578,611
482,483,511,578,611
482,484,489,578,617
482,484,578,609,610
482,484,578,610,617
482,487,490,578,618
482,487,491,578,619
482,487,578,610,618
482,487,578,610,619
482,489,490,578,618
482,489,578,617,618
482,491,578,611,619
482,505,508,578,633
482,505,578,609,633
482,506,507,578,634
482,506,508,578,634
482,507,511,578,635
482,507,578,634,635
482,508,578,610,633
482,508,578,610,634
482,511,578,610,611
482,511,578,610,635
482,578,609,610,633
482,578,610,611,619
482,578,610,617,618
482,578,610,634,635
483,485,491,579,611
483,485,576,579,611
483,491,578,579,611
483,507,511,579,611
483,507,576,579,611
483,511,578,579,611
484,489,577,585,609
484,489,578,585,617
484,489,585,609,617
484,577,578,580,609
484,577,580,585,609
484,578,580,585,612
484,578,580,609,612
484,578,585,612,617
484,578,609,610,612
484,578,610,612,617
484,580,585,609,612
484,585,609,612,617
485,491,576,587,619
485,491,579,587,611
485,491,587,611,619
485,576,579,581,611
485,576,581,587,613
485,576,581,611,613
485,576,587,613,619
485,576,608,611,613
485,576,608,613,619
485,579,581,587,611
485,581,587,611,613
485,587,611,613,619
486,488,489,584,616
486,488,576,584,616
486,489,576,585,617
486,489,584,585,616
486,489,585,616,617
486,576,582,584,616
486,576,582,585,614
486,576,582,614,616
486,576,585,614,617
486,576,608,614,616
486,576,608,614,617
486,582,584,585,616
486,582,585,614,616
486,585,614,616,617
487,490,491,586,618
487,490,578,586,618
487,491,578,587,619
487,491,586,587,618
487,491,587,618,619
487,578,583,586,618
487,578,583,587,615
487,578,583,615,618
487,578,587,615,619
487,578,610,615,618
487,578,610,615,619
487,583,586,587,618
487,583,587,615,618
487,587,615,618,619
488,489,496,592,616
488,489,584,592,616
488,491,493,584,616
488,491,576,584,616
488,493,496,592,616
488,493,584,592,616
489,490,492,586,618
489,490,578,586,618
489,492,498,594,617
489,492,585,586,618
489,492,585,594,617
489,492,585,617,618
489,494,496,592,617
489,494,497,593,625
489,494,585,592,617
489,494,585,593,625
489,494,585,617,625
489,496,592,616,617
489,497,498,594,625
489,497,593,594,625
489,498,594,617,625
489,576,577,585,609
489,576,585,609,617
489,578,585,586,618
489,578,585,617,618
489,584,585,592,616
489,585,592,616,617
489,585,593,594,625
489,585,594,617,625
490,491,498,594,618
490,491,586,594,618
490,492,498,594,618
490,492,586,594,618
491,493,496,592,619
491,493,584,587,616
491,493,587,592,619
491,493,587,616,619
491,495,498,594,619
491,495,499,595,627
491,495,587,594,619
491,495,587,595,627
491,495,587,619,627
491,496,499,592,627
491,496,592,619,627
491,498,594,618,619
491,499,592,595,627
491,576,584,587,616
491,576,587,616,619
491,578,579,587,611
491,578,587,611,619
491,586,587,594,618
491,587,592,595,627
491,587,592,619,627
491,587,594,618,619
492,498,594,617,626
492,498,594,618,626
492,585,586,588,618
492,585,588,594,620
492,585,588,618,620
492,585,594,617,620
492,585,617,618,620
492,586,588,594,618
492,588,594,618,620
492,594,617,620,626
492,594,618,620,626
493,496,592,616,624
493,496,592,619,624
493,584,587,589,616
493,584,589,592,616
493,587,589,592,621
493,587,589,616,621
493,587,592,619,621
493,587,616,619,621
493,589,592,616,621
493,592,616,621,624
493,592,619,621,624
494,496,497,592,625
494,496,592,617,624
494,496,592,624,625
494,497,592,593,625
494,585,590,592,622
494,585,590,593,625
494,585,590,622,625
494,585,592,617,622
494,585,617,622,625
494,590,592,593,625
494,590,592,622,625
494,592,617,622,624
494,592,622,624,625
495,498,499,594,627
495,498,594,619,626
495,498,594,626,627
495,499,594,595,627
495,587,591,594,623
495,587,591,595,627
495,587,591,623,627
495,587,594,619,623
495,587,619,623,627
495,591,594,595,627
495,591,594,623,627
495,594,619,623,626
495,594,623,626,627
496,497,505,592,625
496,499,501,592,627
496,501,507,592,635
496,501,592,624,627
496,501,592,624,635
496,502,504,592,632
496,502,505,592,633
496,502,592,624,632
496,502,592,624,633
496,504,507,592,632
496,505,592,625,633
496,507,592,632,635
496,592,616,617,624
496,592,619,624,627
496,592,624,625,633
496,592,624,632,635
497,498,500,594,625
497,500,505,593,625
497,500,593,594,625
497,505,592,593,625
498,499,507,594,627
498,500,505,594,633
498,500,594,625,626
498,500,594,626,633
498,503,506,594,634
498,503,507,594,635
498,503,594,626,634
498,503,594,626,635
498,505,506,594,634
498,505,594,633,634
498,507,594,627,635
498,594,617,625,626
498,594,618,619,626
498,594,626,627,635
498,594,626,633,634
499,501,507,595,627
499,501,592,595,627
499,507,594,595,627
500,505,593,601,625
500,505,594,601,633
500,505,601,625,633
500,593,594,596,625
500,593,596,601,625
500,594,596,601,628
500,594,596,625,628
500,594,601,628,633
500,594,625,626,628
500,594,626,628,633
500,596,601,625,628
500,601,625,628,633
501,507,592,603,635
501,507,595,603,627
501,507,603,627,635
501,592,595,597,627
501,592,597,603,629
501,592,597,627,629
501,592,603,629,635
501,592,624,627,629
501,592,624,629,635
501,595,597,603,627
501,597,603,627,629
501,603,627,629,635
502,504,505,600,632
502,504,592,600,632
502,505,592,601,633
502,505,600,601,632
502,505,601,632,633
502,592,598,600,632
502,592,598,601,630
502,592,598,630,632
502,592,601,630,633
502,592,624,630,632
502,592,624,630,633
502,598,600,601,632
502,598,601,630,632
502,601,630,632,633
503,506,507,602,634
503,506,594,602,634
503,507,594,603,635
503,507,602,603,634
503,507,603,634,635
503,594,599,602,634
503,594,599,603,631
503,594,599,631,634
503,594,603,631,635
503,594,626,631,634
503,594,626,631,635
503,599,602,603,634
503,599,603,631,634
503,603,631,634,635
504,505,576,600,632
504,507,509,600,632
504,507,592,600,632
504,509,576,600,632
505,506,508,602,634
505,506,594,602,634
505,508,578,601,633
505,508,601,602,634
505,508,601,633,634
505,510,576,601,633
505,510,577,601,609
505,510,601,609,633
505,576,600,601,632
505,576,601,632,633
505,577,578,601,609
505,578,601,609,633
505,592,593,601,625
505,592,601,625,633
505,594,601,602,634
505,594,601,633,634
506,507,578,602,634
506,508,578,602,634
507,509,576,603,635
507,509,600,603,632
507,509,603,632,635
507,511,578,603,635
507,511,579,603,611
507,511,603,611,635
507,576,579,603,611
507,576,603,611,635
507,578,602,603,634
507,578,603,634,635
507,592,600,603,632
507,592,603,632,635
507,594,595,603,627
507,594,603,627,635
508,578,601,604,636
508,578,601,633,636
508,578,602,604,634
508,578,604,634,636
508,578,610,633,636
508,578,610,634,636
508,601,602,604,634
508,601,604,634,636
508,601,633,634,636
509,576,600,605,632
509,576,603,605,637
509,576,603,635,637
509,576,605,632,637
509,576,608,632,637
509,576,608,635,637
509,600,603,605,632
509,603,605,632,637
509,603,632,635,637
510,576,577,606,609
510,576,601,606,638
510,576,601,633,638
510,576,606,609,638
510,576,608,609,638
510,576,608,633,638
510,577,601,606,609
510,601,606,609,638
510,601,609,633,638
511,578,579,607,611
511,578,603,607,639
511,578,603,635,639
511,578,607,611,639
511,578,610,611,639
511,578,610,635,639
511,579,603,607,611
511,603,607,611,639
511,603,611,635,639
512,513,521,545,809
512,513,521,609,681
512,513,521,681,873
512,513,521,713,769
512,513,521,713,809
512,513,521,769,873
512,513,542,545,801
512,513,542,609,702
512,513,542,702,865
512,513,542,734,769
512,513,542,734,801
512,513,542,769,865
512,513,545,801,809
512,513,609,673,681
512,513,609,673,702
512,513,673,681,873
512,513,673,702,865
512,513,673,865,873
512,513,705,713,769
512,513,705,713,809
512,513,705,734,769
512,513,705,734,801
512,513,705,801,809
512,513,769,865,873
512,515,517,547,803
512,515,517,611,677
512,515,517,677,867
512,515,517,709,771
512,515,517,709,803
512,515,517,771,867
512,515,539,547,827
512,515,539,611,699
512,515,539,699,891
512,515,539,731,771
512,515,539,731,827
512,515,539,771,891
512,515,547,803,827
512,515,611,675,677
512,515,611,675,699
512,515,675,677,867
512,515,675,699,891
512,515,675,867,891
512,515,707,709,771
512,515,707,709,803
512,515,707,731,771
512,515,707,731,827
512,515,707,803,827
512,515,771,867,891
512,517,523,549,811
512,517,523,613,677
512,517,523,677,875
512,517,523,709,773
512,517,523,709,811
512,517,523,773,875
512,517,547,549,805
512,517,547,803,805
512,517,549,805,811
512,517,611,613,677
512,517,677,867,869
512,517,677,869,875
512,517,709,771,773
512,517,709,803,805
512,517,709,805,811
512,517,771,773,869
512,517,771,867,869
512,517,773,869,875
512,518,520,552,808
512,518,520,616,678
512,518,520,678,872
512,518,520,710,776
512,518,520,710,808
512,518,520,776,872
512,518,521,550,809
512,518,521,614,678
512,518,521,678,873
512,518,521,710,774
512,518,521,710,809
512,518,521,774,873
512,518,550,552,806
512,518,550,806,809
512,518,552,806,808
512,518,614,616,678
512,518,678,870,872
512,518,678,870,873
512,518,710,774,776
512,518,710,806,808
512,518,710,806,809
512,518,774,776,870
512,518,774,870,873
512,518,776,870,872
512,520,523,552,811
512,520,523,616,683
512,520,523,683,875
512,520,523,715,776
512,520,523,715,811
512,520,523,776,875
512,520,552,808,811
512,520,616,678,680
512,520,616,680,683
512,520,678,680,872
512,520,680,683,875
512,520,680,872,875
512,520,710,712,776
512,520,710,712,808
512,520,712,715,776
512,520,712,715,811
512,520,712,808,811
512,520,776,872,875
512,521,545,553,809
512,521,550,553,809
512,521,609,617,681
512,521,614,617,678
512,521,617,678,681
512,521,678,681,873
512,521,710,713,777
512,521,710,713,809
512,521,710,774,777
512,521,713,769,777
512,521,769,777,873
512,521,774,777,873
512,523,549,555,811
512,523,552,555,811
512,523,613,619,677
512,523,616,619,683
512,523,619,677,683
512,523,677,683,875
512,523,709,715,779
512,523,709,715,811
512,523,709,773,779
512,523,715,776,779
512,523,773,779,875
512,523,776,779,875
512,536,537,568,825
512,536,537,632,697
512,536,537,697,889
512,536,537,729,792
512,536,537,729,825
512,536,537,792,889
512,536,541,568,824
512,536,541,632,701
512,536,541,701,888
512,536,541,733,792
512,536,541,733,824
512,536,541,792,888
512,536,568,824,825
512,536,632,696,697
512,536,632,696,701
512,536,696,697,889
512,536,696,701,888
512,536,696,888,889
512,536,728,729,792
512,536,728,729,825
512,536,728,733,792
512,536,728,733,824
512,536,728,824,825
512,536,792,888,889
512,537,542,574,825
512,537,542,638,702
512,537,542,702,889
512,537,542,734,798
512,537,542,734,825
512,537,542,798,889
512,537,568,569,825
512,537,569,574,825
512,537,632,633,697
512,537,633,638,702
512,537,633,697,702
512,537,697,702,889
512,537,729,734,793
512,537,729,734,825
512,537,729,792,793
512,537,734,793,798
512,537,792,793,889
512,537,793,798,889
512,539,541,573,827
512,539,541,637,701
512,539,541,701,891
512,539,541,733,797
512,539,541,733,827
512,539,541,797,891
512,539,547,571,827
512,539,571,573,827
512,539,611,635,699
512,539,635,637,701
512,539,635,699,701
512,539,699,701,891
512,539,731,733,795
512,539,731,733,827
512,539,731,771,795
512,539,733,795,797
512,539,771,795,891
512,539,795,797,891
512,541,568,573,829
512,541,568,824,829
512,541,573,827,829
512,541,632,637,701
512,541,701,888,893
512,541,701,891,893
512,541,733,792,797
512,541,733,824,829
512,541,733,827,829
512,541,792,797,893
512,541,792,888,893
512,541,797,891,893
512,542,545,574,830
512,542,545,801,830
512,542,574,825,830
512,542,609,638,702
512,542,702,865,894
512,542,702,889,894
512,542,734,769,798
512,542,734,801,830
512,542,734,825,830
512,542,769,798,894
512,542,769,865,894
512,542,798,889,894
512,544,545,553,809
512,544,545,574,830
512,544,545,800,809
512,544,545,800,830
512,544,547,549,805
512,544,547,571,827
512,544,547,800,805
512,544,547,800,827
512,544,549,555,811
512,544,549,805,811
512,544,550,552,806
512,544,550,553,809
512,544,550,806,809
512,544,552,555,811
512,544,552,800,806
512,544,552,800,811
512,544,568,569,825
512,544,568,573,829
512,544,568,800,825
512,544,568,800,829
512,544,569,574,825
512,544,571,573,827
512,544,573,827,829
512,544,574,825,830
512,544,800,805,811
512,544,800,806,809
512,544,800,825,830
512,544,800,827,829
512,545,800,801,809
512,545,800,801,830
512,547,800,803,805
512,547,800,803,827
512,552,800,806,808
512,552,800,808,811
512,568,800,824,825
512,568,800,824,829
512,608,609,617,672
512,608,609,638,702
512,608,609,672,702
512,608,611,613,677
512,608,611,635,672
512,608,611,672,677
512,608,613,619,677
512,608,614,616,678
512,608,614,617,678
512,608,616,619,672
512,608,616,672,678
512,608,617,672,678
512,608,619,672,677
512,608,632,633,672
512,608,632,637,701
512,608,632,672,701
512,608,633,638,702
512,608,633,672,702
512,608,635,637,701
512,608,635,672,701
512,609,617,672,681
512,609,672,673,681
512,609,672,673,702
512,611,635,672,699
512,611,672,675,677
512,611,672,675,699
512,616,619,672,683
512,616,672,678,680
512,616,672,680,683
512,617,672,678,681
512,619,672,677,683
512,632,633,672,697
512,632,672,696,697
512,632,672,696,701
512,633,672,697,702
512,635,672,699,701
512,672,673,681,873
512,672,673,702,864
512,672,673,864,873
512,672,675,677,864
512,672,675,699,891
512,672,675,864,891
512,672,677,683,875
512,672,677,864,875
512,672,678,680,864
512,672,678,681,873
512,672,678,864,873
512,672,680,683,875
512,672,680,864,875
512,672,696,697,889
512,672,696,701,864
512,672,696,864,889
512,672,697,702,889
512,672,699,701,891
512,672,701,864,891
512,672,702,864,889
512,673,702,864,865
512,673,864,865,873
512,675,677,864,867
512,675,864,867,891
512,677,864,867,869
512,677,864,869,875
512,678,680,864,872
512,678,864,870,872
512,678,864,870,873
512,680,864,872,875
512,696,701,864,888
512,696,864,888,889
512,701,864,888,893
512,701,864,891,893
512,702,864,865,894
512,702,864,889,894
512,704,705,713,769
512,704,705,713,809
512,704,705,734,769
512,704,705,734,800
512,704,705,800,809
512,704,707,709,771
512,704,707,709,800
512,704,707,731,771
512,704,707,731,827
512,704,707,800,827
512,704,709,715,779
512,704,709,715,811
512,704,709,768,771
512,704,709,768,779
512,704,709,800,811
512,704,710,712,776
512,704,710,712,800
512,704,710,713,777
512,704,710,713,809
512,704,710,768,776
512,704,710,768,777
512,704,710,800,809
512,704,712,715,776
512,704,712,715,811
512,704,712,800,811
512,704,713,769,777
512,704,715,776,779
512,704,728,729,792
512,704,728,729,825
512,704,728,733,792
512,704,728,733,800
512,704,728,800,825
512,704,729,734,793
512,704,729,734,825
512,704,729,792,793
512,704,731,733,795
512,704,731,733,827
512,704,731,771,795
512,704,733,768,792
512,704,733,768,795
512,704,733,800,827
512,704,734,768,769
512,704,734,768,793
512,704,734,800,825
512,704,768,769,777
512,704,768,771,795
512,704,768,776,779
512,704,768,792,793
512,705,734,800,801
512,705,800,801,809
512,707,709,800,803
512,707,800,803,827
512,709,768,771,773
512,709,768,773,779
512,709,800,803,805
512,709,800,805,811
512,710,712,800,808
512,710,768,774,776
512,710,768,774,777
512,710,800,806,808
512,710,800,806,809
512,712,800,808,811
512,728,733,800,824
512,728,800,824,825
512,733,768,792,797
512,733,768,795,797
512,733,800,824,829
512,733,800,827,829
512,734,768,769,798
512,734,768,793,798
512,734,800,801,830
512,734,800,825,830
512,768,769,777,873
512,768,769,798,894
512,768,769,864,873
512,768,769,864,894
512,768,771,773,869
512,768,771,795,891
512,768,771,864,869
512,768,771,864,891
512,768,773,779,875
512,768,773,869,875
512,768,774,776,870
512,768,774,777,873
512,768,774,870,873
512,768,776,779,875
512,768,776,864,870
512,768,776,864,875
512,768,792,793,889
512,768,792,797,893
512,768,792,864,889
512,768,792,864,893
512,768,793,798,889
512,768,795,797,891
512,768,797,891,893
512,768,798,889,894
512,768,864,869,875
512,768,864,870,873
512,768,864,889,894
512,768,864,891,893
512,769,864,865,873
512,769,864,865,894
512,771,864,867,869
512,771,864,867,891
512,776,864,870,872
512,776,864,872,875
512,792,864,888,889
512,792,864,888,893
513,514,516,545,801
513,514,516,609,676
513,514,516,676,865
513,514,516,708,769
513,514,516,708,801
513,514,516,769,865
513,514,537,545,825
513,514,537,609,697
513,514,537,697,889
513,514,537,729,769
513,514,537,729,825
513,514,537,769,889
513,514,545,801,825
513,514,609,673,676
513,514,609,673,697
513,514,673,676,865
513,514,673,697,889
513,514,673,865,889
513,514,705,708,769
513,514,705,708,801
513,514,705,729,769
513,514,705,729,825
513,514,705,801,825
513,514,769,865,889
513,516,521,545,809
513,516,521,609,676
513,516,521,676,873
513,516,521,708,769
513,516,521,708,809
513,516,521,769,873
513,516,545,801,809
513,516,676,865,873
513,516,708,801,809
513,516,769,865,873
513,521,609,676,681
513,521,676,681,873
513,521,708,713,769
513,521,708,713,809
513,537,542,545,825
513,537,542,609,702
513,537,542,702,889
513,537,542,734,769
513,537,542,734,825
513,537,542,769,889
513,537,609,697,702
513,537,697,702,889
513,537,729,734,769
513,537,729,734,825
513,542,545,801,825
513,542,702,865,889
513,542,734,801,825
513,542,769,865,889
513,609,673,676,681
513,609,673,697,702
513,673,676,681,873
513,673,676,865,873
513,673,697,702,889
513,673,702,865,889
513,705,708,713,769
513,705,708,713,809
513,705,708,801,809
513,705,729,734,769
513,705,729,734,825
513,705,734,801,825
514,515,523,547,811
514,515,523,611,683
514,515,523,683,875
514,515,523,715,771
514,515,523,715,811
514,515,523,771,875
514,515,543,547,803
514,515,543,611,703
514,515,543,703,867
514,515,543,735,771
514,515,543,735,803
514,515,543,771,867
514,515,547,803,811
514,515,611,675,683
514,515,611,675,703
514,515,675,683,875
514,515,675,703,867
514,515,675,867,875
514,515,707,715,771
514,515,707,715,811
514,515,707,735,771
514,515,707,735,803
514,515,707,803,811
514,515,771,867,875
514,516,521,548,809
514,516,521,612,676
514,516,521,676,873
514,516,521,708,772
514,516,521,708,809
514,516,521,772,873
514,516,545,548,804
514,516,545,801,804
514,516,548,804,809
514,516,609,612,676
514,516,676,865,868
514,516,676,868,873
514,516,708,769,772
514,516,708,801,804
514,516,708,804,809
514,516,769,772,868
514,516,769,865,868
514,516,772,868,873
514,519,522,554,810
514,519,522,618,679
514,519,522,679,874
514,519,522,711,778
514,519,522,711,810
514,519,522,778,874
514,519,523,551,811
514,519,523,615,679
514,519,523,679,875
514,519,523,711,775
514,519,523,711,811
514,519,523,775,875
514,519,551,554,807
514,519,551,807,811
514,519,554,807,810
514,519,615,618,679
514,519,679,871,874
514,519,679,871,875
514,519,711,775,778
514,519,711,807,810
514,519,711,807,811
514,519,775,778,871
514,519,775,871,875
514,519,778,871,874
514,521,522,554,809
514,521,522,618,681
514,521,522,681,873
514,521,522,713,778
514,521,522,713,809
514,521,522,778,873
514,521,548,553,809
514,521,553,554,809
514,521,612,617,676
514,521,617,618,681
514,521,617,676,681
514,521,676,681,873
514,521,708,713,777
514,521,708,713,809
514,521,708,772,777
514,521,713,777,778
514,521,772,777,873
514,521,777,778,873
514,522,554,809,810
514,522,618,679,682
514,522,618,681,682
514,522,679,682,874
514,522,681,682,873
514,522,682,873,874
514,522,711,714,778
514,522,711,714,810
514,522,713,714,778
514,522,713,714,809
514,522,714,809,810
514,522,778,873,874
514,523,547,555,811
514,523,551,555,811
514,523,611,619,683
514,523,615,619,679
514,523,619,679,683
514,523,679,683,875
514,523,711,715,779
514,523,711,715,811
514,523,711,775,779
514,523,715,771,779
514,523,771,779,875
514,523,775,779,875
514,537,540,572,825
514,537,540,636,700
514,537,540,700,889
514,537,540,732,796
514,537,540,732,825
514,537,540,796,889
514,537,545,569,825
514,537,569,572,825
514,537,609,633,697
514,537,633,636,700
514,537,633,697,700
514,537,697,700,889
514,537,729,732,793
514,537,729,732,825
514,537,729,769,793
514,537,732,793,796
514,537,769,793,889
514,537,793,796,889
514,538,539,570,827
514,538,539,634,699
514,538,539,699,891
514,538,539,731,794
514,538,539,731,827
514,538,539,794,891
514,538,540,570,826
514,538,540,634,700
514,538,540,700,890
514,538,540,732,794
514,538,540,732,826
514,538,540,794,890
514,538,570,826,827
514,538,634,698,699
514,538,634,698,700
514,538,698,699,891
514,538,698,700,890
514,538,698,890,891
514,538,730,731,794
514,538,730,731,827
514,538,730,732,794
514,538,730,732,826
514,538,730,826,827
514,538,794,890,891
514,539,543,575,827
514,539,543,639,703
514,539,543,703,891
514,539,543,735,799
514,539,543,735,827
514,539,543,799,891
514,539,570,571,827
514,539,571,575,827
514,539,634,635,699
514,539,635,639,703
514,539,635,699,703
514,539,699,703,891
514,539,731,735,795
514,539,731,735,827
514,539,731,794,795
514,539,735,795,799
514,539,794,795,891
514,539,795,799,891
514,540,570,572,828
514,540,570,826,828
514,540,572,825,828
514,540,634,636,700
514,540,700,889,892
514,540,700,890,892
514,540,732,794,796
514,540,732,825,828
514,540,732,826,828
514,540,794,796,892
514,540,794,890,892
514,540,796,889,892
514,543,547,575,831
514,543,547,803,831
514,543,575,827,831
514,543,611,639,703
514,543,703,867,895
514,543,703,891,895
514,543,735,771,799
514,543,735,803,831
514,543,735,827,831
514,543,771,799,895
514,543,771,867,895
514,543,799,891,895
514,545,546,548,804
514,545,546,569,825
514,545,546,802,804
514,545,546,802,825
514,545,801,802,804
514,545,801,802,825
514,546,547,555,811
514,546,547,575,831
514,546,547,802,811
514,546,547,802,831
514,546,548,553,809
514,546,548,804,809
514,546,551,554,807
514,546,551,555,811
514,546,551,807,811
514,546,553,554,809
514,546,554,802,807
514,546,554,802,809
514,546,569,572,825
514,546,570,571,827
514,546,570,572,828
514,546,570,802,827
514,546,570,802,828
514,546,571,575,827
514,546,572,825,828
514,546,575,827,831
514,546,802,804,809
514,546,802,807,811
514,546,802,825,828
514,546,802,827,831
514,547,802,803,811
514,547,802,803,831
514,554,802,807,810
514,554,802,809,810
514,570,802,826,827
514,570,802,826,828
514,609,610,612,676
514,609,610,633,674
514,609,610,674,676
514,609,633,674,697
514,609,673,674,676
514,609,673,674,697
514,610,611,619,674
514,610,611,639,703
514,610,611,674,703
514,610,612,617,676
514,610,615,618,679
514,610,615,619,679
514,610,617,618,674
514,610,617,674,676
514,610,618,674,679
514,610,619,674,679
514,610,633,636,700
514,610,633,674,700
514,610,634,635,674
514,610,634,636,700
514,610,634,674,700
514,610,635,639,703
514,610,635,674,703
514,611,619,674,683
514,611,674,675,683
514,611,674,675,703
514,617,618,674,681
514,617,674,676,681
514,618,674,679,682
514,618,674,681,682
514,619,674,679,683
514,633,674,697,700
514,634,635,674,699
514,634,674,698,699
514,634,674,698,700
514,635,674,699,703
514,673,674,676,866
514,673,674,697,889
514,673,674,866,889
514,673,676,865,866
514,673,865,866,889
514,674,675,683,875
514,674,675,703,866
514,674,675,866,875
514,674,676,681,873
514,674,676,866,873
514,674,679,682,866
514,674,679,683,875
514,674,679,866,875
514,674,681,682,873
514,674,682,866,873
514,674,697,700,889
514,674,698,699,891
514,674,698,700,866
514,674,698,866,891
514,674,699,703,891
514,674,700,866,889
514,674,703,866,891
514,675,703,866,867
514,675,866,867,875
514,676,865,866,868
514,676,866,868,873
514,679,682,866,874
514,679,866,871,874
514,679,866,871,875
514,682,866,873,874
514,698,700,866,890
514,698,866,890,891
514,700,866,889,892
514,700,866,890,892
514,703,866,867,895
514,703,866,891,895
514,705,706,708,769
514,705,706,708,802
514,705,706,729,769
514,705,706,729,825
514,705,706,802,825
514,705,708,801,802
514,705,801,802,825
514,706,707,715,771
514,706,707,715,811
514,706,707,735,771
514,706,707,735,802
514,706,707,802,811
514,706,708,713,777
514,706,708,713,809
514,706,708,769,770
514,706,708,770,777
514,706,708,802,809
514,706,711,714,778
514,706,711,714,802
514,706,711,715,779
514,706,711,715,811
514,706,711,770,778
514,706,711,770,779
514,706,711,802,811
514,706,713,714,778
514,706,713,714,809
514,706,713,777,778
514,706,714,802,809
514,706,715,771,779
514,706,729,732,793
514,706,729,732,825
514,706,729,769,793
514,706,730,731,794
514,706,730,731,827
514,706,730,732,794
514,706,730,732,802
514,706,730,802,827
514,706,731,735,795
514,706,731,735,827
514,706,731,794,795
514,706,732,770,793
514,706,732,770,794
514,706,732,802,825
514,706,735,770,771
514,706,735,770,795
514,706,735,802,827
514,706,769,770,793
514,706,770,771,779
514,706,770,777,778
514,706,770,794,795
514,707,735,802,803
514,707,802,803,811
514,708,769,770,772
514,708,770,772,777
514,708,801,802,804
514,708,802,804,809
514,711,714,802,810
514,711,770,775,778
514,711,770,775,779
514,711,802,807,810
514,711,802,807,811
514,714,802,809,810
514,730,732,802,826
514,730,802,826,827
514,732,770,793,796
514,732,770,794,796
514,732,802,825,828
514,732,802,826,828
514,735,770,771,799
514,735,770,795,799
514,735,802,803,831
514,735,802,827,831
514,769,770,772,868
514,769,770,793,889
514,769,770,866,868
514,769,770,866,889
514,769,865,866,868
514,769,865,866,889
514,770,771,779,875
514,770,771,799,895
514,770,771,866,875
514,770,771,866,895
514,770,772,777,873
514,770,772,868,873
514,770,775,778,871
514,770,775,779,875
514,770,775,871,875
514,770,777,778,873
514,770,778,866,871
514,770,778,866,873
514,770,793,796,889
514,770,794,795,891
514,770,794,796,892
514,770,794,866,891
514,770,794,866,892
514,770,795,799,891
514,770,796,889,892
514,770,799,891,895
514,770,866,868,873
514,770,866,871,875
514,770,866,889,892
514,770,866,891,895
514,771,866,867,875
514,771,866,867,895
514,778,866,871,874
514,778,866,873,874
514,794,866,890,891
514,794,866,890,892
515,517,523,547,811
515,517,523,611,677
515,517,523,677,875
515,517,523,709,771
515,517,523,709,811
515,517,523,771,875
515,517,547,803,811
515,517,677,867,875
515,517,709,803,811
515,517,771,867,875
515,523,611,677,683
515,523,677,683,875
515,523,709,715,771
515,523,709,715,811
515,539,543,547,827
515,539,543,611,703
515,539,543,703,891
515,539,543,735,771
515,539,543,735,827
515,539,543,771,891
515,539,611,699,703
515,539,699,703,891
515,539,731,735,771
515,539,731,735,827
515,543,547,803,827
515,543,703,867,891
515,543,735,803,827
515,543,771,867,891
515,611,675,677,683
515,611,675,699,703
515,675,677,683,875
515,675,677,867,875
515,675,699,703,891
515,675,703,867,891
515,707,709,715,771
515,707,709,715,811
515,707,709,803,811
515,707,731,735,771
515,707,731,735,827
515,707,735,803,827
516,521,545,548,809
516,521,609,612,676
516,521,708,769,772
516,521,769,772,873
516,545,548,804,809
516,545,801,804,809
516,676,865,868,873
516,708,801,804,809
516,769,772,868,873
516,769,865,868,873
517,523,547,549,811
517,523,611,613,677
517,523,709,771,773
517,523,771,773,875
517,547,549,805,811
517,547,803,805,811
517,677,867,869,875
517,709,803,805,811
517,771,773,869,875
517,771,867,869,875
518,520,521,552,809
518,520,521,616,678
518,520,521,678,873
518,520,521,710,776
518,520,521,710,809
518,520,521,776,873
518,520,552,808,809
518,520,678,872,873
518,520,710,808,809
518,520,776,872,873
518,521,550,552,809
518,521,614,616,678
518,521,710,774,776
518,521,774,776,873
518,550,552,806,809
518,552,806,808,809
518,678,870,872,873
518,710,806,808,809
518,774,776,870,873
518,776,870,872,873
519,522,523,554,811
519,522,523,618,679
519,522,523,679,875
519,522,523,711,778
519,522,523,711,811
519,522,523,778,875
519,522,554,810,811
519,522,679,874,875
519,522,711,810,811
519,522,778,874,875
519,523,551,554,811
519,523,615,618,679
519,523,711,775,778
519,523,775,778,875
519,551,554,807,811
519,554,807,810,811
519,679,871,874,875
519,711,807,810,811
519,775,778,871,875
519,778,871,874,875
520,521,528,552,809
520,521,528,616,681
520,521,528,681,873
520,521,528,713,776
520,521,528,713,809
520,521,528,776,873
520,521,616,678,681
520,521,678,681,873
520,521,710,713,776
520,521,710,713,809
520,523,525,552,811
520,523,525,616,685
520,523,525,685,875
520,523,525,717,776
520,523,525,717,811
520,523,525,776,875
520,523,616,683,685
520,523,683,685,875
520,523,715,717,776
520,523,715,717,811
520,525,528,552,808
520,525,528,616,685
520,525,528,685,872
520,525,528,717,776
520,525,528,717,808
520,525,528,776,872
520,525,552,808,811
520,525,685,872,875
520,525,717,808,811
520,525,776,872,875
520,528,552,808,809
520,528,616,680,681
520,528,616,680,685
520,528,680,681,873
520,528,680,685,872
520,528,680,872,873
520,528,712,713,776
520,528,712,713,809
520,528,712,717,776
520,528,712,717,808
520,528,712,808,809
520,528,776,872,873
520,616,678,680,681
520,616,680,683,685
520,678,680,681,873
520,678,680,872,873
520,680,683,685,875
520,680,685,872,875
520,710,712,713,776
520,710,712,713,809
520,710,712,808,809
520,712,715,717,776
520,712,715,717,811
520,712,717,808,811
521,522,524,554,809
521,522,524,618,684
521,522,524,684,873
521,522,524,716,778
521,522,524,716,809
521,522,524,778,873
521,522,618,681,684
521,522,681,684,873
521,522,713,716,778
521,522,713,716,809
521,524,530,556,809
521,524,530,620,684
521,524,530,684,873
521,524,530,716,780
521,524,530,716,809
521,524,530,780,873
521,524,554,556,809
521,524,618,620,684
521,524,716,778,780
521,524,778,780,873
521,526,528,558,809
521,526,528,622,686
521,526,528,686,873
521,526,528,718,782
521,526,528,718,809
521,526,528,782,873
521,526,529,561,809
521,526,529,625,686
521,526,529,686,873
521,526,529,718,785
521,526,529,718,809
521,526,529,785,873
521,526,558,561,809
521,526,622,625,686
521,526,718,782,785
521,526,782,785,873
521,528,552,553,809
521,528,553,558,809
521,528,616,617,681
521,528,617,622,686
521,528,617,681,686
521,528,681,686,873
521,528,713,718,777
521,528,713,718,809
521,528,713,776,777
521,528,718,777,782
521,528,776,777,873
521,528,777,782,873
521,529,530,561,809
521,529,530,625,681
521,529,530,681,873
521,529,530,713,785
521,529,530,713,809
521,529,530,785,873
521,529,625,681,686
521,529,681,686,873
521,529,713,718,785
521,529,713,718,809
521,530,553,556,809
521,530,553,561,809
521,530,617,620,684
521,530,617,625,681
521,530,617,681,684
521,530,681,684,873
521,530,713,716,777
521,530,713,716,809
521,530,713,777,785
521,530,716,777,780
521,530,777,780,873
521,530,777,785,873
521,545,548,553,809
521,550,552,553,809
521,553,554,556,809
521,553,558,561,809
521,609,612,617,676
521,609,617,676,681
521,614,616,617,678
521,616,617,678,681
521,617,618,620,684
521,617,618,681,684
521,617,622,625,686
521,617,625,681,686
521,708,713,769,777
521,708,769,772,777
521,710,713,776,777
521,710,774,776,777
521,713,716,777,778
521,713,718,777,785
521,716,777,778,780
521,718,777,782,785
521,769,772,777,873
521,774,776,777,873
521,777,778,780,873
521,777,782,785,873
522,523,530,554,811
522,523,530,618,683
522,523,530,683,875
522,523,530,715,778
522,523,530,715,811
522,523,530,778,875
522,523,618,679,683
522,523,679,683,875
522,523,711,715,778
522,523,711,715,811
522,524,530,554,810
522,524,530,618,684
522,524,530,684,874
522,524,530,716,778
522,524,530,716,810
522,524,530,778,874
522,524,554,809,810
522,524,684,873,874
522,524,716,809,810
522,524,778,873,874
522,530,554,810,811
522,530,618,682,683
522,530,618,682,684
522,530,682,683,875
522,530,682,684,874
522,530,682,874,875
522,530,714,715,778
522,530,714,715,811
522,530,714,716,778
522,530,714,716,810
522,530,714,810,811
522,530,778,874,875
522,618,679,682,683
522,618,681,682,684
522,679,682,683,875
522,679,682,874,875
522,681,682,684,873
522,682,684,873,874
522,711,714,715,778
522,711,714,715,811
522,711,714,810,811
522,713,714,716,778
522,713,714,716,809
522,714,716,809,810
523,525,528,557,811
523,525,528,621,685
523,525,528,685,875
523,525,528,717,781
523,525,528,717,811
523,525,528,781,875
523,525,552,557,811
523,525,616,621,685
523,525,717,776,781
523,525,776,781,875
523,527,530,559,811
523,527,530,623,687
523,527,530,687,875
523,527,530,719,783
523,527,530,719,811
523,527,530,783,875
523,527,531,563,811
523,527,531,627,687
523,527,531,687,875
523,527,531,719,787
523,527,531,719,811
523,527,531,787,875
523,527,559,563,811
523,527,623,627,687
523,527,719,783,787
523,527,783,787,875
523,528,531,563,811
523,528,531,627,683
523,528,531,683,875
523,528,531,715,787
523,528,531,715,811
523,528,531,787,875
523,528,555,557,811
523,528,555,563,811
523,528,619,621,685
523,528,619,627,683
523,528,619,683,685
523,528,683,685,875
523,528,715,717,779
523,528,715,717,811
523,528,715,779,787
523,528,717,779,781
523,528,779,781,875
523,528,779,787,875
523,530,554,555,811
523,530,555,559,811
523,530,618,619,683
523,530,619,623,687
523,530,619,683,687
523,530,683,687,875
523,530,715,719,779
523,530,715,719,811
523,530,715,778,779
523,530,719,779,783
523,530,778,779,875
523,530,779,783,875
523,531,627,683,687
523,531,683,687,875
523,531,715,719,787
523,531,715,719,811
523,547,549,555,811
523,551,554,555,811
523,552,555,557,811
523,555,559,563,811
523,611,613,619,677
523,611,619,677,683
523,615,618,619,679
523,616,619,621,685
523,616,619,683,685
523,618,619,679,683
523,619,623,627,687
523,619,627,683,687
523,709,715,771,779
523,709,771,773,779
523,711,715,778,779
523,711,775,778,779
523,715,717,776,779
523,715,719,779,787
523,717,776,779,781
523,719,779,783,787
523,771,773,779,875
523,775,778,779,875
523,776,779,781,875
523,779,783,787,875
524,530,554,556,812
524,530,554,810,812
524,530,556,809,812
524,530,618,620,684
524,530,684,873,876
524,530,684,874,876
524,530,716,778,780
524,530,716,809,812
524,530,716,810,812
524,530,778,780,876
524,530,778,874,876
524,530,780,873,876
524,554,556,809,812
524,554,809,810,812
524,684,873,874,876
524,716,809,810,812
524,778,780,873,876
524,778,873,874,876
525,528,552,557,813
525,528,552,808,813
525,528,557,811,813
525,528,616,621,685
525,528,685,872,877
525,528,685,875,877
525,528,717,776,781
525,528,717,808,813
525,528,717,811,813
525,528,776,781,877
525,528,776,872,877
525,528,781,875,877
525,552,557,811,813
525,552,808,811,813
525,685,872,875,877
525,717,808,811,813
525,776,781,875,877
525,776,872,875,877
526,528,529,561,817
526,528,529,625,686
526,528,529,686,881
526,528,529,718,785
526,528,529,718,817
526,528,529,785,881
526,528,558,561,814
526,528,558,809,814
526,528,561,814,817
526,528,622,625,686
526,528,686,873,878
526,528,686,878,881
526,528,718,782,785
526,528,718,809,814
526,528,718,814,817
526,528,782,785,878
526,528,782,873,878
526,528,785,878,881
526,529,561,809,817
526,529,686,873,881
526,529,718,809,817
526,529,785,873,881
526,558,561,809,814
526,561,809,814,817
526,686,873,878,881
526,718,809,814,817
526,782,785,873,878
526,785,873,878,881
527,530,531,563,819
527,530,531,627,687
527,530,531,687,883
527,530,531,719,787
527,530,531,719,819
527,530,531,787,883
527,530,559,563,815
527,530,559,811,815
527,530,563,815,819
527,530,623,627,687
527,530,687,875,879
527,530,687,879,883
527,530,719,783,787
527,530,719,811,815
527,530,719,815,819
527,530,783,787,879
527,530,783,875,879
527,530,787,879,883
527,531,563,811,819
527,531,687,875,883
527,531,719,811,819
527,531,787,875,883
527,559,563,811,815
527,563,811,815,819
527,687,875,879,883
527,719,811,815,819
527,783,787,875,879
527,787,875,879,883
528,529,537,561,825
528,529,537,625,697
528,529,537,697,889
528,529,537,729,785
528,529,537,729,825
528,529,537,785,889
528,529,561,817,825
528,529,625,686,689
528,529,625,689,697
528,529,686,689,881
528,529,689,697,889
528,529,689,881,889
528,529,718,721,785
528,529,718,721,817
528,529,721,729,785
528,529,721,729,825
528,529,721,817,825
528,529,785,881,889
528,531,533,563,819
528,531,533,627,693
528,531,533,693,883
528,531,533,725,787
528,531,533,725,819
528,531,533,787,883
528,531,563,811,819
528,531,627,683,691
528,531,627,691,693
528,531,683,691,875
528,531,691,693,883
528,531,691,875,883
528,531,715,723,787
528,531,715,723,811
528,531,723,725,787
528,531,723,725,819
528,531,723,811,819
528,531,787,875,883
528,533,539,565,827
528,533,539,629,693
528,533,539,693,891
528,533,539,725,789
528,533,539,725,827
528,533,539,789,891
528,533,563,565,821
528,533,563,819,821
528,533,565,821,827
528,533,627,629,693
528,533,693,883,885
528,533,693,885,891
528,533,725,787,789
528,533,725,819,821
528,533,725,821,827
528,533,787,789,885
528,533,787,883,885
528,533,789,885,891
528,534,536,568,824
528,534,536,632,694
528,534,536,694,888
528,534,536,726,792
528,534,536,726,824
528,534,536,792,888
528,534,537,566,825
528,534,537,630,694
528,534,537,694,889
528,534,537,726,790
528,534,537,726,825
528,534,537,790,889
528,534,566,568,822
528,534,566,822,825
528,534,568,822,824
528,534,630,632,694
528,534,694,886,888
528,534,694,886,889
528,534,726,790,792
528,534,726,822,824
528,534,726,822,825
528,534,790,792,886
528,534,790,886,889
528,534,792,886,888
528,536,539,568,827
528,536,539,632,699
528,536,539,699,891
528,536,539,731,792
528,536,539,731,827
528,536,539,792,891
528,536,568,824,827
528,536,632,694,696
528,536,632,696,699
528,536,694,696,888
528,536,696,699,891
528,536,696,888,891
528,536,726,728,792
528,536,726,728,824
528,536,728,731,792
528,536,728,731,827
528,536,728,824,827
528,536,792,888,891
528,537,561,569,825
528,537,566,569,825
528,537,625,633,697
528,537,630,633,694
528,537,633,694,697
528,537,694,697,889
528,537,726,729,793
528,537,726,729,825
528,537,726,790,793
528,537,729,785,793
528,537,785,793,889
528,537,790,793,889
528,539,565,571,827
528,539,568,571,827
528,539,629,635,693
528,539,632,635,699
528,539,635,693,699
528,539,693,699,891
528,539,725,731,795
528,539,725,731,827
528,539,725,789,795
528,539,731,792,795
528,539,789,795,891
528,539,792,795,891
528,552,553,560,809
528,552,557,560,813
528,552,560,809,816
528,552,560,813,816
528,552,808,809,816
528,552,808,813,816
528,553,558,560,809
528,555,557,560,811
528,555,560,563,811
528,557,560,811,813
528,558,560,561,814
528,558,560,809,814
528,560,561,569,825
528,560,561,814,816
528,560,561,816,825
528,560,563,565,821
528,560,563,811,816
528,560,563,816,821
528,560,565,571,827
528,560,565,821,827
528,560,566,568,822
528,560,566,569,825
528,560,566,822,825
528,560,568,571,827
528,560,568,816,822
528,560,568,816,827
528,560,809,814,816
528,560,811,813,816
528,560,816,821,827
528,560,816,822,825
528,561,814,816,817
528,561,816,817,825
528,563,811,816,819
528,563,816,819,821
528,568,816,822,824
528,568,816,824,827
528,616,617,624,688
528,616,617,681,688
528,616,621,624,685
528,616,624,685,688
528,616,680,681,688
528,616,680,685,688
528,617,622,624,686
528,617,624,686,688
528,617,681,686,688
528,619,621,624,685
528,619,624,627,688
528,619,624,685,688
528,619,627,683,688
528,619,683,685,688
528,622,624,625,686
528,624,625,633,688
528,624,625,686,688
528,624,627,629,693
528,624,627,688,693
528,624,629,635,693
528,624,630,632,694
528,624,630,633,694
528,624,632,635,688
528,624,632,688,694
528,624,633,688,694
528,624,635,688,693
528,625,633,688,697
528,625,686,688,689
528,625,688,689,697
528,627,683,688,691
528,627,688,691,693
528,632,635,688,699
528,632,688,694,696
528,632,688,696,699
528,633,688,694,697
528,635,688,693,699
528,680,681,688,873
528,680,685,688,880
528,680,685,872,880
528,680,688,873,880
528,680,872,873,880
528,681,686,688,873
528,683,685,688,875
528,683,688,691,875
528,685,688,875,880
528,685,872,877,880
528,685,875,877,880
528,686,688,689,880
528,686,688,873,880
528,686,689,880,881
528,686,873,878,880
528,686,878,880,881
528,688,689,697,889
528,688,689,880,889
528,688,691,693,880
528,688,691,875,880
528,688,693,699,891
528,688,693,880,891
528,688,694,696,880
528,688,694,697,889
528,688,694,880,889
528,688,696,699,891
528,688,696,880,891
528,689,880,881,889
528,691,693,880,883
528,691,875,880,883
528,693,880,883,885
528,693,880,885,891
528,694,696,880,888
528,694,880,886,888
528,694,880,886,889
528,696,880,888,891
528,712,713,720,776
528,712,713,720,809
528,712,717,720,776
528,712,717,720,816
528,712,717,808,816
528,712,720,809,816
528,712,808,809,816
528,713,718,720,777
528,713,718,720,809
528,713,720,776,777
528,715,717,720,779
528,715,717,720,811
528,715,720,723,787
528,715,720,723,811
528,715,720,779,787
528,717,720,776,784
528,717,720,779,784
528,717,720,811,816
528,717,776,781,784
528,717,779,781,784
528,717,808,813,816
528,717,811,813,816
528,718,720,721,785
528,718,720,721,816
528,718,720,777,784
528,718,720,784,785
528,718,720,809,816
528,718,721,816,817
528,718,777,782,784
528,718,782,784,785
528,718,809,814,816
528,718,814,816,817
528,720,721,729,785
528,720,721,729,825
528,720,721,816,825
528,720,723,725,787
528,720,723,725,816
528,720,723,811,816
528,720,725,731,795
528,720,725,731,827
528,720,725,784,787
528,720,725,784,795
528,720,725,816,827
528,720,726,728,792
528,720,726,728,816
528,720,726,729,793
528,720,726,729,825
528,720,726,784,792
528,720,726,784,793
528,720,726,816,825
528,720,728,731,792
528,720,728,731,827
528,720,728,816,827
528,720,729,785,793
528,720,731,792,795
528,720,776,777,784
528,720,779,784,787
528,720,784,785,793
528,720,784,792,795
528,721,816,817,825
528,723,725,816,819
528,723,811,816,819
528,725,784,787,789
528,725,784,789,795
528,725,816,819,821
528,725,816,821,827
528,726,728,816,824
528,726,784,790,792
528,726,784,790,793
528,726,816,822,824
528,726,816,822,825
528,728,816,824,827
528,776,777,784,873
528,776,781,784,877
528,776,784,873,880
528,776,784,877,880
528,776,872,873,880
528,776,872,877,880
528,777,782,784,873
528,779,781,784,875
528,779,784,787,875
528,781,784,875,877
528,782,784,785,878
528,782,784,873,878
528,784,785,793,889
528,784,785,878,880
528,784,785,880,889
528,784,787,789,885
528,784,787,875,880
528,784,787,880,885
528,784,789,795,891
528,784,789,885,891
528,784,790,792,886
528,784,790,793,889
528,784,790,886,889
528,784,792,795,891
528,784,792,880,886
528,784,792,880,891
528,784,873,878,880
528,784,875,877,880
528,784,880,885,891
528,784,880,886,889
528,785,878,880,881
528,785,880,881,889
528,787,875,880,883
528,787,880,883,885
528,792,880,886,888
528,792,880,888,891
529,530,532,561,817
529,530,532,625,692
529,530,532,692,881
529,530,532,724,785
529,530,532,724,817
529,530,532,785,881
529,530,561,809,817
529,530,625,681,689
529,530,625,689,692
529,530,681,689,873
529,530,689,692,881
529,530,689,873,881
529,530,713,721,785
529,530,713,721,809
529,530,721,724,785
529,530,721,724,817
529,530,721,809,817
529,530,785,873,881
529,532,537,561,825
529,532,537,625,692
529,532,537,692,889
529,532,537,724,785
529,532,537,724,825
529,532,537,785,889
529,532,561,817,825
529,532,692,881,889
529,532,724,817,825
529,532,785,881,889
529,537,625,692,697
529,537,692,697,889
529,537,724,729,785
529,537,724,729,825
529,625,681,686,689
529,625,689,692,697
529,681,686,689,873
529,686,689,873,881
529,689,692,697,889
529,689,692,881,889
529,713,718,721,785
529,713,718,721,809
529,718,721,809,817
529,721,724,729,785
529,721,724,729,825
529,721,724,817,825
530,531,539,563,827
530,531,539,627,699
530,531,539,699,891
530,531,539,731,787
530,531,539,731,827
530,531,539,787,891
530,531,563,819,827
530,531,627,687,691
530,531,627,691,699
530,531,687,691,883
530,531,691,699,891
530,531,691,883,891
530,531,719,723,787
530,531,719,723,819
530,531,723,731,787
530,531,723,731,827
530,531,723,819,827
530,531,787,883,891
530,532,537,564,825
530,532,537,628,692
530,532,537,692,889
530,532,537,724,788
530,532,537,724,825
530,532,537,788,889
530,532,561,564,820
530,532,561,817,820
530,532,564,820,825
530,532,625,628,692
530,532,692,881,884
530,532,692,884,889
530,532,724,785,788
530,532,724,817,820
530,532,724,820,825
530,532,785,788,884
530,532,785,881,884
530,532,788,884,889
530,535,538,570,826
530,535,538,634,695
530,535,538,695,890
530,535,538,727,794
530,535,538,727,826
530,535,538,794,890
530,535,539,567,827
530,535,539,631,695
530,535,539,695,891
530,535,539,727,791
530,535,539,727,827
530,535,539,791,891
530,535,567,570,823
530,535,567,823,827
530,535,570,823,826
530,535,631,634,695
530,535,695,887,890
530,535,695,887,891
530,535,727,791,794
530,535,727,823,826
530,535,727,823,827
530,535,791,794,887
530,535,791,887,891
530,535,794,887,890
530,537,538,570,825
530,537,538,634,697
530,537,538,697,889
530,537,538,729,794
530,537,538,729,825
530,537,538,794,889
530,537,564,569,825
530,537,569,570,825
530,537,628,633,692
530,537,633,634,697
530,537,633,692,697
530,537,692,697,889
530,537,724,729,793
530,537,724,729,825
530,537,724,788,793
530,537,729,793,794
530,537,788,793,889
530,537,793,794,889
530,538,570,825,826
530,538,634,695,698
530,538,634,697,698
530,538,695,698,890
530,538,697,698,889
530,538,698,889,890
530,538,727,730,794
530,538,727,730,826
530,538,729,730,794
530,538,729,730,825
530,538,730,825,826
530,538,794,889,890
530,539,563,571,827
530,539,567,571,827
530,539,627,635,699
530,539,631,635,695
530,539,635,695,699
530,539,695,699,891
530,539,727,731,795
530,539,727,731,827
530,539,727,791,795
530,539,731,787,795
530,539,787,795,891
530,539,791,795,891
530,553,556,562,809
530,553,561,562,809
530,554,555,562,811
530,554,556,562,812
530,554,562,811,818
530,554,562,812,818
530,554,810,811,818
530,554,810,812,818
530,555,559,562,811
530,556,562,809,812
530,559,562,563,815
530,559,562,811,815
530,561,562,564,820
530,561,562,809,818
530,561,562,818,820
530,561,809,817,818
530,561,817,818,820
530,562,563,571,827
530,562,563,815,818
530,562,563,818,827
530,562,564,569,825
530,562,564,820,825
530,562,567,570,823
530,562,567,571,827
530,562,567,823,827
530,562,569,570,825
530,562,570,818,823
530,562,570,818,825
530,562,809,812,818
530,562,811,815,818
530,562,818,820,825
530,562,818,823,827
530,563,815,818,819
530,563,818,819,827
530,570,818,823,826
530,570,818,825,826
530,617,620,626,684
530,617,625,626,690
530,617,625,681,690
530,617,626,684,690
530,617,681,684,690
530,618,619,626,690
530,618,619,683,690
530,618,620,626,684
530,618,626,684,690
530,618,682,683,690
530,618,682,684,690
530,619,623,626,687
530,619,626,687,690
530,619,683,687,690
530,623,626,627,687
530,625,626,628,692
530,625,626,690,692
530,625,681,689,690
530,625,689,690,692
530,626,627,635,690
530,626,627,687,690
530,626,628,633,692
530,626,631,634,695
530,626,631,635,695
530,626,633,634,690
530,626,633,690,692
530,626,634,690,695
530,626,635,690,695
530,627,635,690,699
530,627,687,690,691
530,627,690,691,699
530,633,634,690,697
530,633,690,692,697
530,634,690,695,698
530,634,690,697,698
530,635,690,695,699
530,681,684,690,873
530,681,689,690,873
530,682,683,690,875
530,682,684,690,882
530,682,684,874,882
530,682,690,875,882
530,682,874,875,882
530,683,687,690,875
530,684,690,873,882
530,684,873,876,882
530,684,874,876,882
530,687,690,691,882
530,687,690,875,882
530,687,691,882,883
530,687,875,879,882
530,687,879,882,883
530,689,690,692,882
530,689,690,873,882
530,689,692,881,882
530,689,873,881,882
530,690,691,699,891
530,690,691,882,891
530,690,692,697,889
530,690,692,882,889
530,690,695,698,882
530,690,695,699,891
530,690,695,882,891
530,690,697,698,889
530,690,698,882,889
530,691,882,883,891
530,692,881,882,884
530,692,882,884,889
530,695,698,882,890
530,695,882,887,890
530,695,882,887,891
530,698,882,889,890
530,713,716,722,777
530,713,716,722,809
530,713,721,722,785
530,713,721,722,809
530,713,722,777,785
530,714,715,722,778
530,714,715,722,811
530,714,716,722,778
530,714,716,722,818
530,714,716,810,818
530,714,722,811,818
530,714,810,811,818
530,715,719,722,779
530,715,719,722,811
530,715,722,778,779
530,716,722,777,786
530,716,722,778,786
530,716,722,809,818
530,716,777,780,786
530,716,778,780,786
530,716,809,812,818
530,716,810,812,818
530,719,722,723,787
530,719,722,723,818
530,719,722,779,786
530,719,722,786,787
530,719,722,811,818
530,719,723,818,819
530,719,779,783,786
530,719,783,786,787
530,719,811,815,818
530,719,815,818,819
530,721,722,724,785
530,721,722,724,818
530,721,722,809,818
530,721,724,817,818
530,721,809,817,818
530,722,723,731,787
530,722,723,731,827
530,722,723,818,827
530,722,724,729,793
530,722,724,729,825
530,722,724,785,786
530,722,724,786,793
530,722,724,818,825
530,722,727,730,794
530,722,727,730,818
530,722,727,731,795
530,722,727,731,827
530,722,727,786,794
530,722,727,786,795
530,722,727,818,827
530,722,729,730,794
530,722,729,730,825
530,722,729,793,794
530,722,730,818,825
530,722,731,787,795
530,722,777,785,786
530,722,778,779,786
530,722,786,787,795
530,722,786,793,794
530,723,818,819,827
530,724,785,786,788
530,724,786,788,793
530,724,817,818,820
530,724,818,820,825
530,727,730,818,826
530,727,786,791,794
530,727,786,791,795
530,727,818,823,826
530,727,818,823,827
530,730,818,825,826
530,777,780,786,873
530,777,785,786,873
530,778,779,786,875
530,778,780,786,876
530,778,786,875,882
530,778,786,876,882
530,778,874,875,882
530,778,874,876,882
530,779,783,786,875
530,780,786,873,876
530,783,786,787,879
530,783,786,875,879
530,785,786,788,884
530,785,786,873,882
530,785,786,882,884
530,785,873,881,882
530,785,881,882,884
530,786,787,795,891
530,786,787,879,882
530,786,787,882,891
530,786,788,793,889
530,786,788,884,889
530,786,791,794,887
530,786,791,795,891
530,786,791,887,891
530,786,793,794,889
530,786,794,882,887
530,786,794,882,889
530,786,873,876,882
530,786,875,879,882
530,786,882,884,889
530,786,882,887,891
530,787,879,882,883
530,787,882,883,891
530,794,882,887,890
530,794,882,889,890
531,533,539,563,827
531,533,539,627,693
531,533,539,693,891
531,533,539,725,787
531,533,539,725,827
531,533,539,787,891
531,533,563,819,827
531,533,693,883,891
531,533,725,819,827
531,533,787,883,891
531,539,627,693,699
531,539,693,699,891
531,539,725,731,787
531,539,725,731,827
531,627,683,687,691
531,627,691,693,699
531,683,687,691,875
531,687,691,875,883
531,691,693,699,891
531,691,693,883,891
531,715,719,723,787
531,715,719,723,811
531,719,723,811,819
531,723,725,731,787
531,723,725,731,827
531,723,725,819,827
532,537,561,564,825
532,537,625,628,692
532,537,724,785,788
532,537,785,788,889
532,561,564,820,825
532,561,817,820,825
532,692,881,884,889
532,724,817,820,825
532,785,788,884,889
532,785,881,884,889
533,539,563,565,827
533,539,627,629,693
533,539,725,787,789
533,539,787,789,891
533,563,565,821,827
533,563,819,821,827
533,693,883,885,891
533,725,819,821,827
533,787,789,885,891
533,787,883,885,891
534,536,537,568,825
534,536,537,632,694
534,536,537,694,889
534,536,537,726,792
534,536,537,726,825
534,536,537,792,889
534,536,568,824,825
534,536,694,888,889
534,536,726,824,825
534,536,792,888,889
534,537,566,568,825
534,537,630,632,694
534,537,726,790,792
534,537,790,792,889
534,566,568,822,825
534,568,822,824,825
534,694,886,888,889
534,726,822,824,825
534,790,792,886,889
534,792,886,888,889
535,538,539,570,827
535,538,539,634,695
535,538,539,695,891
535,538,539,727,794
535,538,539,727,827
535,538,539,794,891
535,538,570,826,827
535,538,695,890,891
535,538,727,826,827
535,538,794,890,891
535,539,567,570,827
535,539,631,634,695
535,539,727,791,794
535,539,791,794,891
535,567,570,823,827
535,570,823,826,827
535,695,887,890,891
535,727,823,826,827
535,791,794,887,891
535,794,887,890,891
536,537,632,694,697
536,537,694,697,889
536,537,726,729,792
536,537,726,729,825
536,539,541,568,827
536,539,541,632,701
536,539,541,701,891
536,539,541,733,792
536,539,541,733,827
536,539,541,792,891
536,539,632,699,701
536,539,699,701,891
536,539,731,733,792
536,539,731,733,827
536,541,568,824,827
536,541,701,888,891
536,541,733,824,827
536,541,792,888,891
536,632,694,696,697
536,632,696,699,701
536,694,696,697,889
536,694,696,888,889
536,696,699,701,891
536,696,701,888,891
536,726,728,729,792
536,726,728,729,825
536,726,728,824,825
536,728,731,733,792
536,728,731,733,827
536,728,733,824,827
537,538,540,570,825
537,538,540,634,700
537,538,540,700,889
537,538,540,732,794
537,538,540,732,825
537,538,540,794,889
537,538,634,697,700
537,538,697,700,889
537,538,729,732,794
537,538,729,732,825
537,540,570,572,825
537,540,634,636,700
537,540,732,794,796
537,540,794,796,889
537,542,545,574,825
537,542,609,638,702
537,542,734,769,798
537,542,769,798,889
537,545,569,574,825
537,561,564,569,825
537,566,568,569,825
537,569,570,572,825
537,609,633,638,702
537,609,633,697,702
537,625,628,633,692
537,625,633,692,697
537,630,632,633,694
537,632,633,694,697
537,633,634,636,700
537,633,634,697,700
537,724,729,785,793
537,724,785,788,793
537,726,729,792,793
537,726,790,792,793
537,729,732,793,794
537,729,734,769,793
537,732,793,794,796
537,734,769,793,798
537,769,793,798,889
537,785,788,793,889
537,790,792,793,889
537,793,794,796,889
538,539,634,695,699
538,539,695,699,891
538,539,727,731,794
538,539,727,731,827
538,540,570,825,826
538,540,700,889,890
538,540,732,825,826
538,540,794,889,890
538,634,695,698,699
538,634,697,698,700
538,695,698,699,891
538,695,698,890,891
538,697,698,700,889
538,698,700,889,890
538,727,730,731,794
538,727,730,731,827
538,727,730,826,827
538,729,730,732,794
538,729,730,732,825
538,730,732,825,826
539,541,568,573,827
539,541,632,637,701
539,541,733,792,797
539,541,792,797,891
539,543,547,575,827
539,543,611,639,703
539,543,735,771,799
539,543,771,799,891
539,547,571,575,827
539,563,565,571,827
539,567,570,571,827
539,568,571,573,827
539,611,635,639,703
539,611,635,699,703
539,627,629,635,693
539,627,635,693,699
539,631,634,635,695
539,632,635,637,701
539,632,635,699,701
539,634,635,695,699
539,725,731,787,795
539,725,787,789,795
539,727,731,794,795
539,727,791,794,795
539,731,733,792,795
539,731,735,771,795
539,733,792,795,797
539,735,771,795,799
539,771,795,799,891
539,787,789,795,891
539,791,794,795,891
539,792,795,797,891
540,570,572,825,828
540,570,825,826,828
540,700,889,890,892
540,732,825,826,828
540,794,796,889,892
540,794,889,890,892
541,568,573,827,829
541,568,824,827,829
541,701,888,891,893
541,733,824,827,829
541,792,797,891,893
541,792,888,891,893
542,545,574,825,830
542,545,801,825,830
542,702,865,889,894
542,734,801,825,830
542,769,798,889,894
542,769,865,889,894
543,547,575,827,831
543,547,803,827,831
543,703,867,891,895
543,735,803,827,831
543,771,799,891,895
543,771,867,891,895
544,545,553,576,640
544,545,553,640,809
544,545,574,576,670
544,545,574,670,830
544,545,576,640,670
544,545,640,670,800
544,545,640,800,809
544,545,670,800,830
544,547,549,576,645
544,547,549,645,805
544,547,571,576,640
544,547,571,640,827
544,547,576,640,645
544,547,640,645,800
544,547,640,800,827
544,547,645,800,805
544,549,555,576,645
544,549,555,645,811
544,549,645,805,811
544,550,552,576,646
544,550,552,646,806
544,550,553,576,646
544,550,553,646,809
544,550,646,806,809
544,552,555,576,640
544,552,555,640,811
544,552,576,640,646
544,552,640,646,800
544,552,640,800,811
544,552,646,800,806
544,553,576,640,646
544,553,640,646,809
544,555,576,640,645
544,555,640,645,811
544,568,569,576,640
544,568,569,640,825
544,568,573,576,669
544,568,573,669,829
544,568,576,640,669
544,568,640,669,800
544,568,640,800,825
544,568,669,800,829
544,569,574,576,670
544,569,574,670,825
544,569,576,640,670
544,569,640,670,825
544,571,573,576,669
544,571,573,669,827
544,571,576,640,669
544,571,640,669,827
544,573,669,827,829
544,574,670,825,830
544,640,645,800,811
544,640,646,800,809
544,640,669,800,827
544,640,670,800,825
544,645,800,805,811
544,646,800,806,809
544,669,800,827,829
544,670,800,825,830
545,546,548,578,644
545,546,548,644,804
545,546,569,578,642
545,546,569,642,825
545,546,578,642,644
545,546,642,644,802
545,546,642,802,825
545,546,644,802,804
545,548,553,585,644
545,548,553,644,809
545,548,578,580,644
545,548,580,585,644
545,548,644,804,809
545,553,576,585,649
545,553,576,640,649
545,553,585,644,649
545,553,640,649,809
545,553,644,649,809
545,569,574,601,670
545,569,574,670,825
545,569,578,601,665
545,569,578,642,665
545,569,601,665,670
545,569,642,665,825
545,569,665,670,825
545,574,576,606,670
545,574,601,606,670
545,574,670,825,830
545,576,577,585,649
545,576,577,606,670
545,576,577,641,649
545,576,577,641,670
545,576,640,641,649
545,576,640,641,670
545,577,578,580,644
545,577,578,601,665
545,577,578,641,644
545,577,578,641,665
545,577,580,585,644
545,577,585,644,649
545,577,601,606,670
545,577,601,665,670
545,577,641,644,649
545,577,641,665,670
545,578,641,642,644
545,578,641,642,665
545,640,641,649,809
545,640,641,670,800
545,640,641,800,809
545,641,642,644,802
545,641,642,665,825
545,641,642,802,825
545,641,644,649,809
545,641,644,801,802
545,641,644,801,809
545,641,665,670,825
545,641,670,800,801
545,641,670,801,825
545,641,800,801,809
545,641,801,802,825
545,644,801,802,804
545,644,801,804,809
545,670,800,801,830
545,670,801,825,830
546,547,555,578,642
546,547,555,642,811
546,547,575,578,671
546,547,575,671,831
546,547,578,642,671
546,547,642,671,802
546,547,642,802,811
546,547,671,802,831
546,548,553,578,644
546,548,553,644,809
546,548,644,804,809
546,551,554,578,647
546,551,554,647,807
546,551,555,578,647
546,551,555,647,811
546,551,647,807,811
546,553,554,578,642
546,553,554,642,809
546,553,578,642,644
546,553,642,644,809
546,554,578,642,647
546,554,642,647,802
546,554,642,802,809
546,554,647,802,807
546,555,578,642,647
546,555,642,647,811
546,569,572,578,668
546,569,572,668,825
546,569,578,642,668
546,569,642,668,825
546,570,571,578,642
546,570,571,642,827
546,570,572,578,668
546,570,572,668,828
546,570,578,642,668
546,570,642,668,802
546,570,642,802,827
546,570,668,802,828
546,571,575,578,671
546,571,575,671,827
546,571,578,642,671
546,571,642,671,827
546,572,668,825,828
546,575,671,827,831
546,642,644,802,809
546,642,647,802,811
546,642,668,802,825
546,642,671,802,827
546,644,802,804,809
546,647,802,807,811
546,668,802,825,828
546,671,802,827,831
547,549,555,587,645
547,549,555,645,811
547,549,576,581,645
547,549,581,587,645
547,549,645,805,811
547,555,578,587,651
547,555,578,642,651
547,555,587,645,651
547,555,642,651,811
547,555,645,651,811
547,571,575,603,671
547,571,575,671,827
547,571,576,603,667
547,571,576,640,667
547,571,603,667,671
547,571,640,667,827
547,571,667,671,827
547,575,578,607,671
547,575,603,607,671
547,575,671,827,831
547,576,579,581,645
547,576,579,603,667
547,576,579,643,645
547,576,579,643,667
547,576,640,643,645
547,576,640,643,667
547,578,579,587,651
547,578,579,607,671
547,578,579,643,651
547,578,579,643,671
547,578,642,643,651
547,578,642,643,671
547,579,581,587,645
547,579,587,645,651
547,579,603,607,671
547,579,603,667,671
547,579,643,645,651
547,579,643,667,671
547,640,643,645,800
547,640,643,667,827
547,640,643,800,827
547,642,643,651,811
547,642,643,671,802
547,642,643,802,811
547,643,645,651,811
547,643,645,800,803
547,643,645,803,811
547,643,667,671,827
547,643,671,802,803
547,643,671,803,827
547,643,800,803,827
547,643,802,803,811
547,645,800,803,805
547,645,803,805,811
547,671,802,803,831
547,671,803,827,831
548,553,578,585,644
548,578,580,585,644
549,555,576,587,645
549,576,581,587,645
550,552,553,585,646
550,552,553,646,809
550,552,576,582,646
550,552,582,585,646
550,552,646,806,809
550,553,576,585,646
550,576,582,585,646
551,554,555,587,647
551,554,555,647,811
551,554,578,583,647
551,554,583,587,647
551,554,647,807,811
551,555,578,587,647
551,578,583,587,647
552,553,560,592,656
552,553,560,656,809
552,553,585,592,649
552,553,585,646,649
552,553,592,649,656
552,553,646,649,809
552,553,649,656,809
552,555,557,587,653
552,555,557,653,811
552,555,576,587,651
552,555,576,640,651
552,555,587,651,653
552,555,640,651,811
552,555,651,653,811
552,557,560,592,653
552,557,560,653,813
552,557,587,589,653
552,557,589,592,653
552,557,653,811,813
552,560,592,653,656
552,560,653,656,816
552,560,653,813,816
552,560,656,809,816
552,576,582,584,646
552,576,584,587,651
552,576,584,646,648
552,576,584,648,651
552,576,640,646,648
552,576,640,648,651
552,582,584,585,646
552,584,585,592,649
552,584,585,646,649
552,584,587,589,653
552,584,587,651,653
552,584,589,592,653
552,584,592,648,649
552,584,592,648,653
552,584,646,648,649
552,584,648,651,653
552,592,648,649,656
552,592,648,653,656
552,640,646,648,800
552,640,648,651,811
552,640,648,800,811
552,646,648,649,809
552,646,648,800,808
552,646,648,808,809
552,646,800,806,808
552,646,806,808,809
552,648,649,656,809
552,648,651,653,811
552,648,653,656,816
552,648,653,808,811
552,648,653,808,816
552,648,656,809,816
552,648,800,808,811
552,648,808,809,816
552,653,808,811,813
552,653,808,813,816
553,554,556,585,652
553,554,556,652,809
553,554,578,585,649
553,554,578,642,649
553,554,585,649,652
553,554,642,649,809
553,554,649,652,809
553,556,562,594,652
553,556,562,652,809
553,556,585,594,652
553,558,560,592,654
553,558,560,654,809
553,558,561,585,654
553,558,561,654,809
553,558,585,592,654
553,560,592,654,656
553,560,654,656,809
553,561,562,594,658
553,561,562,658,809
553,561,585,594,649
553,561,585,649,654
553,561,594,649,658
553,561,649,654,809
553,561,649,658,809
553,562,594,652,658
553,562,652,658,809
553,576,585,646,649
553,576,640,646,649
553,578,585,644,649
553,578,642,644,649
553,585,592,649,654
553,585,594,649,652
553,592,649,654,656
553,594,649,652,658
553,640,646,649,809
553,642,644,649,809
553,649,652,658,809
553,649,654,656,809
554,555,562,594,658
554,555,562,658,811
554,555,587,594,651
554,555,587,647,651
554,555,594,651,658
554,555,647,651,811
554,555,651,658,811
554,556,562,594,652
554,556,562,652,812
554,556,585,588,652
554,556,588,594,652
554,556,652,809,812
554,562,594,652,658
554,562,652,658,818
554,562,652,812,818
554,562,658,811,818
554,578,583,586,647
554,578,585,586,649
554,578,586,647,650
554,578,586,649,650
554,578,642,647,650
554,578,642,649,650
554,583,586,587,647
554,585,586,588,652
554,585,586,649,652
554,586,587,594,651
554,586,587,647,651
554,586,588,594,652
554,586,594,650,651
554,586,594,650,652
554,586,647,650,651
554,586,649,650,652
554,594,650,651,658
554,594,650,652,658
554,642,647,650,802
554,642,649,650,809
554,642,650,802,809
554,647,650,651,811
554,647,650,802,810
554,647,650,810,811
554,647,802,807,810
554,647,807,810,811
554,649,650,652,809
554,650,651,658,811
554,650,652,658,818
554,650,652,809,810
554,650,652,810,818
554,650,658,811,818
554,650,802,809,810
554,650,810,811,818
554,652,809,810,812
554,652,810,812,818
555,557,560,592,653
555,557,560,653,811
555,557,587,592,653
555,559,562,594,655
555,559,562,655,811
555,559,563,587,655
555,559,563,655,811
555,559,587,594,655
555,560,563,592,656
555,560,563,656,811
555,560,592,653,656
555,560,653,656,811
555,562,594,655,658
555,562,655,658,811
555,563,587,592,651
555,563,587,651,655
555,563,592,651,656
555,563,651,655,811
555,563,651,656,811
555,576,587,645,651
555,576,640,645,651
555,578,587,647,651
555,578,642,647,651
555,587,592,651,653
555,587,594,651,655
555,592,651,653,656
555,594,651,655,658
555,640,645,651,811
555,642,647,651,811
555,651,653,656,811
555,651,655,658,811
556,562,652,809,812
556,585,588,594,652
557,560,653,811,813
557,587,589,592,653
558,560,561,592,654
558,560,561,654,814
558,560,654,809,814
558,561,585,590,654
558,561,590,592,654
558,561,654,809,814
558,585,590,592,654
559,562,563,594,655
559,562,563,655,815
559,562,655,811,815
559,563,587,591,655
559,563,591,594,655
559,563,655,811,815
559,587,591,594,655
560,561,569,592,656
560,561,569,656,825
560,561,592,654,656
560,561,654,656,816
560,561,654,814,816
560,561,656,816,825
560,563,565,592,661
560,563,565,661,821
560,563,592,656,661
560,563,656,661,816
560,563,656,811,816
560,563,661,816,821
560,565,571,592,661
560,565,571,661,827
560,565,661,821,827
560,566,568,592,662
560,566,568,662,822
560,566,569,592,662
560,566,569,662,825
560,566,662,822,825
560,568,571,592,656
560,568,571,656,827
560,568,592,656,662
560,568,656,662,816
560,568,656,816,827
560,568,662,816,822
560,569,592,656,662
560,569,656,662,825
560,571,592,656,661
560,571,656,661,827
560,653,656,811,816
560,653,811,813,816
560,654,656,809,816
560,654,809,814,816
560,656,661,816,827
560,656,662,816,825
560,661,816,821,827
560,662,816,822,825
561,562,564,594,660
561,562,564,660,820
561,562,594,658,660
561,562,658,660,818
561,562,658,809,818
561,562,660,818,820
561,564,569,601,660
561,564,569,660,825
561,564,594,596,660
561,564,596,601,660
561,564,660,820,825
561,569,592,601,665
561,569,592,656,665
561,569,601,660,665
561,569,656,665,825
561,569,660,665,825
561,585,590,593,654
561,585,593,594,649
561,585,593,649,654
561,590,592,593,654
561,592,593,601,665
561,592,593,654,657
561,592,593,657,665
561,592,654,656,657
561,592,656,657,665
561,593,594,596,660
561,593,594,649,657
561,593,594,657,660
561,593,596,601,660
561,593,601,660,665
561,593,649,654,657
561,593,657,660,665
561,594,649,657,658
561,594,657,658,660
561,649,654,657,809
561,649,657,658,809
561,654,656,657,816
561,654,657,809,817
561,654,657,816,817
561,654,809,814,817
561,654,814,816,817
561,656,657,665,825
561,656,657,816,825
561,657,658,660,818
561,657,658,809,818
561,657,660,665,825
561,657,660,817,818
561,657,660,817,825
561,657,809,817,818
561,657,816,817,825
561,660,817,818,820
561,660,817,820,825
562,563,571,594,658
562,563,571,658,827
562,563,594,655,658
562,563,655,658,818
562,563,655,815,818
562,563,658,818,827
562,564,569,594,660
562,564,569,660,825
562,564,660,820,825
562,567,570,594,663
562,567,570,663,823
562,567,571,594,663
562,567,571,663,827
562,567,663,823,827
562,569,570,594,658
562,569,570,658,825
562,569,594,658,660
562,569,658,660,825
562,570,594,658,663
562,570,658,663,818
562,570,658,818,825
562,570,663,818,823
562,571,594,658,663
562,571,658,663,827
562,652,658,809,818
562,652,809,812,818
562,655,658,811,818
562,655,811,815,818
562,658,660,818,825
562,658,663,818,827
562,660,818,820,825
562,663,818,823,827
563,565,571,603,661
563,565,571,661,827
563,565,592,597,661
563,565,597,603,661
563,565,661,821,827
563,571,594,603,667
563,571,594,658,667
563,571,603,661,667
563,571,658,667,827
563,571,661,667,827
563,587,591,595,655
563,587,592,595,651
563,587,595,651,655
563,591,594,595,655
563,592,595,597,661
563,592,595,651,659
563,592,595,659,661
563,592,651,656,659
563,592,656,659,661
563,594,595,603,667
563,594,595,655,659
563,594,595,659,667
563,594,655,658,659
563,594,658,659,667
563,595,597,603,661
563,595,603,661,667
563,595,651,655,659
563,595,659,661,667
563,651,655,659,811
563,651,656,659,811
563,655,658,659,818
563,655,659,811,819
563,655,659,818,819
563,655,811,815,819
563,655,815,818,819
563,656,659,661,816
563,656,659,811,816
563,658,659,667,827
563,658,659,818,827
563,659,661,667,827
563,659,661,816,819
563,659,661,819,827
563,659,811,816,819
563,659,818,819,827
563,661,816,819,821
563,661,819,821,827
564,569,594,601,660
564,594,596,601,660
565,571,592,603,661
565,592,597,603,661
566,568,569,601,662
566,568,569,662,825
566,568,592,598,662
566,568,598,601,662
566,568,662,822,825
566,569,592,601,662
566,592,598,601,662
567,570,571,603,663
567,570,571,663,827
567,570,594,599,663
567,570,599,603,663
567,570,663,823,827
567,571,594,603,663
567,594,599,603,663
568,569,576,601,665
568,569,576,640,665
568,569,601,662,665
568,569,640,665,825
568,569,662,665,825
568,571,573,603,669
568,571,573,669,827
568,571,592,603,667
568,571,592,656,667
568,571,603,667,669
568,571,656,667,827
568,571,667,669,827
568,573,576,605,669
568,573,603,605,669
568,573,669,827,829
568,576,600,601,665
568,576,600,605,669
568,576,600,664,665
568,576,600,664,669
568,576,640,664,665
568,576,640,664,669
568,592,598,600,662
568,592,600,603,667
568,592,600,662,664
568,592,600,664,667
568,592,656,662,664
568,592,656,664,667
568,598,600,601,662
568,600,601,662,665
568,600,603,605,669
568,600,603,667,669
568,600,662,664,665
568,600,664,667,669
568,640,664,665,825
568,640,664,669,800
568,640,664,800,825
568,656,662,664,816
568,656,664,667,827
568,656,664,816,827
568,662,664,665,825
568,662,664,816,824
568,662,664,824,825
568,662,816,822,824
568,662,822,824,825
568,664,667,669,827
568,664,669,800,824
568,664,669,824,827
568,664,800,824,825
568,664,816,824,827
568,669,800,824,829
568,669,824,827,829
569,570,572,601,668
569,570,572,668,825
569,570,594,601,665
569,570,594,658,665
569,570,601,665,668
569,570,658,665,825
569,570,665,668,825
569,572,578,601,668
569,574,576,601,670
569,576,601,665,670
569,576,640,665,670
569,578,601,665,668
569,578,642,665,668
569,592,601,662,665
569,592,656,662,665
569,594,601,660,665
569,594,658,660,665
569,640,665,670,825
569,642,665,668,825
569,656,662,665,825
569,658,660,665,825
570,571,578,603,667
570,571,578,642,667
570,571,603,663,667
570,571,642,667,827
570,571,663,667,827
570,572,578,604,668
570,572,601,604,668
570,572,668,825,828
570,578,602,603,667
570,578,602,604,668
570,578,602,666,667
570,578,602,666,668
570,578,642,666,667
570,578,642,666,668
570,594,599,602,663
570,594,601,602,665
570,594,602,663,666
570,594,602,665,666
570,594,658,663,666
570,594,658,665,666
570,599,602,603,663
570,601,602,604,668
570,601,602,665,668
570,602,603,663,667
570,602,663,666,667
570,602,665,666,668
570,642,666,667,827
570,642,666,668,802
570,642,666,802,827
570,658,663,666,818
570,658,665,666,825
570,658,666,818,825
570,663,666,667,827
570,663,666,818,826
570,663,666,826,827
570,663,818,823,826
570,663,823,826,827
570,665,666,668,825
570,666,668,802,826
570,666,668,825,826
570,666,802,826,827
570,666,818,825,826
570,668,802,826,828
570,668,825,826,828
571,573,576,603,669
571,575,578,603,671
571,576,603,667,669
571,576,640,667,669
571,578,603,667,671
571,578,642,667,671
571,592,603,661,667
571,592,656,661,667
571,594,603,663,667
571,594,658,663,667
571,640,667,669,827
571,642,667,671,827
571,656,661,667,827
571,658,663,667,827
572,578,601,604,668
573,576,603,605,669
574,576,601,606,670
575,578,603,607,671
576,577,585,609,873
576,577,585,649,809
576,577,585,745,833
576,577,585,745,873
576,577,585,809,833
576,577,606,609,865
576,577,606,670,801
576,577,606,766,833
576,577,606,766,865
576,577,606,801,833
576,577,609,865,873
576,577,641,649,809
576,577,641,670,801
576,577,641,801,809
576,577,737,745,833
576,577,737,745,873
576,577,737,766,833
576,577,737,766,865
576,577,737,865,873
576,577,801,809,833
576,579,581,611,867
576,579,581,645,803
576,579,581,741,835
576,579,581,741,867
576,579,581,803,835
576,579,603,611,891
576,579,603,667,827
576,579,603,763,835
576,579,603,763,891
576,579,603,827,835
576,579,611,867,891
576,579,643,645,803
576,579,643,667,827
576,579,643,803,827
576,579,739,741,835
576,579,739,741,867
576,579,739,763,835
576,579,739,763,891
576,579,739,867,891
576,579,803,827,835
576,581,587,613,875
576,581,587,645,811
576,581,587,741,837
576,581,587,741,875
576,581,587,811,837
576,581,611,613,869
576,581,611,867,869
576,581,613,869,875
576,581,645,803,805
576,581,645,805,811
576,581,741,835,837
576,581,741,867,869
576,581,741,869,875
576,581,803,805,835
576,581,805,811,837
576,581,805,835,837
576,582,584,616,872
576,582,584,646,808
576,582,584,742,840
576,582,584,742,872
576,582,584,808,840
576,582,585,614,873
576,582,585,646,809
576,582,585,742,838
576,582,585,742,873
576,582,585,809,838
576,582,614,616,870
576,582,614,870,873
576,582,616,870,872
576,582,646,806,808
576,582,646,806,809
576,582,742,838,840
576,582,742,870,872
576,582,742,870,873
576,582,806,808,840
576,582,806,809,838
576,582,806,838,840
576,584,587,616,875
576,584,587,651,811
576,584,587,747,840
576,584,587,747,875
576,584,587,811,840
576,584,616,872,875
576,584,646,648,808
576,584,648,651,811
576,584,648,808,811
576,584,742,744,840
576,584,742,744,872
576,584,744,747,840
576,584,744,747,875
576,584,744,872,875
576,584,808,811,840
576,585,609,617,873
576,585,614,617,873
576,585,646,649,809
576,585,742,745,841
576,585,742,745,873
576,585,742,838,841
576,585,745,833,841
576,585,809,833,841
576,585,809,838,841
576,587,613,619,875
576,587,616,619,875
576,587,645,651,811
576,587,741,747,843
576,587,741,747,875
576,587,741,837,843
576,587,747,840,843
576,587,811,837,843
576,587,811,840,843
576,600,601,632,889
576,600,601,665,825
576,600,601,761,856
576,600,601,761,889
576,600,601,825,856
576,600,605,632,888
576,600,605,669,824
576,600,605,765,856
576,600,605,765,888
576,600,605,824,856
576,600,632,888,889
576,600,664,665,825
576,600,664,669,824
576,600,664,824,825
576,600,760,761,856
576,600,760,761,889
576,600,760,765,856
576,600,760,765,888
576,600,760,888,889
576,600,824,825,856
576,601,606,638,889
576,601,606,670,825
576,601,606,766,862
576,601,606,766,889
576,601,606,825,862
576,601,632,633,889
576,601,633,638,889
576,601,665,670,825
576,601,761,766,857
576,601,761,766,889
576,601,761,856,857
576,601,766,857,862
576,601,825,856,857
576,601,825,857,862
576,603,605,637,891
576,603,605,669,827
576,603,605,765,861
576,603,605,765,891
576,603,605,827,861
576,603,611,635,891
576,603,635,637,891
576,603,667,669,827
576,603,763,765,859
576,603,763,765,891
576,603,763,835,859
576,603,765,859,861
576,603,827,835,859
576,603,827,859,861
576,605,632,637,893
576,605,632,888,893
576,605,637,891,893
576,605,669,824,829
576,605,669,827,829
576,605,765,856,861
576,605,765,888,893
576,605,765,891,893
576,605,824,829,856
576,605,827,829,861
576,605,829,856,861
576,606,609,638,894
576,606,609,865,894
576,606,638,889,894
576,606,670,801,830
576,606,670,825,830
576,606,766,833,862
576,606,766,865,894
576,606,766,889,894
576,606,801,830,833
576,606,825,830,862
576,606,830,833,862
576,608,609,617,873
576,608,609,638,894
576,608,609,864,873
576,608,609,864,894
576,608,611,613,869
576,608,611,635,891
576,608,611,864,869
576,608,611,864,891
576,608,613,619,875
576,608,613,869,875
576,608,614,616,870
576,608,614,617,873
576,608,614,870,873
576,608,616,619,875
576,608,616,864,870
576,608,616,864,875
576,608,632,633,889
576,608,632,637,893
576,608,632,864,889
576,608,632,864,893
576,608,633,638,889
576,608,635,637,891
576,608,637,891,893
576,608,638,889,894
576,608,864,869,875
576,608,864,870,873
576,608,864,889,894
576,608,864,891,893
576,609,864,865,873
576,609,864,865,894
576,611,864,867,869
576,611,864,867,891
576,616,864,870,872
576,616,864,872,875
576,632,864,888,889
576,632,864,888,893
576,640,641,649,809
576,640,641,670,800
576,640,641,800,809
576,640,643,645,800
576,640,643,667,827
576,640,643,800,827
576,640,645,651,811
576,640,645,800,811
576,640,646,648,800
576,640,646,649,809
576,640,646,800,809
576,640,648,651,811
576,640,648,800,811
576,640,664,665,825
576,640,664,669,800
576,640,664,800,825
576,640,665,670,825
576,640,667,669,827
576,640,669,800,827
576,640,670,800,825
576,641,670,800,801
576,641,800,801,809
576,643,645,800,803
576,643,800,803,827
576,645,800,803,805
576,645,800,805,811
576,646,648,800,808
576,646,800,806,808
576,646,800,806,809
576,648,800,808,811
576,664,669,800,824
576,664,800,824,825
576,669,800,824,829
576,669,800,827,829
576,670,800,801,830
576,670,800,825,830
576,736,737,745,833
576,736,737,745,873
576,736,737,766,833
576,736,737,766,864
576,736,737,864,873
576,736,739,741,835
576,736,739,741,864
576,736,739,763,835
576,736,739,763,891
576,736,739,864,891
576,736,741,747,843
576,736,741,747,875
576,736,741,832,835
576,736,741,832,843
576,736,741,864,875
576,736,742,744,840
576,736,742,744,864
576,736,742,745,841
576,736,742,745,873
576,736,742,832,840
576,736,742,832,841
576,736,742,864,873
576,736,744,747,840
576,736,744,747,875
576,736,744,864,875
576,736,745,833,841
576,736,747,840,843
576,736,760,761,856
576,736,760,761,889
576,736,760,765,856
576,736,760,765,864
576,736,760,864,889
576,736,761,766,857
576,736,761,766,889
576,736,761,856,857
576,736,763,765,859
576,736,763,765,891
576,736,763,835,859
576,736,765,832,856
576,736,765,832,859
576,736,765,864,891
576,736,766,832,833
576,736,766,832,857
576,736,766,864,889
576,736,832,833,841
576,736,832,835,859
576,736,832,840,843
576,736,832,856,857
576,737,766,864,865
576,737,864,865,873
576,739,741,864,867
576,739,864,867,891
576,741,832,835,837
576,741,832,837,843
576,741,864,867,869
576,741,864,869,875
576,742,744,864,872
576,742,832,838,840
576,742,832,838,841
576,742,864,870,872
576,742,864,870,873
576,744,864,872,875
576,760,765,864,888
576,760,864,888,889
576,765,832,856,861
576,765,832,859,861
576,765,864,888,893
576,765,864,891,893
576,766,832,833,862
576,766,832,857,862
576,766,864,865,894
576,766,864,889,894
576,800,801,809,833
576,800,801,830,833
576,800,803,805,835
576,800,803,827,835
576,800,805,811,832
576,800,805,832,835
576,800,806,808,840
576,800,806,809,832
576,800,806,832,840
576,800,808,811,840
576,800,809,832,833
576,800,811,832,840
576,800,824,825,856
576,800,824,829,856
576,800,825,830,832
576,800,825,832,856
576,800,827,829,832
576,800,827,832,835
576,800,829,832,856
576,800,830,832,833
576,805,811,832,837
576,805,832,835,837
576,806,809,832,838
576,806,832,838,840
576,809,832,833,841
576,809,832,838,841
576,811,832,837,843
576,811,832,840,843
576,825,830,832,862
576,825,832,856,857
576,825,832,857,862
576,827,829,832,861
576,827,832,835,859
576,827,832,859,861
576,829,832,856,861
576,830,832,833,862
577,578,580,609,865
577,578,580,644,801
577,578,580,740,833
577,578,580,740,865
577,578,580,801,833
577,578,601,609,889
577,578,601,665,825
577,578,601,761,833
577,578,601,761,889
577,578,601,825,833
577,578,609,865,889
577,578,641,644,801
577,578,641,665,825
577,578,641,801,825
577,578,737,740,833
577,578,737,740,865
577,578,737,761,833
577,578,737,761,889
577,578,737,865,889
577,578,801,825,833
577,580,585,609,873
577,580,585,644,809
577,580,585,740,833
577,580,585,740,873
577,580,585,809,833
577,580,609,865,873
577,580,644,801,809
577,580,740,865,873
577,580,801,809,833
577,585,644,649,809
577,585,740,745,833
577,585,740,745,873
577,601,606,609,889
577,601,606,670,825
577,601,606,766,833
577,601,606,766,889
577,601,606,825,833
577,601,665,670,825
577,601,761,766,833
577,601,761,766,889
577,606,609,865,889
577,606,670,801,825
577,606,766,865,889
577,606,801,825,833
577,641,644,649,809
577,641,644,801,809
577,641,665,670,825
577,641,670,801,825
577,737,740,745,833
577,737,740,745,873
577,737,740,865,873
577,737,761,766,833
577,737,761,766,889
577,737,766,865,889
578,579,587,611,875
578,579,587,651,811
578,579,587,747,835
578,579,587,747,875
578,579,587,811,835
578,579,607,611,867
578,579,607,671,803
578,579,607,767,835
578,579,607,767,867
578,579,607,803,835
578,579,611,867,875
578,579,643,651,811
578,579,643,671,803
578,579,643,803,811
578,579,739,747,835
578,579,739,747,875
578,579,739,767,835
578,579,739,767,867
578,579,739,867,875
578,579,803,811,835
578,580,585,612,873
578,580,585,644,809
578,580,585,740,836
578,580,585,740,873
578,580,585,809,836
578,580,609,612,868
578,580,609,865,868
578,580,612,868,873
578,580,644,801,804
578,580,644,804,809
578,580,740,833,836
578,580,740,865,868
578,580,740,868,873
578,580,801,804,833
578,580,804,809,836
578,580,804,833,836
578,583,586,618,874
578,583,586,647,810
578,583,586,743,842
578,583,586,743,874
578,583,586,810,842
578,583,587,615,875
578,583,587,647,811
578,583,587,743,839
578,583,587,743,875
578,583,587,811,839
578,583,615,618,871
578,583,615,871,875
578,583,618,871,874
578,583,647,807,810
578,583,647,807,811
578,583,743,839,842
578,583,743,871,874
578,583,743,871,875
578,583,807,810,842
578,583,807,811,839
578,583,807,839,842
578,585,586,618,873
578,585,586,649,809
578,585,586,745,842
578,585,586,745,873
578,585,586,809,842
578,585,612,617,873
578,585,617,618,873
578,585,644,649,809
578,585,740,745,841
578,585,740,745,873
578,585,740,836,841
578,585,745,841,842
578,585,809,836,841
578,585,809,841,842
578,586,618,873,874
578,586,647,650,810
578,586,649,650,809
578,586,650,809,810
578,586,743,746,842
578,586,743,746,874
578,586,745,746,842
578,586,745,746,873
578,586,746,873,874
578,586,809,810,842
578,587,611,619,875
578,587,615,619,875
578,587,647,651,811
578,587,743,747,843
578,587,743,747,875
578,587,743,839,843
578,587,747,835,843
578,587,811,835,843
578,587,811,839,843
578,601,604,636,889
578,601,604,668,825
578,601,604,764,860
578,601,604,764,889
578,601,604,825,860
578,601,609,633,889
578,601,633,636,889
578,601,665,668,825
578,601,761,764,857
578,601,761,764,889
578,601,761,833,857
578,601,764,857,860
578,601,825,833,857
578,601,825,857,860
578,602,603,634,891
578,602,603,667,827
578,602,603,763,858
578,602,603,763,891
578,602,603,827,858
578,602,604,634,890
578,602,604,668,826
578,602,604,764,858
578,602,604,764,890
578,602,604,826,858
578,602,634,890,891
578,602,666,667,827
578,602,666,668,826
578,602,666,826,827
578,602,762,763,858
578,602,762,763,891
578,602,762,764,858
578,602,762,764,890
578,602,762,890,891
578,602,826,827,858
578,603,607,639,891
578,603,607,671,827
578,603,607,767,863
578,603,607,767,891
578,603,607,827,863
578,603,634,635,891
578,603,635,639,891
578,603,667,671,827
578,603,763,767,859
578,603,763,767,891
578,603,763,858,859
578,603,767,859,863
578,603,827,858,859
578,603,827,859,863
578,604,634,636,892
578,604,634,890,892
578,604,636,889,892
578,604,668,825,828
578,604,668,826,828
578,604,764,858,860
578,604,764,889,892
578,604,764,890,892
578,604,825,828,860
578,604,826,828,858
578,604,828,858,860
578,607,611,639,895
578,607,611,867,895
578,607,639,891,895
578,607,671,803,831
578,607,671,827,831
578,607,767,835,863
578,607,767,867,895
578,607,767,891,895
578,607,803,831,835
578,607,827,831,863
578,607,831,835,863
578,609,610,612,868
578,609,610,633,889
578,609,610,866,868
578,609,610,866,889
578,609,865,866,868
578,609,865,866,889
578,610,611,619,875
578,610,611,639,895
578,610,611,866,875
578,610,611,866,895
578,610,612,617,873
578,610,612,868,873
578,610,615,618,871
578,610,615,619,875
578,610,615,871,875
578,610,617,618,873
578,610,618,866,871
578,610,618,866,873
578,610,633,636,889
578,610,634,635,891
578,610,634,636,892
578,610,634,866,891
578,610,634,866,892
578,610,635,639,891
578,610,636,889,892
578,610,639,891,895
578,610,866,868,873
578,610,866,871,875
578,610,866,889,892
578,610,866,891,895
578,611,866,867,875
578,611,866,867,895
578,618,866,871,874
578,618,866,873,874
578,634,866,890,891
578,634,866,890,892
578,641,642,644,802
578,641,642,665,825
578,641,642,802,825
578,641,644,801,802
578,641,801,802,825
578,642,643,651,811
578,642,643,671,802
578,642,643,802,811
578,642,644,649,809
578,642,644,802,809
578,642,647,650,802
578,642,647,651,811
578,642,647,802,811
578,642,649,650,809
578,642,650,802,809
578,642,665,668,825
578,642,666,667,827
578,642,666,668,802
578,642,666,802,827
578,642,667,671,827
578,642,668,802,825
578,642,671,802,827
578,643,671,802,803
578,643,802,803,811
578,644,801,802,804
578,644,802,804,809
578,647,650,802,810
578,647,802,807,810
578,647,802,807,811
578,650,802,809,810
578,666,668,802,826
578,666,802,826,827
578,668,802,825,828
578,668,802,826,828
578,671,802,803,831
578,671,802,827,831
578,737,738,740,833
578,737,738,740,866
578,737,738,761,833
578,737,738,761,889
578,737,738,866,889
578,737,740,865,866
578,737,865,866,889
578,738,739,747,835
578,738,739,747,875
578,738,739,767,835
578,738,739,767,866
578,738,739,866,875
578,738,740,745,841
578,738,740,745,873
578,738,740,833,834
578,738,740,834,841
578,738,740,866,873
578,738,743,746,842
578,738,743,746,866
578,738,743,747,843
578,738,743,747,875
578,738,743,834,842
578,738,743,834,843
578,738,743,866,875
578,738,745,746,842
578,738,745,746,873
578,738,745,841,842
578,738,746,866,873
578,738,747,835,843
578,738,761,764,857
578,738,761,764,889
578,738,761,833,857
578,738,762,763,858
578,738,762,763,891
578,738,762,764,858
578,738,762,764,866
578,738,762,866,891
578,738,763,767,859
578,738,763,767,891
578,738,763,858,859
578,738,764,834,857
578,738,764,834,858
578,738,764,866,889
578,738,767,834,835
578,738,767,834,859
578,738,767,866,891
578,738,833,834,857
578,738,834,835,843
578,738,834,841,842
578,738,834,858,859
578,739,767,866,867
578,739,866,867,875
578,740,833,834,836
578,740,834,836,841
578,740,865,866,868
578,740,866,868,873
578,743,746,866,874
578,743,834,839,842
578,743,834,839,843
578,743,866,871,874
578,743,866,871,875
578,746,866,873,874
578,762,764,866,890
578,762,866,890,891
578,764,834,857,860
578,764,834,858,860
578,764,866,889,892
578,764,866,890,892
578,767,834,835,863
578,767,834,859,863
578,767,866,867,895
578,767,866,891,895
578,801,802,804,833
578,801,802,825,833
578,802,803,811,835
578,802,803,831,835
578,802,804,809,834
578,802,804,833,834
578,802,807,810,842
578,802,807,811,834
578,802,807,834,842
578,802,809,810,842
578,802,809,834,842
578,802,811,834,835
578,802,825,828,834
578,802,825,833,834
578,802,826,827,858
578,802,826,828,858
578,802,827,831,834
578,802,827,834,858
578,802,828,834,858
578,802,831,834,835
578,804,809,834,836
578,804,833,834,836
578,807,811,834,839
578,807,834,839,842
578,809,834,836,841
578,809,834,841,842
578,811,834,835,843
578,811,834,839,843
578,825,828,834,860
578,825,833,834,857
578,825,834,857,860
578,827,831,834,863
578,827,834,858,859
578,827,834,859,863
578,828,834,858,860
578,831,834,835,863
579,581,587,611,875
579,581,587,645,811
579,581,587,741,835
579,581,587,741,875
579,581,587,811,835
579,581,611,867,875
579,581,645,803,811
579,581,741,867,875
579,581,803,811,835
579,587,645,651,811
579,587,741,747,835
579,587,741,747,875
579,603,607,611,891
579,603,607,671,827
579,603,607,767,835
579,603,607,767,891
579,603,607,827,835
579,603,667,671,827
579,603,763,767,835
579,603,763,767,891
579,607,611,867,891
579,607,671,803,827
579,607,767,867,891
579,607,803,827,835
579,643,645,651,811
579,643,645,803,811
579,643,667,671,827
579,643,671,803,827
579,739,741,747,835
579,739,741,747,875
579,739,741,867,875
579,739,763,767,835
579,739,763,767,891
579,739,767,867,891
580,585,609,612,873
580,585,740,833,836
580,585,809,833,836
580,609,612,868,873
580,609,865,868,873
580,644,801,804,809
580,740,865,868,873
580,801,804,809,833
580,804,809,833,836
581,587,611,613,875
581,587,741,835,837
581,587,811,835,837
581,611,613,869,875
581,611,867,869,875
581,645,803,805,811
581,741,867,869,875
581,803,805,811,835
581,805,811,835,837
582,584,585,616,873
582,584,585,646,809
582,584,585,742,840
582,584,585,742,873
582,584,585,809,840
582,584,616,872,873
582,584,646,808,809
582,584,742,872,873
582,584,808,809,840
582,585,614,616,873
582,585,742,838,840
582,585,809,838,840
582,614,616,870,873
582,616,870,872,873
582,646,806,808,809
582,742,870,872,873
582,806,808,809,840
582,806,809,838,840
583,586,587,618,875
583,586,587,647,811
583,586,587,743,842
583,586,587,743,875
583,586,587,811,842
583,586,618,874,875
583,586,647,810,811
583,586,743,874,875
583,586,810,811,842
583,587,615,618,875
583,587,743,839,842
583,587,811,839,842
583,615,618,871,875
583,618,871,874,875
583,647,807,810,811
583,743,871,874,875
583,807,810,811,842
583,807,811,839,842
584,585,592,616,873
584,585,592,649,809
584,585,592,745,840
584,585,592,745,873
584,585,592,809,840
584,585,646,649,809
584,585,742,745,840
584,585,742,745,873
584,587,589,616,875
584,587,589,653,811
584,587,589,749,840
584,587,589,749,875
584,587,589,811,840
584,587,651,653,811
584,587,747,749,840
584,587,747,749,875
584,589,592,616,872
584,589,592,653,808
584,589,592,749,840
584,589,592,749,872
584,589,592,808,840
584,589,616,872,875
584,589,653,808,811
584,589,749,872,875
584,589,808,811,840
584,592,616,872,873
584,592,648,649,809
584,592,648,653,808
584,592,648,808,809
584,592,744,745,840
584,592,744,745,873
584,592,744,749,840
584,592,744,749,872
584,592,744,872,873
584,592,808,809,840
584,646,648,649,809
584,646,648,808,809
584,648,651,653,811
584,648,653,808,811
584,742,744,745,840
584,742,744,745,873
584,742,744,872,873
584,744,747,749,840
584,744,747,749,875
584,744,749,872,875
585,586,588,618,873
585,586,588,652,809
585,586,588,748,842
585,586,588,748,873
585,586,588,809,842
585,586,649,652,809
585,586,745,748,842
585,586,745,748,873
585,588,594,620,873
585,588,594,652,809
585,588,594,748,844
585,588,594,748,873
585,588,594,809,844
585,588,618,620,873
585,588,748,842,844
585,588,809,842,844
585,590,592,622,873
585,590,592,654,809
585,590,592,750,846
585,590,592,750,873
585,590,592,809,846
585,590,593,625,873
585,590,593,654,809
585,590,593,750,849
585,590,593,750,873
585,590,593,809,849
585,590,622,625,873
585,590,750,846,849
585,590,809,846,849
585,592,616,617,873
585,592,617,622,873
585,592,649,654,809
585,592,745,750,841
585,592,745,750,873
585,592,745,840,841
585,592,750,841,846
585,592,809,840,841
585,592,809,841,846
585,593,594,625,873
585,593,594,649,809
585,593,594,745,849
585,593,594,745,873
585,593,594,809,849
585,593,649,654,809
585,593,745,750,849
585,593,745,750,873
585,594,617,620,873
585,594,617,625,873
585,594,649,652,809
585,594,745,748,841
585,594,745,748,873
585,594,745,841,849
585,594,748,841,844
585,594,809,841,844
585,594,809,841,849
585,609,612,617,873
585,614,616,617,873
585,617,618,620,873
585,617,622,625,873
585,740,745,833,841
585,740,833,836,841
585,742,745,840,841
585,742,838,840,841
585,745,748,841,842
585,745,750,841,849
585,748,841,842,844
585,750,841,846,849
585,809,833,836,841
585,809,838,840,841
585,809,841,842,844
585,809,841,846,849
586,587,594,618,875
586,587,594,651,811
586,587,594,747,842
586,587,594,747,875
586,587,594,811,842
586,587,647,651,811
586,587,743,747,842
586,587,743,747,875
586,588,594,618,874
586,588,594,652,810
586,588,594,748,842
586,588,594,748,874
586,588,594,810,842
586,588,618,873,874
586,588,652,809,810
586,588,748,873,874
586,588,809,810,842
586,594,618,874,875
586,594,650,651,811
586,594,650,652,810
586,594,650,810,811
586,594,746,747,842
586,594,746,747,875
586,594,746,748,842
586,594,746,748,874
586,594,746,874,875
586,594,810,811,842
586,647,650,651,811
586,647,650,810,811
586,649,650,652,809
586,650,652,809,810
586,743,746,747,842
586,743,746,747,875
586,743,746,874,875
586,745,746,748,842
586,745,746,748,873
586,746,748,873,874
587,589,592,621,875
587,589,592,653,811
587,589,592,749,845
587,589,592,749,875
587,589,592,811,845
587,589,616,621,875
587,589,749,840,845
587,589,811,840,845
587,591,594,623,875
587,591,594,655,811
587,591,594,751,847
587,591,594,751,875
587,591,594,811,847
587,591,595,627,875
587,591,595,655,811
587,591,595,751,851
587,591,595,751,875
587,591,595,811,851
587,591,623,627,875
587,591,751,847,851
587,591,811,847,851
587,592,595,627,875
587,592,595,651,811
587,592,595,747,851
587,592,595,747,875
587,592,595,811,851
587,592,619,621,875
587,592,619,627,875
587,592,651,653,811
587,592,747,749,843
587,592,747,749,875
587,592,747,843,851
587,592,749,843,845
587,592,811,843,845
587,592,811,843,851
587,594,618,619,875
587,594,619,623,875
587,594,651,655,811
587,594,747,751,843
587,594,747,751,875
587,594,747,842,843
587,594,751,843,847
587,594,811,842,843
587,594,811,843,847
587,595,651,655,811
587,595,747,751,851
587,595,747,751,875
587,611,613,619,875
587,615,618,619,875
587,616,619,621,875
587,619,623,627,875
587,741,747,835,843
587,741,835,837,843
587,743,747,842,843
587,743,839,842,843
587,747,749,840,843
587,747,751,843,851
587,749,840,843,845
587,751,843,847,851
587,811,835,837,843
587,811,839,842,843
587,811,840,843,845
587,811,843,847,851
588,594,618,620,876
588,594,618,874,876
588,594,620,873,876
588,594,652,809,812
588,594,652,810,812
588,594,748,842,844
588,594,748,873,876
588,594,748,874,876
588,594,809,812,844
588,594,810,812,842
588,594,812,842,844
588,618,620,873,876
588,618,873,874,876
588,652,809,810,812
588,748,873,874,876
588,809,810,812,842
588,809,812,842,844
589,592,616,621,877
589,592,616,872,877
589,592,621,875,877
589,592,653,808,813
589,592,653,811,813
589,592,749,840,845
589,592,749,872,877
589,592,749,875,877
589,592,808,813,840
589,592,811,813,845
589,592,813,840,845
589,616,621,875,877
589,616,872,875,877
589,653,808,811,813
589,749,872,875,877
589,808,811,813,840
589,811,813,840,845
590,592,593,625,881
590,592,593,654,817
590,592,593,750,849
590,592,593,750,881
590,592,593,817,849
590,592,622,625,878
590,592,622,873,878
590,592,625,878,881
590,592,654,809,814
590,592,654,814,817
590,592,750,846,849
590,592,750,873,878
590,592,750,878,881
590,592,809,814,846
590,592,814,817,849
590,592,814,846,849
590,593,625,873,881
590,593,654,809,817
590,593,750,873,881
590,593,809,817,849
590,622,625,873,878
590,625,873,878,881
590,654,809,814,817
590,750,873,878,881
590,809,814,817,849
590,809,814,846,849
591,594,595,627,883
591,594,595,655,819
591,594,595,751,851
591,594,595,751,883
591,594,595,819,851
591,594,623,627,879
591,594,623,875,879
591,594,627,879,883
591,594,655,811,815
591,594,655,815,819
591,594,751,847,851
591,594,751,875,879
591,594,751,879,883
591,594,811,815,847
591,594,815,819,851
591,594,815,847,851
591,595,627,875,883
591,595,655,811,819
591,595,751,875,883
591,595,811,819,851
591,623,627,875,879
591,627,875,879,883
591,655,811,815,819
591,751,875,879,883
591,811,815,819,851
591,811,815,847,851
592,593,601,625,889
592,593,601,665,825
592,593,601,761,849
592,593,601,761,889
592,593,601,825,849
592,593,625,881,889
592,593,654,657,817
592,593,657,665,825
592,593,657,817,825
592,593,750,753,849
592,593,750,753,881
592,593,753,761,849
592,593,753,761,889
592,593,753,881,889
592,593,817,825,849
592,595,597,627,883
592,595,597,661,819
592,595,597,757,851
592,595,597,757,883
592,595,597,819,851
592,595,627,875,883
592,595,651,659,811
592,595,659,661,819
592,595,659,811,819
592,595,747,755,851
592,595,747,755,875
592,595,755,757,851
592,595,755,757,883
592,595,755,875,883
592,595,811,819,851
592,597,603,629,891
592,597,603,661,827
592,597,603,757,853
592,597,603,757,891
592,597,603,827,853
592,597,627,629,885
592,597,627,883,885
592,597,629,885,891
592,597,661,819,821
592,597,661,821,827
592,597,757,851,853
592,597,757,883,885
592,597,757,885,891
592,597,819,821,851
592,597,821,827,853
592,597,821,851,853
592,598,600,632,888
592,598,600,662,824
592,598,600,758,856
592,598,600,758,888
592,598,600,824,856
592,598,601,630,889
592,598,601,662,825
592,598,601,758,854
592,598,601,758,889
592,598,601,825,854
592,598,630,632,886
592,598,630,886,889
592,598,632,886,888
592,598,662,822,824
592,598,662,822,825
592,598,758,854,856
592,598,758,886,888
592,598,758,886,889
592,598,822,824,856
592,598,822,825,854
592,598,822,854,856
592,600,603,632,891
592,600,603,667,827
592,600,603,763,856
592,600,603,763,891
592,600,603,827,856
592,600,632,888,891
592,600,662,664,824
592,600,664,667,827
592,600,664,824,827
592,600,758,760,856
592,600,758,760,888
592,600,760,763,856
592,600,760,763,891
592,600,760,888,891
592,600,824,827,856
592,601,625,633,889
592,601,630,633,889
592,601,662,665,825
592,601,758,761,857
592,601,758,761,889
592,601,758,854,857
592,601,761,849,857
592,601,825,849,857
592,601,825,854,857
592,603,629,635,891
592,603,632,635,891
592,603,661,667,827
592,603,757,763,859
592,603,757,763,891
592,603,757,853,859
592,603,763,856,859
592,603,827,853,859
592,603,827,856,859
592,616,617,624,873
592,616,621,624,877
592,616,624,873,880
592,616,624,877,880
592,616,872,873,880
592,616,872,877,880
592,617,622,624,873
592,619,621,624,875
592,619,624,627,875
592,621,624,875,877
592,622,624,625,878
592,622,624,873,878
592,624,625,633,889
592,624,625,878,880
592,624,625,880,889
592,624,627,629,885
592,624,627,875,880
592,624,627,880,885
592,624,629,635,891
592,624,629,885,891
592,624,630,632,886
592,624,630,633,889
592,624,630,886,889
592,624,632,635,891
592,624,632,880,886
592,624,632,880,891
592,624,873,878,880
592,624,875,877,880
592,624,880,885,891
592,624,880,886,889
592,625,878,880,881
592,625,880,881,889
592,627,875,880,883
592,627,880,883,885
592,632,880,886,888
592,632,880,888,891
592,648,649,656,809
592,648,653,656,816
592,648,653,808,816
592,648,656,809,816
592,648,808,809,816
592,649,654,656,809
592,651,653,656,811
592,651,656,659,811
592,653,656,811,816
592,653,808,813,816
592,653,811,813,816
592,654,656,657,816
592,654,656,809,816
592,654,657,816,817
592,654,809,814,816
592,654,814,816,817
592,656,657,665,825
592,656,657,816,825
592,656,659,661,816
592,656,659,811,816
592,656,661,667,827
592,656,661,816,827
592,656,662,664,816
592,656,662,665,825
592,656,662,816,825
592,656,664,667,827
592,656,664,816,827
592,657,816,817,825
592,659,661,816,819
592,659,811,816,819
592,661,816,819,821
592,661,816,821,827
592,662,664,816,824
592,662,816,822,824
592,662,816,822,825
592,664,816,824,827
592,744,745,752,840
592,744,745,752,873
592,744,749,752,840
592,744,749,752,880
592,744,749,872,880
592,744,752,873,880
592,744,872,873,880
592,745,750,752,841
592,745,750,752,873
592,745,752,840,841
592,747,749,752,843
592,747,749,752,875
592,747,752,755,851
592,747,752,755,875
592,747,752,843,851
592,749,752,840,848
592,749,752,843,848
592,749,752,875,880
592,749,840,845,848
592,749,843,845,848
592,749,872,877,880
592,749,875,877,880
592,750,752,753,849
592,750,752,753,880
592,750,752,841,848
592,750,752,848,849
592,750,752,873,880
592,750,753,880,881
592,750,841,846,848
592,750,846,848,849
592,750,873,878,880
592,750,878,880,881
592,752,753,761,849
592,752,753,761,889
592,752,753,880,889
592,752,755,757,851
592,752,755,757,880
592,752,755,875,880
592,752,757,763,859
592,752,757,763,891
592,752,757,848,851
592,752,757,848,859
592,752,757,880,891
592,752,758,760,856
592,752,758,760,880
592,752,758,761,857
592,752,758,761,889
592,752,758,848,856
592,752,758,848,857
592,752,758,880,889
592,752,760,763,856
592,752,760,763,891
592,752,760,880,891
592,752,761,849,857
592,752,763,856,859
592,752,840,841,848
592,752,843,848,851
592,752,848,849,857
592,752,848,856,859
592,753,880,881,889
592,755,757,880,883
592,755,875,880,883
592,757,848,851,853
592,757,848,853,859
592,757,880,883,885
592,757,880,885,891
592,758,760,880,888
592,758,848,854,856
592,758,848,854,857
592,758,880,886,888
592,758,880,886,889
592,760,880,888,891
592,808,809,816,840
592,808,813,816,840
592,809,814,816,848
592,809,814,846,848
592,809,816,840,848
592,809,840,841,848
592,809,841,846,848
592,811,813,816,848
592,811,813,845,848
592,811,816,819,851
592,811,816,848,851
592,811,843,845,848
592,811,843,848,851
592,813,816,840,848
592,813,840,845,848
592,814,816,817,849
592,814,816,848,849
592,814,846,848,849
592,816,817,825,849
592,816,819,821,851
592,816,821,827,848
592,816,821,848,851
592,816,822,824,856
592,816,822,825,848
592,816,822,848,856
592,816,824,827,856
592,816,825,848,849
592,816,827,848,856
592,821,827,848,853
592,821,848,851,853
592,822,825,848,854
592,822,848,854,856
592,825,848,849,857
592,825,848,854,857
592,827,848,853,859
592,827,848,856,859
593,594,596,625,881
593,594,596,660,817
593,594,596,756,849
593,594,596,756,881
593,594,596,817,849
593,594,625,873,881
593,594,649,657,809
593,594,657,660,817
593,594,657,809,817
593,594,745,753,849
593,594,745,753,873
593,594,753,756,849
593,594,753,756,881
593,594,753,873,881
593,594,809,817,849
593,596,601,625,889
593,596,601,660,825
593,596,601,756,849
593,596,601,756,889
593,596,601,825,849
593,596,625,881,889
593,596,660,817,825
593,596,756,881,889
593,596,817,825,849
593,601,660,665,825
593,601,756,761,849
593,601,756,761,889
593,649,654,657,809
593,654,657,809,817
593,657,660,665,825
593,657,660,817,825
593,745,750,753,849
593,745,750,753,873
593,750,753,873,881
593,753,756,761,849
593,753,756,761,889
593,753,756,881,889
594,595,603,627,891
594,595,603,667,827
594,595,603,763,851
594,595,603,763,891
594,595,603,827,851
594,595,627,883,891
594,595,655,659,819
594,595,659,667,827
594,595,659,819,827
594,595,751,755,851
594,595,751,755,883
594,595,755,763,851
594,595,755,763,891
594,595,755,883,891
594,595,819,827,851
594,596,601,628,889
594,596,601,660,825
594,596,601,756,852
594,596,601,756,889
594,596,601,825,852
594,596,625,628,884
594,596,625,881,884
594,596,628,884,889
594,596,660,817,820
594,596,660,820,825
594,596,756,849,852
594,596,756,881,884
594,596,756,884,889
594,596,817,820,849
594,596,820,825,852
594,596,820,849,852
594,599,602,634,890
594,599,602,663,826
594,599,602,759,858
594,599,602,759,890
594,599,602,826,858
594,599,603,631,891
594,599,603,663,827
594,599,603,759,855
594,599,603,759,891
594,599,603,827,855
594,599,631,634,887
594,599,631,887,891
594,599,634,887,890
594,599,663,823,826
594,599,663,823,827
594,599,759,855,858
594,599,759,887,890
594,599,759,887,891
594,599,823,826,858
594,599,823,827,855
594,599,823,855,858
594,601,602,634,889
594,601,602,665,825
594,601,602,761,858
594,601,602,761,889
594,601,602,825,858
594,601,628,633,889
594,601,633,634,889
594,601,660,665,825
594,601,756,761,857
594,601,756,761,889
594,601,756,852,857
594,601,761,857,858
594,601,825,852,857
594,601,825,857,858
594,602,634,889,890
594,602,663,666,826
594,602,665,666,825
594,602,666,825,826
594,602,759,762,858
594,602,759,762,890
594,602,761,762,858
594,602,761,762,889
594,602,762,889,890
594,602,825,826,858
594,603,627,635,891
594,603,631,635,891
594,603,663,667,827
594,603,759,763,859
594,603,759,763,891
594,603,759,855,859
594,603,763,851,859
594,603,827,851,859
594,603,827,855,859
594,617,620,626,873
594,617,625,626,873
594,618,619,626,875
594,618,620,626,876
594,618,626,875,882
594,618,626,876,882
594,618,874,875,882
594,618,874,876,882
594,619,623,626,875
594,620,626,873,876
594,623,626,627,879
594,623,626,875,879
594,625,626,628,884
594,625,626,873,882
594,625,626,882,884
594,625,873,881,882
594,625,881,882,884
594,626,627,635,891
594,626,627,879,882
594,626,627,882,891
594,626,628,633,889
594,626,628,884,889
594,626,631,634,887
594,626,631,635,891
594,626,631,887,891
594,626,633,634,889
594,626,634,882,887
594,626,634,882,889
594,626,873,876,882
594,626,875,879,882
594,626,882,884,889
594,626,882,887,891
594,627,879,882,883
594,627,882,883,891
594,634,882,887,890
594,634,882,889,890
594,649,652,658,809
594,649,657,658,809
594,650,651,658,811
594,650,652,658,818
594,650,652,810,818
594,650,658,811,818
594,650,810,811,818
594,651,655,658,811
594,652,658,809,818
594,652,809,812,818
594,652,810,812,818
594,655,658,659,818
594,655,658,811,818
594,655,659,818,819
594,655,811,815,818
594,655,815,818,819
594,657,658,660,818
594,657,658,809,818
594,657,660,817,818
594,657,809,817,818
594,658,659,667,827
594,658,659,818,827
594,658,660,665,825
594,658,660,818,825
594,658,663,666,818
594,658,663,667,827
594,658,663,818,827
594,658,665,666,825
594,658,666,818,825
594,659,818,819,827
594,660,817,818,820
594,660,818,820,825
594,663,666,818,826
594,663,818,823,826
594,663,818,823,827
594,666,818,825,826
594,745,748,754,841
594,745,748,754,873
594,745,753,754,849
594,745,753,754,873
594,745,754,841,849
594,746,747,754,842
594,746,747,754,875
594,746,748,754,842
594,746,748,754,882
594,746,748,874,882
594,746,754,875,882
594,746,874,875,882
594,747,751,754,843
594,747,751,754,875
594,747,754,842,843
594,748,754,841,850
594,748,754,842,850
594,748,754,873,882
594,748,841,844,850
594,748,842,844,850
594,748,873,876,882
594,748,874,876,882
594,751,754,755,851
594,751,754,755,882
594,751,754,843,850
594,751,754,850,851
594,751,754,875,882
594,751,755,882,883
594,751,843,847,850
594,751,847,850,851
594,751,875,879,882
594,751,879,882,883
594,753,754,756,849
594,753,754,756,882
594,753,754,873,882
594,753,756,881,882
594,753,873,881,882
594,754,755,763,851
594,754,755,763,891
594,754,755,882,891
594,754,756,761,857
594,754,756,761,889
594,754,756,849,850
594,754,756,850,857
594,754,756,882,889
594,754,759,762,858
594,754,759,762,882
594,754,759,763,859
594,754,759,763,891
594,754,759,850,858
594,754,759,850,859
594,754,759,882,891
594,754,761,762,858
594,754,761,762,889
594,754,761,857,858
594,754,762,882,889
594,754,763,851,859
594,754,841,849,850
594,754,842,843,850
594,754,850,851,859
594,754,850,857,858
594,755,882,883,891
594,756,849,850,852
594,756,850,852,857
594,756,881,882,884
594,756,882,884,889
594,759,762,882,890
594,759,850,855,858
594,759,850,855,859
594,759,882,887,890
594,759,882,887,891
594,762,882,889,890
594,809,812,818,850
594,809,812,844,850
594,809,817,818,849
594,809,818,849,850
594,809,841,844,850
594,809,841,849,850
594,810,811,818,842
594,810,812,818,842
594,811,815,818,850
594,811,815,847,850
594,811,818,842,850
594,811,842,843,850
594,811,843,847,850
594,812,818,842,850
594,812,842,844,850
594,815,818,819,851
594,815,818,850,851
594,815,847,850,851
594,817,818,820,849
594,818,819,827,851
594,818,820,825,850
594,818,820,849,850
594,818,823,826,858
594,818,823,827,850
594,818,823,850,858
594,818,825,826,858
594,818,825,850,858
594,818,827,850,851
594,820,825,850,852
594,820,849,850,852
594,823,827,850,855
594,823,850,855,858
594,825,850,852,857
594,825,850,857,858
594,827,850,851,859
594,827,850,855,859
595,597,603,627,891
595,597,603,661,827
595,597,603,757,851
595,597,603,757,891
595,597,603,827,851
595,597,627,883,891
595,597,661,819,827
595,597,757,883,891
595,597,819,827,851
595,603,661,667,827
595,603,757,763,851
595,603,757,763,891
595,651,655,659,811
595,655,659,811,819
595,659,661,667,827
595,659,661,819,827
595,747,751,755,851
595,747,751,755,875
595,751,755,875,883
595,755,757,763,851
595,755,757,763,891
595,755,757,883,891
596,601,625,628,889
596,601,756,849,852
596,601,825,849,852
596,625,628,884,889
596,625,881,884,889
596,660,817,820,825
596,756,881,884,889
596,817,820,825,849
596,820,825,849,852
597,603,627,629,891
597,603,757,851,853
597,603,827,851,853
597,627,629,885,891
597,627,883,885,891
597,661,819,821,827
597,757,883,885,891
597,819,821,827,851
597,821,827,851,853
598,600,601,632,889
598,600,601,662,825
598,600,601,758,856
598,600,601,758,889
598,600,601,825,856
598,600,632,888,889
598,600,662,824,825
598,600,758,888,889
598,600,824,825,856
598,601,630,632,889
598,601,758,854,856
598,601,825,854,856
598,630,632,886,889
598,632,886,888,889
598,662,822,824,825
598,758,886,888,889
598,822,824,825,856
598,822,825,854,856
599,602,603,634,891
599,602,603,663,827
599,602,603,759,858
599,602,603,759,891
599,602,603,827,858
599,602,634,890,891
599,602,663,826,827
599,602,759,890,891
599,602,826,827,858
599,603,631,634,891
599,603,759,855,858
599,603,827,855,858
599,631,634,887,891
599,634,887,890,891
599,663,823,826,827
599,759,887,890,891
599,823,826,827,858
599,823,827,855,858
600,601,662,665,825
600,601,758,761,856
600,601,758,761,889
600,603,605,632,891
600,603,605,669,827
600,603,605,765,856
600,603,605,765,891
600,603,605,827,856
600,603,667,669,827
600,603,763,765,856
600,603,763,765,891
600,605,632,888,891
600,605,669,824,827
600,605,765,888,891
600,605,824,827,856
600,662,664,665,825
600,662,664,824,825
600,664,667,669,827
600,664,669,824,827
600,758,760,761,856
600,758,760,761,889
600,758,760,888,889
600,760,763,765,856
600,760,763,765,891
600,760,765,888,891
601,602,604,634,889
601,602,604,668,825
601,602,604,764,858
601,602,604,764,889
601,602,604,825,858
601,602,665,668,825
601,602,761,764,858
601,602,761,764,889
601,604,634,636,889
601,604,764,858,860
601,604,825,858,860
601,606,609,638,889
601,606,766,833,862
601,606,825,833,862
601,609,633,638,889
601,625,628,633,889
601,630,632,633,889
601,633,634,636,889
601,756,761,849,857
601,756,849,852,857
601,758,761,856,857
601,758,854,856,857
601,761,764,857,858
601,761,766,833,857
601,764,857,858,860
601,766,833,857,862
601,825,833,857,862
601,825,849,852,857
601,825,854,856,857
601,825,857,858,860
602,603,663,667,827
602,603,759,763,858
602,603,759,763,891
602,604,634,889,890
602,604,668,825,826
602,604,764,889,890
602,604,825,826,858
602,663,666,667,827
602,663,666,826,827
602,665,666,668,825
602,666,668,825,826
602,759,762,763,858
602,759,762,763,891
602,759,762,890,891
602,761,762,764,858
602,761,762,764,889
602,762,764,889,890
603,605,632,637,891
603,605,765,856,861
603,605,827,856,861
603,607,611,639,891
603,607,767,835,863
603,607,827,835,863
603,611,635,639,891
603,627,629,635,891
603,631,634,635,891
603,632,635,637,891
603,757,763,851,859
603,757,851,853,859
603,759,763,858,859
603,759,855,858,859
603,763,765,856,859
603,763,767,835,859
603,765,856,859,861
603,767,835,859,863
603,827,835,859,863
603,827,851,853,859
603,827,855,858,859
603,827,856,859,861
604,634,636,889,892
604,634,889,890,892
604,668,825,826,828
604,764,889,890,892
604,825,826,828,858
604,825,828,858,860
605,632,637,891,893
605,632,888,891,893
605,669,824,827,829
605,765,888,891,893
605,824,827,829,856
605,827,829,856,861
606,609,638,889,894
606,609,865,889,894
606,670,801,825,830
606,766,865,889,894
606,801,825,830,833
606,825,830,833,862
607,611,639,891,895
607,611,867,891,895
607,671,803,827,831
607,767,867,891,895
607,803,827,831,835
607,827,831,835,863
608,609,617,672,873
608,609,638,702,894
608,609,672,702,864
608,609,672,864,873
608,609,702,864,894
608,611,613,677,869
608,611,635,672,891
608,611,672,677,864
608,611,672,864,891
608,611,677,864,869
608,613,619,677,875
608,613,677,869,875
608,614,616,678,870
608,614,617,678,873
608,614,678,870,873
608,616,619,672,875
608,616,672,678,864
608,616,672,864,875
608,616,678,864,870
608,617,672,678,873
608,619,672,677,875
608,632,633,672,889
608,632,637,701,893
608,632,672,701,864
608,632,672,864,889
608,632,701,864,893
608,633,638,702,889
608,633,672,702,889
608,635,637,701,891
608,635,672,701,891
608,637,701,891,893
608,638,702,889,894
608,672,677,864,875
608,672,678,864,873
608,672,701,864,891
608,672,702,864,889
608,677,864,869,875
608,678,864,870,873
608,701,864,891,893
608,702,864,889,894
609,610,612,676,868
609,610,633,674,889
609,610,674,676,866
609,610,674,866,889
609,610,676,866,868
609,612,617,676,873
609,612,676,868,873
609,617,672,681,873
609,617,676,681,873
609,633,638,702,889
609,633,674,697,889
609,633,697,702,889
609,638,702,889,894
609,672,673,681,873
609,672,673,702,864
609,672,673,864,873
609,673,674,676,866
609,673,674,697,889
609,673,674,866,889
609,673,676,681,873
609,673,676,865,866
609,673,676,865,873
609,673,697,702,889
609,673,702,864,865
609,673,702,865,889
609,673,864,865,873
609,673,865,866,889
609,676,865,866,868
609,676,865,868,873
609,702,864,865,894
609,702,865,889,894
610,611,619,674,875
610,611,639,703,895
610,611,674,703,866
610,611,674,866,875
610,611,703,866,895
610,612,617,676,873
610,612,676,868,873
610,615,618,679,871
610,615,619,679,875
610,615,679,871,875
610,617,618,674,873
610,617,674,676,873
610,618,674,679,866
610,618,674,866,873
610,618,679,866,871
610,619,674,679,875
610,633,636,700,889
610,633,674,700,889
610,634,635,674,891
610,634,636,700,892
610,634,674,700,866
610,634,674,866,891
610,634,700,866,892
610,635,639,703,891
610,635,674,703,891
610,636,700,889,892
610,639,703,891,895
610,674,676,866,873
610,674,679,866,875
610,674,700,866,889
610,674,703,866,891
610,676,866,868,873
610,679,866,871,875
610,700,866,889,892
610,703,866,891,895
611,613,619,677,875
611,613,677,869,875
611,619,674,683,875
611,619,677,683,875
611,635,639,703,891
611,635,672,699,891
611,635,699,703,891
611,639,703,891,895
611,672,675,677,864
611,672,675,699,891
611,672,675,864,891
611,674,675,683,875
611,674,675,703,866
611,674,675,866,875
611,675,677,683,875
611,675,677,864,867
611,675,677,867,875
611,675,699,703,891
611,675,703,866,867
611,675,703,867,891
611,675,864,867,891
611,675,866,867,875
611,677,864,867,869
611,677,867,869,875
611,703,866,867,895
611,703,867,891,895
614,616,617,678,873
614,616,678,870,873
615,618,619,679,875
615,618,679,871,875
616,617,624,688,873
616,617,678,681,873
616,617,681,688,873
616,619,621,685,875
616,619,672,683,875
616,619,683,685,875
616,621,624,685,877
616,621,685,875,877
616,624,685,688,880
616,624,685,877,880
616,624,688,873,880
616,672,678,680,864
616,672,680,683,875
616,672,680,864,875
616,678,680,681,873
616,678,680,864,872
616,678,680,872,873
616,678,864,870,872
616,678,870,872,873
616,680,681,688,873
616,680,683,685,875
616,680,685,688,880
616,680,685,872,875
616,680,685,872,880
616,680,688,873,880
616,680,864,872,875
616,680,872,873,880
616,685,872,875,877
616,685,872,877,880
617,618,620,684,873
617,618,674,681,873
617,618,681,684,873
617,620,626,684,873
617,622,624,686,873
617,622,625,686,873
617,624,686,688,873
617,625,626,690,873
617,625,681,686,873
617,625,681,690,873
617,626,684,690,873
617,672,678,681,873
617,674,676,681,873
617,681,684,690,873
617,681,686,688,873
618,619,626,690,875
618,619,679,683,875
618,619,683,690,875
618,620,626,684,876
618,620,684,873,876
618,626,684,690,882
618,626,684,876,882
618,626,690,875,882
618,674,679,682,866
618,674,681,682,873
618,674,682,866,873
618,679,682,683,875
618,679,682,866,874
618,679,682,874,875
618,679,866,871,874
618,679,871,874,875
618,681,682,684,873
618,682,683,690,875
618,682,684,690,882
618,682,684,873,874
618,682,684,874,882
618,682,690,875,882
618,682,866,873,874
618,682,874,875,882
618,684,873,874,876
618,684,874,876,882
619,621,624,685,875
619,623,626,687,875
619,623,627,687,875
619,624,627,688,875
619,624,685,688,875
619,626,687,690,875
619,627,683,687,875
619,627,683,688,875
619,672,677,683,875
619,674,679,683,875
619,683,685,688,875
619,683,687,690,875
620,626,684,873,876
621,624,685,875,877
622,624,625,686,878
622,624,686,873,878
622,625,686,873,878
623,626,627,687,879
623,626,687,875,879
623,627,687,875,879
624,625,633,688,889
624,625,686,688,880
624,625,686,878,880
624,625,688,880,889
624,627,629,693,885
624,627,688,693,880
624,627,688,875,880
624,627,693,880,885
624,629,635,693,891
624,629,693,885,891
624,630,632,694,886
624,630,633,694,889
624,630,694,886,889
624,632,635,688,891
624,632,688,694,880
624,632,688,880,891
624,632,694,880,886
624,633,688,694,889
624,635,688,693,891
624,685,688,875,880
624,685,875,877,880
624,686,688,873,880
624,686,873,878,880
624,688,693,880,891
624,688,694,880,889
624,693,880,885,891
624,694,880,886,889
625,626,628,692,884
625,626,690,692,882
625,626,690,873,882
625,626,692,882,884
625,628,633,692,889
625,628,692,884,889
625,633,688,697,889
625,633,692,697,889
625,681,686,689,873
625,681,689,690,873
625,686,688,689,880
625,686,689,873,881
625,686,689,880,881
625,686,873,878,881
625,686,878,880,881
625,688,689,697,889
625,688,689,880,889
625,689,690,692,882
625,689,690,873,882
625,689,692,697,889
625,689,692,881,882
625,689,692,881,889
625,689,873,881,882
625,689,880,881,889
625,692,881,882,884
625,692,881,884,889
626,627,635,690,891
626,627,687,690,882
626,627,687,879,882
626,627,690,882,891
626,628,633,692,889
626,628,692,884,889
626,631,634,695,887
626,631,635,695,891
626,631,695,887,891
626,633,634,690,889
626,633,690,692,889
626,634,690,695,882
626,634,690,882,889
626,634,695,882,887
626,635,690,695,891
626,684,690,873,882
626,684,873,876,882
626,687,690,875,882
626,687,875,879,882
626,690,692,882,889
626,690,695,882,891
626,692,882,884,889
626,695,882,887,891
627,629,635,693,891
627,629,693,885,891
627,635,690,699,891
627,635,693,699,891
627,683,687,691,875
627,683,688,691,875
627,687,690,691,882
627,687,691,875,883
627,687,691,882,883
627,687,875,879,883
627,687,879,882,883
627,688,691,693,880
627,688,691,875,880
627,690,691,699,891
627,690,691,882,891
627,691,693,699,891
627,691,693,880,883
627,691,693,883,891
627,691,875,880,883
627,691,882,883,891
627,693,880,883,885
627,693,883,885,891
630,632,633,694,889
630,632,694,886,889
631,634,635,695,891
631,634,695,887,891
632,633,672,697,889
632,633,694,697,889
632,635,637,701,891
632,635,688,699,891
632,635,699,701,891
632,637,701,891,893
632,672,696,697,889
632,672,696,701,864
632,672,696,864,889
632,688,694,696,880
632,688,696,699,891
632,688,696,880,891
632,694,696,697,889
632,694,696,880,888
632,694,696,888,889
632,694,880,886,888
632,694,886,888,889
632,696,699,701,891
632,696,701,864,888
632,696,701,888,891
632,696,864,888,889
632,696,880,888,891
632,701,864,888,893
632,701,888,891,893
633,634,636,700,889
633,634,690,697,889
633,634,697,700,889
633,672,697,702,889
633,674,697,700,889
633,688,694,697,889
633,690,692,697,889
634,635,674,699,891
634,635,695,699,891
634,636,700,889,892
634,674,698,699,891
634,674,698,700,866
634,674,698,866,891
634,690,695,698,882
634,690,697,698,889
634,690,698,882,889
634,695,698,699,891
634,695,698,882,890
634,695,698,890,891
634,695,882,887,890
634,695,887,890,891
634,697,698,700,889
634,698,700,866,890
634,698,700,889,890
634,698,866,890,891
634,698,882,889,890
634,700,866,890,892
634,700,889,890,892
635,672,699,701,891
635,674,699,703,891
635,688,693,699,891
635,690,695,699,891
704,705,713,769,809
704,705,734,769,800
704,705,769,800,809
704,707,709,771,800
704,707,731,771,827
704,707,771,800,827
704,709,715,779,811
704,709,768,771,800
704,709,768,779,811
704,709,768,800,811
704,710,712,776,800
704,710,713,777,809
704,710,768,776,800
704,710,768,777,809
704,710,768,800,809
704,712,715,776,811
704,712,776,800,811
704,713,769,777,809
704,715,776,779,811
704,728,729,792,825
704,728,733,792,800
704,728,792,800,825
704,729,734,793,825
704,729,792,793,825
704,731,733,795,827
704,731,771,795,827
704,733,768,792,800
704,733,768,795,827
704,733,768,800,827
704,734,768,769,800
704,734,768,793,825
704,734,768,800,825
704,768,769,777,809
704,768,769,800,809
704,768,771,795,827
704,768,771,800,827
704,768,776,779,811
704,768,776,800,811
704,768,792,793,825
704,768,792,800,825
705,706,708,769,802
705,706,729,769,825
705,706,769,802,825
705,708,713,769,809
705,708,769,801,802
705,708,769,801,809
705,729,734,769,825
705,734,769,800,801
705,734,769,801,825
705,769,800,801,809
705,769,801,802,825
706,707,715,771,811
706,707,735,771,802
706,707,771,802,811
706,708,713,777,809
706,708,769,770,802
706,708,770,777,809
706,708,770,802,809
706,711,714,778,802
706,711,715,779,811
706,711,770,778,802
706,711,770,779,811
706,711,770,802,811
706,713,714,778,809
706,713,777,778,809
706,714,778,802,809
706,715,771,779,811
706,729,732,793,825
706,729,769,793,825
706,730,731,794,827
706,730,732,794,802
706,730,794,802,827
706,731,735,795,827
706,731,794,795,827
706,732,770,793,825
706,732,770,794,802
706,732,770,802,825
706,735,770,771,802
706,735,770,795,827
706,735,770,802,827
706,769,770,793,825
706,769,770,802,825
706,770,771,779,811
706,770,771,802,811
706,770,777,778,809
706,770,778,802,809
706,770,794,795,827
706,770,794,802,827
707,709,715,771,811
707,709,771,800,803
707,709,771,803,811
707,731,735,771,827
707,735,771,802,803
707,735,771,803,827
707,771,800,803,827
707,771,802,803,811
708,713,769,777,809
708,769,770,772,804
708,769,770,802,804
708,769,772,777,809
708,769,772,804,809
708,769,801,802,804
708,769,801,804,809
708,770,772,777,809
708,770,772,804,809
708,770,802,804,809
709,715,771,779,811
709,768,771,773,805
709,768,771,800,805
709,768,773,779,811
709,768,773,805,811
709,768,800,805,811
709,771,773,779,811
709,771,773,805,811
709,771,800,803,805
709,771,803,805,811
710,712,713,776,809
710,712,776,800,808
710,712,776,808,809
710,713,776,777,809
710,768,774,776,806
710,768,774,777,809
710,768,774,806,809
710,768,776,800,806
710,768,800,806,809
710,774,776,777,809
710,774,776,806,809
710,776,800,806,808
710,776,806,808,809
711,714,715,778,811
711,714,778,802,810
711,714,778,810,811
711,715,778,779,811
711,770,775,778,807
711,770,775,779,811
711,770,775,807,811
711,770,778,802,807
711,770,802,807,811
711,775,778,779,811
711,775,778,807,811
711,778,802,807,810
711,778,807,810,811
712,713,720,776,809
712,715,717,776,811
712,717,720,776,816
712,717,776,808,811
712,717,776,808,816
712,720,776,809,816
712,776,800,808,811
712,776,808,809,816
713,714,716,778,809
713,716,722,777,809
713,716,777,778,809
713,718,720,777,809
713,718,721,785,809
713,718,777,785,809
713,720,776,777,809
713,721,722,785,809
713,722,777,785,809
714,715,722,778,811
714,716,722,778,818
714,716,778,809,810
714,716,778,810,818
714,722,778,811,818
714,778,802,809,810
714,778,810,811,818
715,717,720,779,811
715,717,776,779,811
715,719,722,779,811
715,719,723,787,811
715,719,779,787,811
715,720,723,787,811
715,720,779,787,811
715,722,778,779,811
716,722,777,786,809
716,722,778,786,818
716,722,786,809,818
716,777,778,780,809
716,777,780,786,809
716,778,780,786,812
716,778,780,809,812
716,778,786,812,818
716,778,809,810,812
716,778,810,812,818
716,780,786,809,812
716,786,809,812,818
717,720,776,784,816
717,720,779,784,811
717,720,784,811,816
717,776,779,781,811
717,776,781,784,813
717,776,781,811,813
717,776,784,813,816
717,776,808,811,813
717,776,808,813,816
717,779,781,784,811
717,781,784,811,813
717,784,811,813,816
718,720,721,785,816
718,720,777,784,809
718,720,784,785,816
718,720,784,809,816
718,721,785,809,817
718,721,785,816,817
718,777,782,784,809
718,777,782,785,809
718,782,784,785,814
718,782,784,809,814
718,782,785,809,814
718,784,785,814,816
718,784,809,814,816
718,785,809,814,817
718,785,814,816,817
719,722,723,787,818
719,722,779,786,811
719,722,786,787,818
719,722,786,811,818
719,723,787,811,819
719,723,787,818,819
719,779,783,786,811
719,779,783,787,811
719,783,786,787,815
719,783,786,811,815
719,783,787,811,815
719,786,787,815,818
719,786,811,815,818
719,787,811,815,819
719,787,815,818,819
720,721,729,785,825
720,721,785,816,825
720,723,725,787,816
720,723,787,811,816
720,725,731,795,827
720,725,784,787,816
720,725,784,795,827
720,725,784,816,827
720,726,728,792,816
720,726,729,793,825
720,726,784,792,816
720,726,784,793,825
720,726,784,816,825
720,728,731,792,827
720,728,792,816,827
720,729,785,793,825
720,731,792,795,827
720,776,777,784,809
720,776,784,809,816
720,779,784,787,811
720,784,785,793,825
720,784,785,816,825
720,784,787,811,816
720,784,792,795,827
720,784,792,816,827
721,722,724,785,818
721,722,785,809,818
721,724,729,785,825
721,724,785,817,818
721,724,785,817,825
721,785,809,817,818
721,785,816,817,825
722,723,731,787,827
722,723,787,818,827
722,724,729,793,825
722,724,785,786,818
722,724,786,793,825
722,724,786,818,825
722,727,730,794,818
722,727,731,795,827
722,727,786,794,818
722,727,786,795,827
722,727,786,818,827
722,729,730,794,825
722,729,793,794,825
722,730,794,818,825
722,731,787,795,827
722,777,785,786,809
722,778,779,786,811
722,778,786,811,818
722,785,786,809,818
722,786,787,795,827
722,786,787,818,827
722,786,793,794,825
722,786,794,818,825
723,725,731,787,827
723,725,787,816,819
723,725,787,819,827
723,787,811,816,819
723,787,818,819,827
724,729,785,793,825
724,785,786,788,820
724,785,786,818,820
724,785,788,793,825
724,785,788,820,825
724,785,817,818,820
724,785,817,820,825
724,786,788,793,825
724,786,788,820,825
724,786,818,820,825
725,731,787,795,827
725,784,787,789,821
725,784,787,816,821
725,784,789,795,827
725,784,789,821,827
725,784,816,821,827
725,787,789,795,827
725,787,789,821,827
725,787,816,819,821
725,787,819,821,827
726,728,729,792,825
726,728,792,816,824
726,728,792,824,825
726,729,792,793,825
726,784,790,792,822
726,784,790,793,825
726,784,790,822,825
726,784,792,816,822
726,784,816,822,825
726,790,792,793,825
726,790,792,822,825
726,792,816,822,824
726,792,822,824,825
727,730,731,794,827
727,730,794,818,826
727,730,794,826,827
727,731,794,795,827
727,786,791,794,823
727,786,791,795,827
727,786,791,823,827
727,786,794,818,823
727,786,818,823,827
727,791,794,795,827
727,791,794,823,827
727,794,818,823,826
727,794,823,826,827
728,731,733,792,827
728,733,792,800,824
728,733,792,824,827
728,792,800,824,825
728,792,816,824,827
729,730,732,794,825
729,732,793,794,825
729,734,769,793,825
730,732,794,802,826
730,732,794,825,826
730,794,802,826,827
730,794,818,825,826
731,733,792,795,827
731,735,771,795,827
732,770,793,796,825
732,770,794,796,828
732,770,794,802,828
732,770,796,825,828
732,770,802,825,828
732,793,794,796,825
732,794,796,825,828
732,794,802,826,828
732,794,825,826,828
733,768,792,797,829
733,768,792,800,829
733,768,795,797,827
733,768,797,827,829
733,768,800,827,829
733,792,795,797,827
733,792,797,827,829
733,792,800,824,829
733,792,824,827,829
734,768,769,798,830
734,768,769,800,830
734,768,793,798,825
734,768,798,825,830
734,768,800,825,830
734,769,793,798,825
734,769,798,825,830
734,769,800,801,830
734,769,801,825,830
735,770,771,799,831
735,770,771,802,831
735,770,795,799,827
735,770,799,827,831
735,770,802,827,831
735,771,795,799,827
735,771,799,827,831
735,771,802,803,831
735,771,803,827,831
736,737,745,833,873
736,737,766,833,864
736,737,833,864,873
736,739,741,835,864
736,739,763,835,891
736,739,835,864,891
736,741,747,843,875
736,741,832,835,864
736,741,832,843,875
736,741,832,864,875
736,742,744,840,864
736,742,745,841,873
736,742,832,840,864
736,742,832,841,873
736,742,832,864,873
736,744,747,840,875
736,744,840,864,875
736,745,833,841,873
736,747,840,843,875
736,760,761,856,889
736,760,765,856,864
736,760,856,864,889
736,761,766,857,889
736,761,856,857,889
736,763,765,859,891
736,763,835,859,891
736,765,832,856,864
736,765,832,859,891
736,765,832,864,891
736,766,832,833,864
736,766,832,857,889
736,766,832,864,889
736,832,833,841,873
736,832,833,864,873
736,832,835,859,891
736,832,835,864,891
736,832,840,843,875
736,832,840,864,875
736,832,856,857,889
736,832,856,864,889
737,738,740,833,866
737,738,761,833,889
737,738,833,866,889
737,740,745,833,873
737,740,833,865,866
737,740,833,865,873
737,761,766,833,889
737,766,833,864,865
737,766,833,865,889
737,833,864,865,873
737,833,865,866,889
738,739,747,835,875
738,739,767,835,866
738,739,835,866,875
738,740,745,841,873
738,740,833,834,866
738,740,834,841,873
738,740,834,866,873
738,743,746,842,866
738,743,747,843,875
738,743,834,842,866
738,743,834,843,875
738,743,834,866,875
738,745,746,842,873
738,745,841,842,873
738,746,842,866,873
738,747,835,843,875
738,761,764,857,889
738,761,833,857,889
738,762,763,858,891
738,762,764,858,866
738,762,858,866,891
738,763,767,859,891
738,763,858,859,891
738,764,834,857,889
738,764,834,858,866
738,764,834,866,889
738,767,834,835,866
738,767,834,859,891
738,767,834,866,891
738,833,834,857,889
738,833,834,866,889
738,834,835,843,875
738,834,835,866,875
738,834,841,842,873
738,834,842,866,873
738,834,858,859,891
738,834,858,866,891
739,741,747,835,875
739,741,835,864,867
739,741,835,867,875
739,763,767,835,891
739,767,835,866,867
739,767,835,867,891
739,835,864,867,891
739,835,866,867,875
740,745,833,841,873
740,833,834,836,868
740,833,834,866,868
740,833,836,841,873
740,833,836,868,873
740,833,865,866,868
740,833,865,868,873
740,834,836,841,873
740,834,836,868,873
740,834,866,868,873
741,747,835,843,875
741,832,835,837,869
741,832,835,864,869
741,832,837,843,875
741,832,837,869,875
741,832,864,869,875
741,835,837,843,875
741,835,837,869,875
741,835,864,867,869
741,835,867,869,875
742,744,745,840,873
742,744,840,864,872
742,744,840,872,873
742,745,840,841,873
742,832,838,840,870
742,832,838,841,873
742,832,838,870,873
742,832,840,864,870
742,832,864,870,873
742,838,840,841,873
742,838,840,870,873
742,840,864,870,872
742,840,870,872,873
743,746,747,842,875
743,746,842,866,874
743,746,842,874,875
743,747,842,843,875
743,834,839,842,871
743,834,839,843,875
743,834,839,871,875
743,834,842,866,871
743,834,866,871,875
743,839,842,843,875
743,839,842,871,875
743,842,866,871,874
743,842,871,874,875
744,745,752,840,873
744,747,749,840,875
744,749,752,840,880
744,749,840,872,875
744,749,840,872,880
744,752,840,873,880
744,840,864,872,875
744,840,872,873,880
745,746,748,842,873
745,748,754,841,873
745,748,841,842,873
745,750,752,841,873
745,750,753,849,873
745,750,841,849,873
745,752,840,841,873
745,753,754,849,873
745,754,841,849,873
746,747,754,842,875
746,748,754,842,882
746,748,842,873,874
746,748,842,874,882
746,754,842,875,882
746,842,866,873,874
746,842,874,875,882
747,749,752,843,875
747,749,840,843,875
747,751,754,843,875
747,751,755,851,875
747,751,843,851,875
747,752,755,851,875
747,752,843,851,875
747,754,842,843,875
748,754,841,850,873
748,754,842,850,882
748,754,850,873,882
748,841,842,844,873
748,841,844,850,873
748,842,844,850,876
748,842,844,873,876
748,842,850,876,882
748,842,873,874,876
748,842,874,876,882
748,844,850,873,876
748,850,873,876,882
749,752,840,848,880
749,752,843,848,875
749,752,848,875,880
749,840,843,845,875
749,840,845,848,877
749,840,845,875,877
749,840,848,877,880
749,840,872,875,877
749,840,872,877,880
749,843,845,848,875
749,845,848,875,877
749,848,875,877,880
750,752,753,849,880
750,752,841,848,873
750,752,848,849,880
750,752,848,873,880
750,753,849,873,881
750,753,849,880,881
750,841,846,848,873
750,841,846,849,873
750,846,848,849,878
750,846,848,873,878
750,846,849,873,878
750,848,849,878,880
750,848,873,878,880
750,849,873,878,881
750,849,878,880,881
751,754,755,851,882
751,754,843,850,875
751,754,850,851,882
751,754,850,875,882
751,755,851,875,883
751,755,851,882,883
751,843,847,850,875
751,843,847,851,875
751,847,850,851,879
751,847,850,875,879
751,847,851,875,879
751,850,851,879,882
751,850,875,879,882
751,851,875,879,883
751,851,879,882,883
752,753,761,849,889
752,753,849,880,889
752,755,757,851,880
752,755,851,875,880
752,757,763,859,891
752,757,848,851,880
752,757,848,859,891
752,757,848,880,891
752,758,760,856,880
752,758,761,857,889
752,758,848,856,880
752,758,848,857,889
752,758,848,880,889
752,760,763,856,891
752,760,856,880,891
752,761,849,857,889
752,763,856,859,891
752,840,841,848,873
752,840,848,873,880
752,843,848,851,875
752,848,849,857,889
752,848,849,880,889
752,848,851,875,880
752,848,856,859,891
752,848,856,880,891
753,754,756,849,882
753,754,849,873,882
753,756,761,849,889
753,756,849,881,882
753,756,849,881,889
753,849,873,881,882
753,849,880,881,889
754,755,763,851,891
754,755,851,882,891
754,756,761,857,889
754,756,849,850,882
754,756,850,857,889
754,756,850,882,889
754,759,762,858,882
754,759,763,859,891
754,759,850,858,882
754,759,850,859,891
754,759,850,882,891
754,761,762,858,889
754,761,857,858,889
754,762,858,882,889
754,763,851,859,891
754,841,849,850,873
754,842,843,850,875
754,842,850,875,882
754,849,850,873,882
754,850,851,859,891
754,850,851,882,891
754,850,857,858,889
754,850,858,882,889
755,757,763,851,891
755,757,851,880,883
755,757,851,883,891
755,851,875,880,883
755,851,882,883,891
756,761,849,857,889
756,849,850,852,884
756,849,850,882,884
756,849,852,857,889
756,849,852,884,889
756,849,881,882,884
756,849,881,884,889
756,850,852,857,889
756,850,852,884,889
756,850,882,884,889
757,763,851,859,891
757,848,851,853,885
757,848,851,880,885
757,848,853,859,891
757,848,853,885,891
757,848,880,885,891
757,851,853,859,891
757,851,853,885,891
757,851,880,883,885
757,851,883,885,891
758,760,761,856,889
758,760,856,880,888
758,760,856,888,889
758,761,856,857,889
758,848,854,856,886
758,848,854,857,889
758,848,854,886,889
758,848,856,880,886
758,848,880,886,889
758,854,856,857,889
758,854,856,886,889
758,856,880,886,888
758,856,886,888,889
759,762,763,858,891
759,762,858,882,890
759,762,858,890,891
759,763,858,859,891
759,850,855,858,887
759,850,855,859,891
759,850,855,887,891
759,850,858,882,887
759,850,882,887,891
759,855,858,859,891
759,855,858,887,891
759,858,882,887,890
759,858,887,890,891
760,763,765,856,891
760,765,856,864,888
760,765,856,888,891
760,856,864,888,889
760,856,880,888,891
761,762,764,858,889
761,764,857,858,889
761,766,833,857,889
762,764,858,866,890
762,764,858,889,890
762,858,866,890,891
762,858,882,889,890
763,765,856,859,891
763,767,835,859,891
764,834,857,860,889
764,834,858,860,892
764,834,858,866,892
764,834,860,889,892
764,834,866,889,892
764,857,858,860,889
764,858,860,889,892
764,858,866,890,892
764,858,889,890,892
765,832,856,861,893
765,832,856,864,893
765,832,859,861,891
765,832,861,891,893
765,832,864,891,893
765,856,859,861,891
765,856,861,891,893
765,856,864,888,893
765,856,888,891,893
766,832,833,862,894
766,832,833,864,894
766,832,857,862,889
766,832,862,889,894
766,832,864,889,894
766,833,857,862,889
766,833,862,889,894
766,833,864,865,894
766,833,865,889,894
767,834,835,863,895
767,834,835,866,895
767,834,859,863,891
767,834,863,891,895
767,834,866,891,895
767,835,859,863,891
767,835,863,891,895
767,835,866,867,895
767,835,867,891,895
768,769,777,873,928
768,769,798,894,958
768,769,864,873,928
768,769,864,894,958
768,769,864,928,958
768,771,773,869,933
768,771,795,891,928
768,771,864,869,933
768,771,864,891,928
768,771,864,928,933
768,773,779,875,933
768,773,869,875,933
768,774,776,870,934
768,774,777,873,934
768,774,870,873,934
768,776,779,875,928
768,776,864,870,934
768,776,864,875,928
768,776,864,928,934
768,777,873,928,934
768,779,875,928,933
768,792,793,889,928
768,792,797,893,957
768,792,864,889,928
768,792,864,893,957
768,792,864,928,957
768,793,798,889,958
768,793,889,928,958
768,795,797,891,957
768,795,891,928,957
768,797,891,893,957
768,798,889,894,958
768,864,869,875,933
768,864,870,873,934
768,864,873,928,934
768,864,875,928,933
768,864,889,894,958
768,864,889,928,958
768,864,891,893,957
768,864,891,928,957
769,770,772,868,932
769,770,793,889,930
769,770,866,868,932
769,770,866,889,930
769,770,866,930,932
769,772,777,873,932
769,772,868,873,932
769,777,873,928,937
769,777,873,932,937
769,793,798,889,958
769,793,889,930,953
769,793,889,953,958
769,798,889,894,958
769,864,865,873,929
769,864,865,894,958
769,864,865,929,958
769,864,873,928,929
769,864,928,929,958
769,865,866,868,932
769,865,866,889,929
769,865,866,929,932
769,865,868,873,932
769,865,873,929,932
769,865,889,894,958
769,865,889,929,958
769,866,889,929,930
769,866,929,930,932
769,873,928,929,937
769,873,929,932,937
769,889,929,930,953
769,889,929,953,958
770,771,779,875,930
770,771,799,895,959
770,771,866,875,930
770,771,866,895,959
770,771,866,930,959
770,772,777,873,932
770,772,868,873,932
770,775,778,871,935
770,775,779,875,935
770,775,871,875,935
770,777,778,873,930
770,777,873,930,932
770,778,866,871,935
770,778,866,873,930
770,778,866,930,935
770,779,875,930,935
770,793,796,889,956
770,793,889,930,956
770,794,795,891,930
770,794,796,892,956
770,794,866,891,930
770,794,866,892,956
770,794,866,930,956
770,795,799,891,959
770,795,891,930,959
770,796,889,892,956
770,799,891,895,959
770,866,868,873,932
770,866,871,875,935
770,866,873,930,932
770,866,875,930,935
770,866,889,892,956
770,866,889,930,956
770,866,891,895,959
770,866,891,930,959
771,773,779,875,933
771,773,869,875,933
771,779,875,930,939
771,779,875,933,939
771,795,799,891,959
771,795,891,928,955
771,795,891,955,959
771,799,891,895,959
771,864,867,869,933
771,864,867,891,931
771,864,867,931,933
771,864,891,928,931
771,864,928,931,933
771,866,867,875,931
771,866,867,895,959
771,866,867,931,959
771,866,875,930,931
771,866,930,931,959
771,867,869,875,933
771,867,875,931,933
771,867,891,895,959
771,867,891,931,959
771,875,930,931,939
771,875,931,933,939
771,891,928,931,955
771,891,931,955,959
774,776,777,873,934
774,776,870,873,934
775,778,779,875,935
775,778,871,875,935
776,777,784,873,944
776,777,873,934,937
776,777,873,937,944
776,779,781,875,941
776,779,875,928,939
776,779,875,939,941
776,781,784,877,941
776,781,875,877,941
776,784,873,880,944
776,784,877,880,941
776,784,880,941,944
776,864,870,872,934
776,864,872,875,936
776,864,872,934,936
776,864,875,928,936
776,864,928,934,936
776,870,872,873,934
776,872,873,880,936
776,872,873,934,936
776,872,875,877,941
776,872,875,936,941
776,872,877,880,941
776,872,880,936,941
776,873,880,936,944
776,873,934,936,937
776,873,936,937,944
776,875,928,936,939
776,875,936,939,941
776,880,936,941,944
777,778,780,873,940
777,778,873,930,937
777,778,873,937,940
777,780,786,873,940
777,782,784,873,942
777,782,785,873,942
777,784,873,942,944
777,785,786,873,946
777,785,873,937,942
777,785,873,937,946
777,786,873,940,946
777,873,928,934,937
777,873,930,932,937
777,873,937,940,946
777,873,937,942,944
778,779,786,875,946
778,779,875,935,939
778,779,875,939,946
778,780,786,876,940
778,780,873,876,940
778,786,875,882,946
778,786,876,882,940
778,786,882,940,946
778,866,871,874,935
778,866,873,874,938
778,866,873,930,938
778,866,874,935,938
778,866,930,935,938
778,871,874,875,935
778,873,874,876,940
778,873,874,938,940
778,873,930,937,938
778,873,937,938,940
778,874,875,882,938
778,874,875,935,938
778,874,876,882,940
778,874,882,938,940
778,875,882,938,946
778,875,935,938,939
778,875,938,939,946
778,882,938,940,946
779,781,784,875,941
779,783,786,875,943
779,783,787,875,943
779,784,787,875,944
779,784,875,941,944
779,786,875,943,946
779,787,875,939,943
779,787,875,939,944
779,875,928,933,939
779,875,930,935,939
779,875,939,941,944
779,875,939,943,946
780,786,873,876,940
781,784,875,877,941
782,784,785,878,942
782,784,873,878,942
782,785,873,878,942
783,786,787,879,943
783,786,875,879,943
783,787,875,879,943
784,785,793,889,944
784,785,878,880,942
784,785,880,889,944
784,785,880,942,944
784,787,789,885,949
784,787,875,880,944
784,787,880,885,949
784,787,880,944,949
784,789,795,891,949
784,789,885,891,949
784,790,792,886,950
784,790,793,889,950
784,790,886,889,950
784,792,795,891,944
784,792,880,886,950
784,792,880,891,944
784,792,880,944,950
784,793,889,944,950
784,795,891,944,949
784,873,878,880,942
784,873,880,942,944
784,875,877,880,941
784,875,880,941,944
784,880,885,891,949
784,880,886,889,950
784,880,889,944,950
784,880,891,944,949
785,786,788,884,948
785,786,873,882,946
785,786,882,884,948
785,786,882,946,948
785,788,793,889,948
785,788,884,889,948
785,793,889,944,953
785,793,889,948,953
785,873,878,881,942
785,873,881,882,945
785,873,881,942,945
785,873,882,945,946
785,873,937,942,945
785,873,937,945,946
785,878,880,881,942
785,880,881,889,945
785,880,881,942,945
785,880,889,944,945
785,880,942,944,945
785,881,882,884,948
785,881,882,945,948
785,881,884,889,948
785,881,889,945,948
785,882,945,946,948
785,889,944,945,953
785,889,945,948,953
786,787,795,891,946
786,787,879,882,943
786,787,882,891,946
786,787,882,943,946
786,788,793,889,948
786,788,884,889,948
786,791,794,887,951
786,791,795,891,951
786,791,887,891,951
786,793,794,889,946
786,793,889,946,948
786,794,882,887,951
786,794,882,889,946
786,794,882,946,951
786,795,891,946,951
786,873,876,882,940
786,873,882,940,946
786,875,879,882,943
786,875,882,943,946
786,882,884,889,948
786,882,887,891,951
786,882,889,946,948
786,882,891,946,951
787,789,795,891,949
787,789,885,891,949
787,795,891,946,955
787,795,891,949,955
787,875,879,883,943
787,875,880,883,947
787,875,880,944,947
787,875,883,943,947
787,875,939,943,947
787,875,939,944,947
787,879,882,883,943
787,880,883,885,949
787,880,883,947,949
787,880,944,947,949
787,882,883,891,947
787,882,883,943,947
787,882,891,946,947
787,882,943,946,947
787,883,885,891,949
787,883,891,947,949
787,891,946,947,955
787,891,947,949,955
790,792,793,889,950
790,792,886,889,950
791,794,795,891,951
791,794,887,891,951
792,793,889,928,953
792,793,889,950,953
792,795,797,891,957
792,795,891,944,955
792,795,891,955,957
792,797,891,893,957
792,864,888,889,952
792,864,888,893,957
792,864,888,952,957
792,864,889,928,952
792,864,928,952,957
792,880,886,888,950
792,880,888,891,952
792,880,888,950,952
792,880,891,944,952
792,880,944,950,952
792,886,888,889,950
792,888,889,950,952
792,888,891,893,957
792,888,891,952,957
792,889,928,952,953
792,889,950,952,953
792,891,944,952,955
792,891,952,955,957
793,794,796,889,956
793,794,889,946,953
793,794,889,953,956
793,889,928,953,958
793,889,930,953,956
793,889,944,950,953
793,889,946,948,953
794,795,891,930,955
794,795,891,951,955
794,796,889,892,956
794,866,890,891,954
794,866,890,892,956
794,866,890,954,956
794,866,891,930,954
794,866,930,954,956
794,882,887,890,951
794,882,889,890,954
794,882,889,946,954
794,882,890,951,954
794,882,946,951,954
794,887,890,891,951
794,889,890,892,956
794,889,890,954,956
794,889,946,953,954
794,889,953,954,956
794,890,891,951,954
794,891,930,954,955
794,891,951,954,955
795,891,928,955,957
795,891,930,955,959
795,891,944,949,955
795,891,946,951,955
800,801,809,833,897
800,801,830,833,926
800,801,833,897,926
800,803,805,835,901
800,803,827,835,899
800,803,835,899,901
800,805,811,832,901
800,805,832,835,901
800,806,808,840,902
800,806,809,832,902
800,806,832,840,902
800,808,811,840,904
800,808,840,902,904
800,809,832,833,896
800,809,832,896,902
800,809,833,896,897
800,811,832,840,896
800,811,832,896,901
800,811,840,896,904
800,824,825,856,920
800,824,829,856,925
800,824,856,920,925
800,825,830,832,926
800,825,832,856,896
800,825,832,896,926
800,825,856,896,920
800,827,829,832,925
800,827,832,835,896
800,827,832,896,925
800,827,835,896,899
800,829,832,856,925
800,830,832,833,926
800,832,833,896,926
800,832,835,896,901
800,832,840,896,902
800,832,856,896,925
800,833,896,897,926
800,835,896,899,901
800,840,896,902,904
800,856,896,920,925
801,802,804,833,900
801,802,825,833,897
801,802,833,897,900
801,804,809,833,900
801,809,833,897,900
801,825,830,833,926
801,825,833,897,926
802,803,811,835,899
802,803,831,835,927
802,803,835,899,927
802,804,809,834,900
802,804,833,834,900
802,807,810,842,903
802,807,811,834,903
802,807,834,842,903
802,809,810,842,906
802,809,834,842,898
802,809,834,898,900
802,809,842,898,906
802,810,842,903,906
802,811,834,835,898
802,811,834,898,903
802,811,835,898,899
802,825,828,834,924
802,825,833,834,898
802,825,833,897,898
802,825,834,898,924
802,826,827,858,922
802,826,828,858,924
802,826,858,922,924
802,827,831,834,927
802,827,834,858,898
802,827,834,898,927
802,827,858,898,922
802,828,834,858,924
802,831,834,835,927
802,833,834,898,900
802,833,897,898,900
802,834,835,898,927
802,834,842,898,903
802,834,858,898,924
802,835,898,899,927
802,842,898,903,906
802,858,898,922,924
803,805,811,835,901
803,811,835,899,901
803,827,831,835,927
803,827,835,899,927
804,809,833,836,900
804,809,834,836,900
804,833,834,836,900
805,811,832,837,901
805,811,835,837,901
805,832,835,837,901
806,808,809,840,902
806,809,832,838,902
806,809,838,840,902
806,832,838,840,902
807,810,811,842,903
807,811,834,839,903
807,811,839,842,903
807,834,839,842,903
808,809,816,840,904
808,809,840,902,904
808,811,813,840,909
808,811,840,904,909
808,813,816,840,909
808,816,840,904,909
809,810,812,842,908
809,810,842,906,908
809,812,818,850,908
809,812,842,844,908
809,812,844,850,908
809,814,816,848,910
809,814,817,849,910
809,814,846,848,910
809,814,846,849,910
809,816,840,848,912
809,816,840,904,912
809,816,848,910,912
809,817,818,849,913
809,817,849,910,913
809,818,849,850,914
809,818,849,913,914
809,818,850,908,914
809,832,833,841,896
809,832,838,841,902
809,832,841,896,902
809,833,836,841,900
809,833,841,896,905
809,833,841,900,905
809,833,896,897,905
809,833,897,900,905
809,834,836,841,900
809,834,841,842,898
809,834,841,898,900
809,838,840,841,902
809,840,841,848,912
809,840,841,902,905
809,840,841,905,912
809,840,902,904,905
809,840,904,905,912
809,841,842,844,908
809,841,842,898,905
809,841,842,905,908
809,841,844,850,908
809,841,846,848,910
809,841,846,849,910
809,841,848,910,912
809,841,849,850,914
809,841,849,905,910
809,841,849,905,914
809,841,850,908,914
809,841,896,902,905
809,841,898,900,905
809,841,905,908,914
809,841,905,910,912
809,842,898,905,906
809,842,905,906,908
809,849,905,910,913
809,849,905,913,914
810,811,818,842,906
810,811,842,903,906
810,812,818,842,908
810,818,842,906,908
811,813,816,848,909
811,813,840,845,909
811,813,845,848,909
811,815,818,850,911
811,815,819,851,911
811,815,847,850,911
811,815,847,851,911
811,816,819,851,915
811,816,848,851,912
811,816,848,909,912
811,816,851,912,915
811,818,842,850,914
811,818,842,906,914
811,818,850,911,914
811,819,851,911,915
811,832,837,843,901
811,832,840,843,896
811,832,843,896,901
811,834,835,843,898
811,834,839,843,903
811,834,843,898,903
811,835,837,843,901
811,835,843,898,907
811,835,843,901,907
811,835,898,899,907
811,835,899,901,907
811,839,842,843,903
811,840,843,845,909
811,840,843,896,907
811,840,843,907,909
811,840,896,904,907
811,840,904,907,909
811,842,843,850,914
811,842,843,903,907
811,842,843,907,914
811,842,903,906,907
811,842,906,907,914
811,843,845,848,909
811,843,847,850,911
811,843,847,851,911
811,843,848,851,912
811,843,848,909,912
811,843,850,911,914
811,843,851,907,911
811,843,851,907,912
811,843,896,901,907
811,843,898,903,907
811,843,907,909,912
811,843,907,911,914
811,851,907,911,915
811,851,907,912,915
812,818,842,850,908
812,842,844,850,908
813,816,840,848,909
813,840,845,848,909
814,816,817,849,910
814,816,848,849,910
814,846,848,849,910
815,818,819,851,911
815,818,850,851,911
815,847,850,851,911
816,817,825,849,913
816,817,849,910,913
816,819,821,851,917
816,819,851,915,917
816,821,827,848,917
816,821,848,851,917
816,822,824,856,918
816,822,825,848,918
816,822,848,856,918
816,824,827,856,920
816,824,856,918,920
816,825,848,849,912
816,825,848,912,918
816,825,849,912,913
816,827,848,856,912
816,827,848,912,917
816,827,856,912,920
816,840,848,909,912
816,840,904,909,912
816,848,849,910,912
816,848,851,912,917
816,848,856,912,918
816,849,910,912,913
816,851,912,915,917
816,856,912,918,920
817,818,820,849,916
817,818,849,913,916
817,820,825,849,916
817,825,849,913,916
818,819,827,851,915
818,819,851,911,915
818,820,825,850,916
818,820,849,850,916
818,823,826,858,919
818,823,827,850,919
818,823,850,858,919
818,825,826,858,922
818,825,850,858,914
818,825,850,914,916
818,825,858,914,922
818,826,858,919,922
818,827,850,851,914
818,827,850,914,919
818,827,851,914,915
818,842,850,908,914
818,842,906,908,914
818,849,850,914,916
818,849,913,914,916
818,850,851,911,914
818,850,858,914,919
818,851,911,914,915
818,858,914,919,922
819,821,827,851,917
819,827,851,915,917
820,825,849,852,916
820,825,850,852,916
820,849,850,852,916
821,827,848,853,917
821,827,851,853,917
821,848,851,853,917
822,824,825,856,918
822,825,848,854,918
822,825,854,856,918
822,848,854,856,918
823,826,827,858,919
823,827,850,855,919
823,827,855,858,919
823,850,855,858,919
824,825,856,918,920
824,827,829,856,925
824,827,856,920,925
825,826,828,858,924
825,826,858,922,924
825,828,834,860,924
825,828,858,860,924
825,830,832,862,926
825,830,833,862,926
825,832,856,857,896
825,832,857,862,926
825,832,857,896,926
825,833,834,857,898
825,833,857,862,926
825,833,857,898,921
825,833,857,921,926
825,833,897,898,921
825,833,897,921,926
825,834,857,860,924
825,834,857,898,924
825,848,849,857,912
825,848,854,857,918
825,848,857,912,918
825,849,852,857,916
825,849,857,912,921
825,849,857,916,921
825,849,912,913,921
825,849,913,916,921
825,850,852,857,916
825,850,857,858,914
825,850,857,914,916
825,854,856,857,918
825,856,857,896,921
825,856,857,918,921
825,856,896,920,921
825,856,918,920,921
825,857,858,860,924
825,857,858,914,921
825,857,858,921,924
825,857,896,921,926
825,857,898,921,924
825,857,912,918,921
825,857,914,916,921
825,858,914,921,922
825,858,921,922,924
826,827,858,919,922
827,829,832,861,925
827,829,856,861,925
827,831,834,863,927
827,831,835,863,927
827,832,835,859,896
827,832,859,861,925
827,832,859,896,925
827,834,858,859,898
827,834,859,863,927
827,834,859,898,927
827,835,859,863,927
827,835,859,896,923
827,835,859,923,927
827,835,896,899,923
827,835,899,923,927
827,848,853,859,917
827,848,856,859,912
827,848,859,912,917
827,850,851,859,914
827,850,855,859,919
827,850,859,914,919
827,851,853,859,917
827,851,859,914,923
827,851,859,917,923
827,851,914,915,923
827,851,915,917,923
827,855,858,859,919
827,856,859,861,925
827,856,859,912,923
827,856,859,923,925
827,856,912,920,923
827,856,920,923,925
827,858,859,898,923
827,858,859,919,923
827,858,898,922,923
827,858,919,922,923
827,859,896,923,925
827,859,898,923,927
827,859,912,917,923
827,859,914,919,923
828,834,858,860,924
829,832,856,861,925
830,832,833,862,926
831,834,835,863,927
